-- phpMyAdmin SQL Dump
-- version 5.2.0
-- https://www.phpmyadmin.net/
--
-- Host: 127.0.0.1
-- Generation Time: Oct 03, 2024 at 08:27 PM
-- Server version: 10.4.25-MariaDB
-- PHP Version: 8.0.23

SET SQL_MODE = "NO_AUTO_VALUE_ON_ZERO";
START TRANSACTION;
SET time_zone = "+00:00";


/*!40101 SET @OLD_CHARACTER_SET_CLIENT=@@CHARACTER_SET_CLIENT */;
/*!40101 SET @OLD_CHARACTER_SET_RESULTS=@@CHARACTER_SET_RESULTS */;
/*!40101 SET @OLD_COLLATION_CONNECTION=@@COLLATION_CONNECTION */;
/*!40101 SET NAMES utf8mb4 */;

--
-- Database: `tms.demo`
--

-- --------------------------------------------------------

--
-- Table structure for table `agents`
--

CREATE TABLE `agents` (
  `id` int(11) NOT NULL,
  `company_id` int(11) NOT NULL,
  `email` varchar(50) COLLATE utf8mb4_unicode_ci NOT NULL,
  `password` varchar(65) COLLATE utf8mb4_unicode_ci NOT NULL,
  `firstname` varchar(50) COLLATE utf8mb4_unicode_ci NOT NULL,
  `lastname` varchar(50) COLLATE utf8mb4_unicode_ci NOT NULL,
  `telephone` varchar(50) COLLATE utf8mb4_unicode_ci NOT NULL,
  `is_approved` int(11) NOT NULL DEFAULT 0,
  `is_deleted` int(11) NOT NULL DEFAULT 0,
  `created_at` datetime NOT NULL DEFAULT current_timestamp(),
  `updated_at` datetime NOT NULL DEFAULT current_timestamp()
) ENGINE=InnoDB DEFAULT CHARSET=utf8mb4 COLLATE=utf8mb4_unicode_ci;

-- --------------------------------------------------------

--
-- Table structure for table `banks`
--

CREATE TABLE `banks` (
  `id` int(11) NOT NULL,
  `name` varchar(150) COLLATE utf8mb4_unicode_ci NOT NULL,
  `slug` varchar(150) COLLATE utf8mb4_unicode_ci NOT NULL,
  `is_daleted` int(11) NOT NULL,
  `created_at` datetime NOT NULL,
  `updated_at` datetime NOT NULL
) ENGINE=InnoDB DEFAULT CHARSET=utf8mb4 COLLATE=utf8mb4_unicode_ci;

--
-- Dumping data for table `banks`
--

INSERT INTO `banks` (`id`, `name`, `slug`, `is_daleted`, `created_at`, `updated_at`) VALUES
(1, 'ธนาคารกรุงเทพ จำกัด (มหาชน)', 'ธนาคารกรุงเทพ-จำกัด-(มหาชน)', 0, '2022-06-10 09:44:44', '2022-06-29 16:29:28'),
(2, 'ธนาคารกรุงไทย จำกัด (มหาชน)', 'ธนาคารกรุงไทย-จำกัด-(มหาชน)', 0, '2022-06-10 09:56:22', '2022-10-28 07:46:49'),
(3, 'ธนาคารกรุงศรีอยุธยา จำกัด (มหาชน)', 'ธนาคารกรุงศรีอยุธยา-จำกัด-(มหาชน)', 0, '2022-06-10 10:02:43', '2022-10-28 07:47:50'),
(4, 'ธนาคารกสิกรไทย (KBANK)', 'ธนาคารกสิกรไทย-(KBANK)', 0, '2023-09-08 04:45:41', '2023-09-08 04:45:41');

-- --------------------------------------------------------

--
-- Table structure for table `bank_account`
--

CREATE TABLE `bank_account` (
  `id` int(11) NOT NULL,
  `account_name` varchar(150) COLLATE utf8mb4_unicode_ci NOT NULL,
  `account_no` varchar(50) COLLATE utf8mb4_unicode_ci NOT NULL,
  `bank_id` int(11) NOT NULL,
  `is_approved` int(11) NOT NULL,
  `is_deleted` int(11) NOT NULL,
  `created_at` datetime NOT NULL,
  `updated_at` datetime NOT NULL
) ENGINE=InnoDB DEFAULT CHARSET=utf8mb4 COLLATE=utf8mb4_unicode_ci;

--
-- Dumping data for table `bank_account`
--

INSERT INTO `bank_account` (`id`, `account_name`, `account_no`, `bank_id`, `is_approved`, `is_deleted`, `created_at`, `updated_at`) VALUES
(1, 'คุณประชา อุดมศภุมงคล / สาขาศูนยก์ารค้าติลก', '3992886519', 4, 1, 0, '2023-09-08 04:47:43', '2023-09-08 04:47:43');

-- --------------------------------------------------------

--
-- Table structure for table `bloods`
--

CREATE TABLE `bloods` (
  `id` int(11) NOT NULL,
  `name` varchar(50) COLLATE utf8mb4_unicode_ci NOT NULL,
  `is_approved` int(11) NOT NULL DEFAULT 0,
  `created_at` datetime NOT NULL
) ENGINE=InnoDB DEFAULT CHARSET=utf8mb4 COLLATE=utf8mb4_unicode_ci;

--
-- Dumping data for table `bloods`
--

INSERT INTO `bloods` (`id`, `name`, `is_approved`, `created_at`) VALUES
(1, 'A', 1, '2021-09-15 14:52:15'),
(2, 'B', 1, '2021-09-15 14:52:15'),
(3, 'AB', 1, '2021-09-15 14:52:15'),
(4, 'O', 1, '2021-09-15 14:52:15');

-- --------------------------------------------------------

--
-- Table structure for table `boats`
--

CREATE TABLE `boats` (
  `id` int(11) NOT NULL,
  `refcode` varchar(50) COLLATE utf8mb4_unicode_ci NOT NULL,
  `name` varchar(100) COLLATE utf8mb4_unicode_ci NOT NULL,
  `slug` varchar(100) COLLATE utf8mb4_unicode_ci NOT NULL,
  `capacity` int(11) NOT NULL,
  `boat_type_id` int(11) NOT NULL DEFAULT 0,
  `is_approved` int(11) NOT NULL DEFAULT 0,
  `is_deleted` int(11) NOT NULL DEFAULT 0,
  `created_at` datetime NOT NULL DEFAULT current_timestamp(),
  `updated_at` datetime NOT NULL DEFAULT current_timestamp()
) ENGINE=InnoDB DEFAULT CHARSET=utf8mb4 COLLATE=utf8mb4_unicode_ci;

--
-- Dumping data for table `boats`
--

INSERT INTO `boats` (`id`, `refcode`, `name`, `slug`, `capacity`, `boat_type_id`, `is_approved`, `is_deleted`, `created_at`, `updated_at`) VALUES
(1, '#69', 'Charter 69', '#69', 50, 1, 1, 0, '2023-02-03 09:20:43', '2023-02-03 09:20:43'),
(2, '#88', 'Charter 88', '#88', 50, 1, 1, 0, '2023-02-03 09:21:03', '2023-02-03 09:21:03'),
(3, '#98', 'Charter 98', '#98', 50, 1, 1, 0, '2023-02-03 09:21:22', '2023-02-03 09:21:22'),
(4, '#99', 'Charter 99', '#99', 50, 1, 1, 0, '2023-02-03 09:21:36', '2023-02-03 09:21:36'),
(5, '#love', 'Charter Love', '#love', 50, 1, 1, 0, '2023-02-03 09:21:52', '2023-02-03 09:21:52'),
(6, '#888', 'Charter 888', '#888', 100, 2, 1, 0, '2023-02-03 09:22:09', '2023-02-03 09:22:09'),
(7, '#919', 'Charter 919', '#919', 100, 2, 1, 0, '2023-02-03 09:22:25', '2023-02-03 09:22:25'),
(8, '#989', 'Charter 989', '#989', 100, 2, 1, 0, '2023-02-03 09:22:43', '2023-02-03 09:22:43'),
(9, '#999', 'Charter 999', '#999', 100, 2, 1, 0, '2023-02-03 09:23:00', '2023-02-03 09:23:00'),
(10, '#679', 'Rent : Renu 679', '#679', 50, 0, 1, 0, '2023-09-01 05:13:34', '2023-09-01 05:13:34'),
(12, '#D88', 'Rent : D-Day 88', '#D88', 50, 0, 1, 0, '2023-09-01 05:14:58', '2023-09-01 05:14:58'),
(13, '#556', 'Rent : Nutticha 556', '#556', 50, 0, 1, 0, '2023-09-01 05:15:28', '2023-09-01 05:15:28'),
(14, '#PKRC', 'Rent : PKRC ปานณภรอัน', '#PKRC', 50, 0, 1, 0, '2023-09-01 05:16:21', '2023-09-01 05:16:21'),
(15, '#ไกร2', 'Rent : PKRC คุณไกร 2', '#ไกร2', 50, 0, 1, 0, '2023-09-01 05:17:59', '2023-09-01 05:17:59'),
(16, '#666', 'Rent : TSK 666', '#666', 50, 0, 1, 0, '2023-09-01 05:18:25', '2023-09-01 05:18:25'),
(17, '#ธัญญารีย์', 'Rent : ธัญญารีย์', '#ธัญญารีย์', 50, 0, 1, 0, '2023-09-01 05:18:50', '2023-09-01 05:18:50'),
(18, '#732', 'Rent : Renu 732', '#732', 50, 0, 1, 0, '2023-09-01 05:21:07', '2023-09-01 05:21:07'),
(19, '#udomsak', 'Rent : V Udomsak', '#udomsak', 50, 0, 1, 0, '2023-09-01 05:21:42', '2023-09-01 05:21:42'),
(20, '#Speedy', 'Rent : Speedy ชายโคม', '#Speedy', 50, 0, 1, 0, '2023-09-01 05:22:07', '2023-09-01 05:22:07'),
(21, '#ภิรักษ์5', 'Rent : ภิรักษ์ 5', '#ภิรักษ์5', 50, 0, 1, 0, '2023-09-01 05:22:48', '2023-09-01 05:22:48'),
(22, '#อชิรญา', 'Rent : อชิรญา', '#อชิรญา', 50, 0, 1, 0, '2023-09-01 05:23:18', '2023-09-01 05:23:18'),
(23, '#หญิงอร', 'Rent : หญิงอร', '#หญิงอร', 50, 0, 1, 0, '2023-09-01 05:23:46', '2023-09-01 05:23:46'),
(24, '#TSK333', 'Rent : TSK 333', '#TSK333', 50, 0, 1, 0, '2023-09-01 05:24:11', '2023-09-01 05:24:11'),
(25, '#TSK9', 'Rent : TSK 9', '#TSK9', 50, 0, 1, 0, '2023-09-01 05:24:32', '2023-09-01 05:24:32'),
(26, '', 'SPEED SP1', '', 0, 0, 1, 0, '2024-07-25 11:15:47', '2024-07-25 11:15:47'),
(27, '', 'SPEED BOAT 2', '', 0, 0, 1, 0, '2024-08-29 14:01:10', '2024-08-29 14:01:10');

-- --------------------------------------------------------

--
-- Table structure for table `boats_type`
--

CREATE TABLE `boats_type` (
  `id` int(11) NOT NULL,
  `name` varchar(100) COLLATE utf8mb4_unicode_ci NOT NULL,
  `slug` varchar(100) COLLATE utf8mb4_unicode_ci NOT NULL,
  `created_at` datetime NOT NULL DEFAULT current_timestamp(),
  `updated_at` datetime NOT NULL DEFAULT current_timestamp()
) ENGINE=InnoDB DEFAULT CHARSET=utf8mb4 COLLATE=utf8mb4_unicode_ci;

-- --------------------------------------------------------

--
-- Table structure for table `bookings`
--

CREATE TABLE `bookings` (
  `id` int(11) NOT NULL,
  `booking_date` date NOT NULL,
  `booking_time` time NOT NULL,
  `voucher_no_agent` varchar(150) COLLATE utf8mb4_unicode_ci NOT NULL,
  `discount_type` int(11) NOT NULL DEFAULT 1 COMMENT '1 : Baht\r\n2 : Percent',
  `discount` double(9,2) NOT NULL,
  `sender` varchar(150) COLLATE utf8mb4_unicode_ci NOT NULL,
  `booker_id` int(11) NOT NULL COMMENT 'user id',
  `company_id` int(11) NOT NULL DEFAULT 0,
  `booking_status_id` int(11) NOT NULL DEFAULT 0,
  `booking_type_id` int(11) NOT NULL DEFAULT 0,
  `is_deleted` int(11) NOT NULL DEFAULT 0,
  `created_at` datetime NOT NULL,
  `updated_at` datetime NOT NULL
) ENGINE=InnoDB DEFAULT CHARSET=utf8mb4 COLLATE=utf8mb4_unicode_ci;

--
-- Dumping data for table `bookings`
--

INSERT INTO `bookings` (`id`, `booking_date`, `booking_time`, `voucher_no_agent`, `discount_type`, `discount`, `sender`, `booker_id`, `company_id`, `booking_status_id`, `booking_type_id`, `is_deleted`, `created_at`, `updated_at`) VALUES
(1, '2023-09-18', '14:10:58', '1699003/66', 1, 0.00, 'Admin', 1, 187, 3, 1, 0, '2023-09-18 07:13:27', '2023-09-22 08:09:39'),
(2, '2023-09-18', '14:23:31', '', 1, 0.00, '', 3, 45, 1, 1, 0, '2023-09-18 07:26:43', '2023-09-23 06:21:45'),
(3, '2023-09-18', '14:30:51', '11109', 1, 0.00, 'Denis', 6, 45, 3, 1, 0, '2023-09-18 07:35:37', '2023-10-04 05:19:03'),
(4, '2023-09-21', '13:27:27', 'BBT230830SQ-DT-A', 1, 0.00, 'Mhee', 3, 188, 3, 2, 0, '2023-09-21 06:32:42', '2023-09-23 06:01:05'),
(5, '2023-09-21', '13:27:27', 'BBT230830SQ-DT-A', 1, 0.00, 'Mhee', 3, 188, 3, 2, 0, '2023-09-21 06:33:27', '2023-09-23 06:01:43'),
(6, '2023-09-21', '13:27:27', 'BBT230830SQ-DT-A', 1, 0.00, 'Mhee', 3, 188, 1, 2, 0, '2023-09-21 06:35:08', '2023-09-23 06:22:45'),
(7, '2023-09-21', '13:35:26', '', 1, 0.00, 'G Rat', 3, 28, 1, 1, 0, '2023-09-21 06:38:11', '2023-09-23 06:19:01'),
(8, '2023-09-21', '13:38:30', '39881', 1, 0.00, 'Denis', 3, 45, 1, 1, 0, '2023-09-21 06:46:17', '2023-09-23 06:18:34'),
(9, '2023-09-21', '14:08:56', '64691', 1, 0.00, 'Denis', 3, 45, 1, 1, 0, '2023-09-21 07:12:14', '2023-09-23 06:17:59'),
(10, '2023-09-22', '14:58:28', '95779', 1, 0.00, 'Denis', 3, 45, 1, 1, 0, '2023-09-22 08:09:46', '2023-09-23 04:42:03'),
(11, '2023-09-22', '15:34:57', '0654', 1, 0.00, 'Apple', 3, 132, 1, 1, 0, '2023-09-22 08:36:13', '2023-09-23 06:17:32'),
(12, '2023-09-23', '11:42:54', '', 1, 0.00, 'Op', 3, 135, 1, 1, 0, '2023-09-23 04:45:38', '2023-09-23 04:45:38'),
(13, '2023-09-23', '11:45:50', '', 1, 0.00, 'Op', 3, 135, 1, 1, 0, '2023-09-23 04:47:09', '2023-09-23 04:47:09'),
(14, '2023-09-23', '11:52:10', '12981', 1, 0.00, 'Pris', 3, 190, 1, 1, 0, '2023-09-23 04:53:56', '2023-09-23 04:59:01'),
(15, '2023-09-23', '12:03:22', 'SM230829-138MDM1L', 1, 0.00, 'Fang', 3, 191, 1, 1, 0, '2023-09-23 05:06:29', '2023-09-23 05:06:29'),
(16, '2023-09-23', '12:06:39', '4942', 1, 0.00, 'S&P Karon', 3, 145, 1, 1, 0, '2023-09-23 05:09:18', '2023-09-23 05:09:18'),
(17, '2023-09-23', '12:10:25', 'SIT230830-OQRT-XR-A', 1, 0.00, 'BeeBee', 3, 192, 1, 1, 0, '2023-09-23 05:12:02', '2023-09-23 05:12:02'),
(18, '2023-09-23', '12:12:08', '', 1, 0.00, 'Tony', 3, 53, 1, 1, 0, '2023-09-23 05:16:43', '2023-09-23 05:16:43'),
(19, '2023-09-23', '12:22:50', '', 1, 0.00, 'Tony', 3, 53, 1, 1, 0, '2023-09-23 05:24:31', '2023-09-23 05:44:06'),
(20, '2023-09-23', '12:48:55', '', 1, 0.00, 'Tony', 3, 53, 1, 1, 0, '2023-09-23 05:52:55', '2023-09-23 05:52:55'),
(21, '2023-09-23', '13:06:34', '', 1, 0.00, 'Tony', 3, 53, 1, 1, 0, '2023-09-23 06:08:16', '2023-09-23 06:08:16'),
(22, '2023-09-23', '13:08:29', '', 1, 0.00, 'Tony', 3, 53, 1, 1, 0, '2023-09-23 06:09:44', '2023-09-23 06:09:44'),
(23, '2023-09-23', '13:12:18', 'l0hhq', 1, 0.00, 'Muskaan', 3, 193, 1, 1, 0, '2023-09-23 06:14:35', '2023-09-26 09:56:57'),
(24, '2023-09-26', '12:34:35', '33/995', 1, 0.00, 'System', 1, 187, 1, 1, 0, '2023-09-26 05:37:54', '2023-09-26 10:19:36'),
(25, '2023-09-26', '14:26:32', '99/902', 1, 0.00, 'System', 1, 187, 1, 1, 0, '2023-09-26 07:29:39', '2023-09-28 07:08:00'),
(26, '2023-09-26', '17:38:08', '66/420', 1, 0.00, 'system', 1, 187, 1, 1, 0, '2023-09-26 10:40:12', '2023-09-28 07:08:12'),
(27, '2023-09-28', '13:26:41', '80/609', 1, 0.00, 'System', 1, 187, 1, 1, 0, '2023-09-28 06:29:04', '2023-09-29 01:47:18'),
(28, '2023-09-28', '14:08:26', '36/1205', 1, 0.00, 'System', 1, 187, 1, 1, 0, '2023-09-28 07:09:20', '2023-09-28 07:09:20'),
(29, '2023-09-29', '11:34:31', '99/259', 1, 0.00, 'System', 1, 187, 1, 1, 0, '2023-09-29 04:36:11', '2023-09-29 04:36:11'),
(30, '2023-10-04', '11:57:14', '0834', 1, 0.00, 'Rat', 7, 95, 1, 2, 0, '2023-10-04 05:11:09', '2023-10-04 05:11:09'),
(31, '2023-10-04', '12:12:10', '11109', 1, 0.00, 'Denis', 7, 45, 1, 1, 0, '2023-10-04 05:14:12', '2023-10-04 05:16:41'),
(32, '2023-10-04', '12:19:30', '3099', 1, 0.00, '095-6390839', 7, 84, 1, 1, 0, '2023-10-04 05:22:15', '2023-10-04 05:27:12'),
(33, '2023-10-04', '12:14:42', '2363', 1, 0.00, 'Line/Puinun', 3, 195, 1, 1, 0, '2023-10-04 05:23:46', '2023-10-04 05:23:46'),
(34, '2023-10-04', '12:22:20', '0831', 1, 0.00, '098-3394321', 7, 85, 1, 1, 0, '2023-10-04 05:23:49', '2023-10-04 05:26:44'),
(35, '2023-10-04', '12:23:53', '', 1, 0.00, 'Renu', 7, 137, 1, 1, 0, '2023-10-04 05:25:18', '2023-10-04 05:26:14'),
(36, '2023-10-04', '12:25:07', '3875', 1, 0.00, 'Pim', 3, 8, 1, 1, 0, '2023-10-04 05:28:14', '2023-10-04 05:28:14'),
(37, '2023-10-04', '12:27:43', '', 1, 0.00, 'Renu', 7, 137, 1, 1, 0, '2023-10-04 05:29:16', '2023-10-04 05:29:16'),
(38, '2023-10-04', '12:28:21', '3872', 1, 0.00, 'Pim', 3, 8, 1, 1, 0, '2023-10-04 05:30:15', '2023-10-04 05:30:15'),
(39, '2023-10-04', '12:29:25', '', 1, 0.00, 'Renu', 7, 137, 1, 1, 0, '2023-10-04 05:30:15', '2023-10-04 05:30:15'),
(40, '2023-10-04', '12:30:20', '', 1, 0.00, 'Renu', 7, 137, 1, 1, 0, '2023-10-04 05:31:56', '2023-10-04 05:31:56'),
(41, '2023-10-04', '12:30:17', '3765', 1, 0.00, 'Pim', 3, 8, 1, 1, 0, '2023-10-04 05:38:35', '2023-10-04 05:38:35'),
(42, '2023-10-04', '12:39:53', '3094', 1, 0.00, 'Nana/Sale', 3, 84, 1, 1, 0, '2023-10-04 05:42:38', '2023-10-04 05:42:38'),
(43, '2023-10-04', '12:37:02', '', 1, 0.00, 'Tony', 7, 53, 1, 1, 0, '2023-10-04 05:42:51', '2023-10-04 05:42:51'),
(44, '2023-10-04', '12:43:13', '', 1, 0.00, 'Tony', 7, 53, 1, 1, 0, '2023-10-04 05:49:57', '2023-10-04 05:49:57'),
(45, '2023-10-04', '12:50:01', '', 1, 0.00, 'Tony', 7, 53, 1, 1, 0, '2023-10-04 05:51:39', '2023-10-04 05:51:39'),
(46, '2023-10-04', '12:53:11', '', 1, 0.00, 'Tony', 7, 53, 1, 1, 0, '2023-10-04 05:54:59', '2023-10-04 05:54:59'),
(47, '2023-10-04', '12:58:36', '', 1, 0.00, 'Tony', 7, 53, 1, 1, 0, '2023-10-04 06:02:41', '2023-10-04 06:08:28'),
(48, '2023-10-04', '13:03:02', '', 1, 0.00, 'Tony', 7, 53, 1, 1, 0, '2023-10-04 06:05:58', '2023-10-04 06:10:04'),
(49, '2023-10-04', '13:13:31', 'l0tcw', 1, 0.00, 'Muskaan', 7, 4, 1, 1, 0, '2023-10-04 06:15:03', '2023-10-04 06:15:03'),
(50, '2023-10-04', '13:16:13', '', 1, 0.00, 'Tony', 7, 53, 1, 1, 0, '2023-10-04 06:18:08', '2023-10-04 06:18:08'),
(51, '2023-10-04', '13:18:12', '', 1, 0.00, 'Tony', 7, 193, 1, 1, 0, '2023-10-04 06:19:16', '2023-10-04 06:19:16'),
(52, '2023-11-08', '13:03:14', 'lblqn', 1, 0.00, '', 7, 193, 1, 1, 0, '2023-11-08 06:09:47', '2023-11-15 08:11:08'),
(53, '2023-11-08', '13:15:36', 'lzjf7', 1, 0.00, 'Abhishek', 7, 193, 1, 1, 0, '2023-11-08 06:17:54', '2023-11-15 08:15:46'),
(54, '2023-11-08', '13:19:01', 'lzy97', 1, 0.00, 'Chirag', 7, 193, 1, 1, 0, '2023-11-08 06:25:05', '2023-11-08 06:26:06'),
(55, '2023-11-08', '13:27:19', 'lb80w', 1, 0.00, 'Chirag', 7, 193, 1, 1, 0, '2023-11-08 06:29:51', '2023-11-08 06:29:51'),
(56, '2023-11-08', '13:30:02', 'lb8a1', 1, 0.00, 'Chirag', 7, 193, 1, 1, 0, '2023-11-08 06:32:03', '2023-11-08 06:32:03'),
(57, '2023-11-08', '13:35:06', 'lbcq5', 1, 0.00, 'Abhishek', 7, 193, 1, 1, 0, '2023-11-08 06:36:54', '2023-11-08 06:36:54'),
(58, '2023-11-08', '13:37:07', 'l0d4w', 1, 0.00, 'Muskaan', 7, 193, 1, 1, 0, '2023-11-08 06:43:27', '2023-11-08 06:43:27'),
(59, '2023-11-08', '13:44:29', 'lzfdy', 1, 0.00, 'Abhishek', 7, 193, 3, 1, 0, '2023-11-08 06:45:49', '2023-11-08 06:47:39'),
(60, '2023-11-08', '13:44:29', 'lzfdy', 1, 0.00, 'Abhishek', 7, 193, 1, 1, 0, '2023-11-08 06:46:26', '2023-11-08 06:46:26'),
(61, '2023-11-08', '13:53:42', 'lbl8d', 1, 0.00, 'Chirag', 7, 193, 1, 1, 0, '2023-11-08 07:03:50', '2023-11-08 07:03:50'),
(62, '2023-11-08', '14:04:35', 'lzq71', 1, 0.00, 'Abhishek', 7, 193, 1, 1, 0, '2023-11-08 07:07:00', '2023-11-08 07:07:00'),
(63, '2023-11-08', '14:08:10', 'l0mlz', 1, 0.00, 'Tabish', 7, 193, 1, 1, 0, '2023-11-08 07:11:23', '2023-11-08 07:14:43'),
(64, '2023-11-08', '14:16:48', 'l0plm', 1, 0.00, 'Muskaan', 7, 193, 1, 1, 0, '2023-11-08 07:19:26', '2023-11-08 07:21:44'),
(65, '2023-11-08', '14:22:16', 'lbb0z', 1, 0.00, 'Chirag', 7, 193, 1, 1, 0, '2023-11-08 07:23:46', '2023-11-08 07:23:46'),
(66, '2023-11-08', '14:23:58', 'lb2lu', 1, 0.00, 'Abhishek', 7, 193, 1, 1, 0, '2023-11-08 07:25:31', '2023-11-08 07:25:31'),
(67, '2023-11-08', '14:26:01', 'lzjs2', 1, 0.00, 'Abhishek', 7, 193, 3, 1, 0, '2023-11-08 07:27:18', '2023-11-15 08:05:33'),
(68, '2023-11-10', '12:43:58', 'lbqnq', 1, 0.00, 'A', 7, 193, 3, 1, 0, '2023-11-10 05:44:22', '2023-11-10 05:54:52'),
(69, '2023-11-10', '12:44:48', 'lbqnq', 1, 0.00, 'Abhishek', 7, 193, 1, 1, 0, '2023-11-10 05:46:19', '2023-11-10 05:46:19'),
(70, '2023-11-10', '12:49:01', 'lbyzs', 1, 0.00, 'Abhishek', 7, 193, 1, 1, 0, '2023-11-10 05:50:47', '2023-11-10 05:57:52'),
(71, '2023-11-10', '12:57:56', 'lzkje', 1, 0.00, 'Chirag', 7, 193, 1, 1, 0, '2023-11-10 05:59:21', '2023-11-10 06:03:33'),
(72, '2023-11-10', '13:01:28', 'lz9ik', 1, 0.00, 'Chirag', 7, 193, 1, 1, 0, '2023-11-10 06:02:50', '2023-11-10 06:02:50'),
(73, '2023-11-10', '13:04:20', 'lb681', 1, 0.00, 'Abhishek', 7, 193, 1, 1, 0, '2023-11-10 06:05:36', '2023-11-10 06:05:36'),
(74, '2023-11-10', '13:05:56', 'lzaii', 1, 0.00, 'Abhishek', 7, 193, 1, 1, 0, '2023-11-10 06:08:03', '2023-11-10 06:08:03'),
(75, '2023-11-10', '13:08:57', 'lbet3', 1, 0.00, 'Chirag', 7, 193, 1, 1, 0, '2023-11-10 06:32:01', '2023-11-10 06:32:01'),
(76, '2023-11-10', '13:36:25', 'lzjrf', 1, 0.00, 'Abhishek', 7, 193, 1, 1, 0, '2023-11-10 06:38:06', '2023-11-10 06:38:06'),
(77, '2023-11-10', '13:39:07', 'lb84i', 1, 0.00, 'Chirag', 7, 193, 1, 1, 0, '2023-11-10 06:41:19', '2023-11-10 06:44:12'),
(78, '2023-11-10', '13:51:52', 'lbmsf', 1, 0.00, 'Abhishek', 7, 193, 1, 1, 0, '2023-11-10 06:53:43', '2023-11-10 06:53:43'),
(79, '2023-11-10', '13:54:16', 'lb84i', 1, 0.00, 'Chirag', 7, 193, 1, 1, 0, '2023-11-10 06:55:54', '2023-11-10 06:55:54'),
(80, '2023-11-10', '13:57:01', 'l0h8y', 1, 0.00, 'Abhishek', 7, 193, 1, 1, 0, '2023-11-10 06:58:34', '2023-11-10 06:58:34'),
(81, '2023-11-10', '13:59:04', 'lbvif', 1, 0.00, 'Abhishek', 7, 193, 1, 1, 0, '2023-11-10 07:00:25', '2023-11-10 07:00:25'),
(82, '2023-11-10', '14:02:54', 'lbv23', 1, 0.00, 'Chirag', 7, 193, 1, 1, 0, '2023-11-10 07:04:59', '2023-11-10 07:04:59'),
(83, '2023-11-15', '14:53:52', 'lz5um', 1, 0.00, 'Chirag', 7, 193, 1, 1, 0, '2023-11-15 08:04:43', '2023-11-15 08:04:43'),
(84, '2023-11-15', '16:22:20', 'lzy6l', 1, 0.00, 'Chirag', 7, 193, 1, 1, 0, '2023-11-15 09:25:11', '2023-11-15 09:25:11'),
(85, '2023-11-15', '20:29:10', 'lzkys', 1, 0.00, 'Chirag', 7, 193, 3, 1, 0, '2023-11-15 13:30:49', '2023-11-16 10:49:20'),
(86, '2023-11-15', '20:31:28', 'lzky', 1, 0.00, '', 7, 4, 1, 1, 0, '2023-11-15 13:31:44', '2023-11-15 13:31:44'),
(87, '2023-11-15', '20:31:28', 'lzkys', 1, 0.00, 'Abhishek', 7, 4, 1, 1, 0, '2023-11-15 13:32:48', '2023-11-15 13:32:48'),
(88, '2023-11-20', '15:15:41', '9003215', 1, 0.00, 'kun dee', 1, 187, 1, 1, 0, '2023-11-20 08:22:21', '2023-11-20 08:35:21'),
(89, '2023-11-20', '15:27:13', '99500316', 1, 0.00, 'คุณยักษ์', 1, 187, 1, 1, 0, '2023-11-20 08:28:12', '2023-11-20 08:35:13'),
(90, '2023-11-30', '08:20:12', 'lzzaa', 1, 0.00, 'Chirag', 7, 193, 1, 1, 0, '2023-11-30 01:25:25', '2023-11-30 01:25:25'),
(91, '2023-12-02', '13:27:20', 'C651', 1, 0.00, 'Susan', 7, 173, 1, 1, 0, '2023-12-02 06:28:31', '2023-12-02 06:28:31'),
(92, '2023-12-02', '19:06:29', 'lzzcj', 1, 0.00, 'Abhishek', 7, 193, 1, 1, 0, '2023-12-02 12:08:10', '2023-12-14 04:46:03'),
(93, '2023-12-05', '11:02:29', 'lz5yh', 1, 0.00, 'Chirag', 7, 193, 1, 1, 0, '2023-12-05 04:04:35', '2023-12-05 04:04:35'),
(94, '2023-12-05', '11:05:53', 'lzez7', 1, 0.00, 'Chirag', 7, 193, 1, 1, 0, '2023-12-05 04:07:19', '2023-12-05 04:07:19'),
(95, '2023-12-05', '11:09:49', 'lzu17', 1, 0.00, 'Chirag', 7, 193, 1, 1, 0, '2023-12-05 04:12:00', '2023-12-05 04:13:39'),
(96, '2023-12-05', '16:41:15', 'lzbht', 1, 0.00, 'Abhishek', 7, 193, 1, 1, 0, '2023-12-05 09:42:31', '2024-09-28 01:26:55'),
(97, '2023-12-05', '16:42:44', 'lzbht', 1, 0.00, 'Abhishek', 7, 193, 1, 1, 0, '2023-12-05 09:43:46', '2024-09-28 01:26:42'),
(98, '2023-12-06', '13:09:49', '', 1, 0.00, 'Tony', 7, 53, 1, 1, 0, '2023-12-06 06:11:03', '2023-12-06 06:11:03'),
(99, '2023-12-06', '19:44:52', 'lzzt7', 1, 0.00, 'Chirag', 7, 193, 1, 1, 0, '2023-12-06 12:46:46', '2023-12-06 12:46:46'),
(100, '2023-12-07', '19:35:13', 'lzuwm', 1, 0.00, 'Abhishek', 7, 193, 1, 1, 0, '2023-12-07 12:36:44', '2023-12-07 12:36:44'),
(101, '2023-12-07', '20:09:22', 'lz9s6', 1, 0.00, 'Chirag', 7, 193, 1, 1, 0, '2023-12-07 13:11:45', '2023-12-13 02:08:55'),
(102, '2023-12-07', '20:15:47', '20793', 1, 0.00, 'Kan', 7, 69, 1, 1, 0, '2023-12-07 13:17:23', '2023-12-07 13:17:23'),
(103, '2023-12-08', '12:22:10', 'lzwqz', 1, 0.00, 'Abhishek', 7, 193, 1, 1, 0, '2023-12-08 05:27:41', '2023-12-08 05:27:41'),
(104, '2023-12-08', '20:15:31', '', 1, 0.00, '', 7, 53, 1, 1, 0, '2023-12-08 13:16:39', '2023-12-08 13:16:39'),
(105, '2023-12-12', '11:22:52', 'lzinf', 1, 0.00, 'Abhishek', 7, 193, 1, 1, 0, '2023-12-12 04:25:23', '2023-12-12 04:28:18'),
(106, '2023-12-12', '11:29:13', 'lznvd', 1, 0.00, 'Abhishek', 7, 193, 1, 1, 0, '2023-12-12 04:33:43', '2023-12-12 04:33:43'),
(107, '2023-12-12', '11:33:50', 'lznvd', 1, 0.00, 'Abhishek', 7, 193, 1, 1, 0, '2023-12-12 04:34:53', '2023-12-12 04:34:53'),
(108, '2023-12-12', '12:36:01', 'TM240114-LDSP1', 1, 0.00, 'phueng', 7, 196, 1, 1, 0, '2023-12-12 05:37:30', '2023-12-12 05:37:30'),
(109, '2023-12-12', '21:20:32', 'lzzve', 1, 0.00, 'Abhishek', 7, 193, 1, 1, 0, '2023-12-12 14:31:23', '2023-12-12 14:31:23'),
(110, '2023-12-12', '21:35:45', 'lzgkp', 1, 0.00, 'Chirag', 7, 193, 1, 1, 0, '2023-12-12 14:36:46', '2023-12-12 14:36:46'),
(111, '2023-12-12', '21:37:01', 'lzxfg', 1, 0.00, 'Chirag', 7, 193, 1, 1, 0, '2023-12-12 14:39:06', '2023-12-12 14:39:06'),
(112, '2023-12-12', '21:40:17', 'lz8xm', 1, 0.00, 'Chirag', 7, 193, 1, 1, 0, '2023-12-12 14:41:28', '2023-12-12 14:41:28'),
(113, '2023-12-12', '21:42:17', 'lzuw3', 1, 0.00, 'Abhishek', 7, 193, 1, 1, 0, '2023-12-12 14:43:27', '2023-12-12 14:43:27'),
(114, '2023-12-12', '21:43:44', 'lzzdd', 1, 0.00, 'Abhishek', 7, 193, 1, 1, 0, '2023-12-12 14:45:09', '2023-12-12 14:45:09'),
(115, '2023-12-12', '21:45:26', 'lzzdd', 1, 0.00, 'Abhishek', 7, 193, 1, 1, 0, '2023-12-12 14:47:19', '2023-12-12 14:47:19'),
(116, '2023-12-12', '21:47:20', 'lznhz', 1, 0.00, 'Abhishek', 7, 193, 1, 1, 0, '2023-12-12 14:49:05', '2023-12-13 05:35:18'),
(117, '2023-12-13', '12:24:18', 'lz1rv', 1, 0.00, 'Abishek', 7, 193, 1, 1, 0, '2023-12-13 05:25:44', '2023-12-13 05:25:44'),
(118, '2023-12-13', '19:14:35', 'lz2cd', 1, 0.00, 'Abishek', 7, 193, 1, 1, 0, '2023-12-13 12:16:22', '2023-12-13 12:16:22'),
(119, '2023-12-13', '20:02:41', 'lz8ql', 1, 0.00, 'Abishek', 7, 193, 1, 1, 0, '2023-12-13 13:03:58', '2023-12-13 13:03:58'),
(120, '2023-12-14', '11:46:05', 'lzg9a', 1, 0.00, 'Abishek', 7, 193, 1, 1, 0, '2023-12-14 08:38:00', '2023-12-14 08:38:00'),
(121, '2023-12-14', '16:05:15', 'lzzj7', 1, 0.00, 'Abishek', 7, 193, 1, 1, 0, '2023-12-14 09:06:34', '2023-12-14 09:06:34'),
(122, '2023-12-14', '16:07:01', 'lzzj7', 1, 0.00, 'Abishek', 7, 193, 3, 1, 0, '2023-12-14 12:03:07', '2023-12-14 12:03:47'),
(123, '2023-12-14', '19:05:34', 'lz8hM', 1, 0.00, 'Abishek', 7, 193, 1, 1, 0, '2023-12-14 12:06:41', '2023-12-14 12:07:58'),
(124, '2023-12-14', '19:08:00', 'C863', 1, 0.00, 'Susan', 7, 173, 1, 1, 0, '2023-12-14 12:57:06', '2023-12-14 12:57:06'),
(125, '2023-12-14', '21:23:28', 'lz1vk', 1, 0.00, 'Abishek', 7, 193, 1, 1, 0, '2023-12-14 14:25:52', '2023-12-14 14:26:59'),
(126, '2023-12-16', '12:44:31', 'lzx0q', 1, 0.00, 'Abhishek', 7, 193, 1, 1, 0, '2023-12-16 05:46:19', '2023-12-16 05:46:19'),
(127, '2023-12-16', '12:53:21', '45281', 1, 0.00, 'Ano', 7, 197, 1, 2, 0, '2023-12-16 05:54:30', '2023-12-16 05:55:54'),
(128, '2023-12-16', '16:23:03', 'C885', 1, 0.00, 'Susan', 7, 173, 1, 1, 0, '2023-12-16 09:25:04', '2023-12-16 09:27:55'),
(129, '2023-12-17', '16:45:09', '', 1, 0.00, 'พี่ชา', 7, 198, 1, 1, 0, '2023-12-17 09:46:34', '2023-12-17 09:46:34'),
(130, '2023-12-17', '16:47:18', 'C900', 1, 0.00, 'Susan', 7, 173, 1, 1, 0, '2023-12-17 09:53:22', '2023-12-17 09:53:22'),
(131, '2023-12-18', '19:06:12', '45316', 1, 0.00, 'Ano', 7, 197, 1, 1, 0, '2023-12-18 12:07:23', '2023-12-18 12:08:38'),
(132, '2023-12-19', '11:08:41', '99/99959', 1, 1000.00, 'Kun.C', 1, 187, 1, 1, 0, '2023-12-19 04:10:44', '2023-12-19 04:23:14'),
(133, '2023-12-21', '11:20:04', '2343245235', 1, 0.00, 'earth', 1, 187, 1, 1, 0, '2023-12-21 04:27:09', '2023-12-21 04:27:09'),
(134, '2023-12-21', '11:33:29', '', 1, 0.00, '', 1, 4, 1, 1, 0, '2023-12-21 04:33:40', '2023-12-21 04:33:40'),
(135, '2023-12-21', '11:33:44', '546456464456', 1, 0.00, '', 1, 187, 1, 1, 0, '2023-12-21 04:35:36', '2023-12-21 04:35:36'),
(136, '2023-12-21', '11:39:50', '435345345334', 1, 0.00, '', 1, 4, 1, 1, 0, '2023-12-21 04:40:47', '2023-12-21 04:40:47'),
(137, '2023-12-21', '11:46:55', '2343242423', 1, 0.00, '', 1, 5, 1, 1, 0, '2023-12-21 04:47:28', '2024-02-02 09:28:53'),
(138, '2024-01-14', '12:28:07', '54646446', 1, 0.00, '', 1, 187, 1, 1, 0, '2024-01-14 05:37:50', '2024-01-14 05:37:50'),
(139, '2024-01-14', '12:39:01', '343435534', 1, 0.00, '', 1, 5, 1, 1, 0, '2024-01-14 05:39:54', '2024-01-14 05:39:54'),
(140, '2024-02-14', '18:36:38', '99/1023', 1, 0.00, 'Kun.Kung', 1, 187, 1, 1, 0, '2024-02-14 11:38:33', '2024-02-14 11:53:44'),
(141, '2024-02-14', '18:38:34', '99/1024', 1, 0.00, 'Kun.Par', 1, 187, 1, 1, 0, '2024-02-14 11:39:37', '2024-02-14 11:54:31'),
(142, '2024-02-14', '18:39:40', '99/1025', 1, 0.00, 'Kun.Moo', 1, 187, 1, 1, 0, '2024-02-14 11:40:47', '2024-02-14 11:54:38'),
(143, '2024-02-14', '18:40:48', '99/1026', 1, 0.00, 'Kun.Kai', 1, 187, 1, 1, 0, '2024-02-14 11:41:39', '2024-02-14 11:57:06'),
(144, '2024-02-14', '18:41:40', '99/1027', 1, 0.00, 'Kun.Kung', 1, 187, 1, 1, 0, '2024-02-14 11:44:33', '2024-02-14 11:54:54'),
(145, '2024-02-14', '18:44:34', '99/1028', 1, 0.00, 'Kun.Dee', 1, 187, 1, 1, 0, '2024-02-14 11:49:20', '2024-02-14 11:55:17'),
(146, '2024-05-01', '11:37:37', '3445566778', 1, 0.00, 'earth', 1, 5, 1, 1, 0, '2024-05-01 04:50:46', '2024-05-01 04:50:46'),
(147, '2024-07-03', '09:23:04', '800/15', 1, 0.00, 'Kun T', 1, 187, 1, 1, 0, '2024-07-03 02:24:02', '2024-07-03 02:24:02'),
(148, '2024-07-03', '09:24:03', '800/482', 1, 0.00, 'Kun.C', 1, 187, 1, 1, 0, '2024-07-03 02:24:47', '2024-07-03 02:24:47'),
(149, '2024-07-03', '09:24:50', '88/12', 1, 0.00, 'Kun V', 1, 187, 1, 1, 0, '2024-07-03 02:27:06', '2024-07-03 02:27:06'),
(150, '2024-07-03', '09:58:44', '7568968979', 1, 0.00, 'earth', 1, 76, 1, 1, 0, '2024-07-03 03:01:56', '2024-07-03 03:01:56'),
(151, '2024-07-21', '09:23:38', '2432432424', 1, 0.00, 'earth', 1, 4, 1, 1, 0, '2024-07-21 02:41:45', '2024-08-14 20:01:11'),
(152, '2024-07-22', '14:04:44', '5790-0-5555', 1, 0.00, 'dddd', 1, 4, 1, 1, 0, '2024-07-22 07:11:48', '2024-08-14 20:04:21'),
(153, '2024-07-24', '16:00:17', '99/052', 1, 0.00, 'คุณยักษ์', 1, 199, 1, 1, 0, '2024-07-24 16:01:19', '2024-07-24 19:41:14'),
(154, '2024-07-24', '16:22:05', '99/10025', 1, 0.00, 'คุณวันดี', 1, 201, 1, 1, 0, '2024-07-24 16:23:17', '2024-07-24 16:53:35'),
(155, '2024-07-24', '16:22:05', '99/10025', 1, 0.00, 'คุณวันดี', 1, 200, 1, 1, 0, '2024-07-24 16:24:07', '2024-07-24 16:24:07'),
(156, '2024-07-24', '21:43:01', '', 1, 0.00, '', 1, 201, 1, 1, 0, '2024-07-24 21:43:03', '2024-09-28 00:46:11'),
(157, '2024-07-24', '21:43:01', '', 1, 0.00, '', 1, 200, 1, 1, 0, '2024-07-24 21:43:04', '2024-09-28 00:45:59'),
(158, '2024-07-24', '21:43:01', '', 1, 0.00, '', 1, 200, 1, 1, 0, '2024-07-24 21:43:04', '2024-09-28 00:45:50'),
(159, '2024-07-24', '21:43:01', '', 1, 0.00, '', 1, 200, 1, 1, 0, '2024-07-24 21:43:05', '2024-09-28 00:45:41'),
(160, '2024-07-29', '18:36:42', '99/808', 1, 0.00, 'คุณกาย', 1, 200, 1, 1, 0, '2024-07-29 18:37:47', '2024-09-22 11:09:41'),
(161, '2024-07-29', '18:39:22', '99/598', 1, 0.00, 'คุณวันดี', 1, 200, 1, 1, 0, '2024-07-29 18:40:03', '2024-09-18 10:21:31'),
(162, '2024-08-27', '17:11:34', '99/2005', 1, 0.00, 'Kun.too', 1, 187, 1, 1, 0, '2024-08-27 17:18:50', '2024-09-12 20:10:32'),
(163, '2024-08-27', '17:20:17', '99/5069', 1, 0.00, 'คุณนิด', 1, 187, 1, 2, 0, '2024-08-27 17:30:02', '2024-08-30 11:54:17'),
(164, '2024-08-29', '11:46:17', '99/50058', 1, 500.00, 'คุณยักษ์', 1, 187, 1, 1, 0, '2024-08-29 11:49:00', '2024-09-16 19:21:19'),
(165, '2024-09-04', '15:37:58', '99/5009', 1, 0.00, '', 1, 187, 4, 2, 0, '2024-09-04 17:21:31', '2024-09-22 11:04:25'),
(166, '2024-09-04', '17:23:18', '99/502', 1, 0.00, '', 1, 187, 2, 2, 0, '2024-09-04 17:23:57', '2024-09-22 11:04:15'),
(167, '2024-09-12', '13:15:14', '99/2299', 1, 0.00, 'คุณยักษ์', 1, 187, 5, 1, 0, '2024-09-12 13:17:30', '2024-10-03 11:01:18'),
(168, '2024-09-13', '16:54:37', '99\\1123', 1, 0.00, 'คุณนิด', 1, 187, 1, 1, 0, '2024-09-13 16:56:19', '2024-09-22 11:09:51'),
(169, '2024-09-22', '11:30:18', '3301/1', 1, 499.00, '', 1, 187, 1, 1, 0, '2024-09-22 11:31:30', '2024-10-03 09:46:01'),
(170, '2024-09-22', '11:35:19', '899/12', 1, 0.00, '', 1, 187, 1, 1, 0, '2024-09-22 11:36:00', '2024-09-22 16:00:28'),
(171, '2024-09-26', '12:16:03', '99/298', 1, 300.00, '', 1, 187, 1, 1, 0, '2024-09-26 12:16:45', '2024-10-03 09:50:23');

-- --------------------------------------------------------

--
-- Table structure for table `bookings_no`
--

CREATE TABLE `bookings_no` (
  `id` int(11) NOT NULL,
  `bo_date` date NOT NULL,
  `bo_year` int(11) NOT NULL,
  `bo_year_th` int(11) NOT NULL,
  `bo_month` int(11) NOT NULL,
  `bo_no` int(11) NOT NULL,
  `bo_full` varchar(50) COLLATE utf8mb4_unicode_ci NOT NULL,
  `booking_id` int(11) NOT NULL,
  `created_at` datetime NOT NULL
) ENGINE=InnoDB DEFAULT CHARSET=utf8mb4 COLLATE=utf8mb4_unicode_ci;

--
-- Dumping data for table `bookings_no`
--

INSERT INTO `bookings_no` (`id`, `bo_date`, `bo_year`, `bo_year_th`, `bo_month`, `bo_no`, `bo_full`, `booking_id`, `created_at`) VALUES
(1, '2023-09-18', 2023, 66, 9, 1, 'BO66090001', 1, '2023-09-18 07:13:27'),
(2, '2023-09-18', 2023, 66, 9, 2, 'BO66090002', 2, '2023-09-18 07:26:43'),
(3, '2023-09-18', 2023, 66, 9, 3, 'BO66090003', 3, '2023-09-18 07:35:37'),
(4, '2023-09-21', 2023, 66, 9, 4, 'BO66090004', 4, '2023-09-21 06:32:42'),
(5, '2023-09-21', 2023, 66, 9, 5, 'BO66090005', 5, '2023-09-21 06:33:27'),
(6, '2023-09-21', 2023, 66, 9, 6, 'BO66090006', 6, '2023-09-21 06:35:08'),
(7, '2023-09-21', 2023, 66, 9, 7, 'BO66090007', 7, '2023-09-21 06:38:11'),
(8, '2023-09-21', 2023, 66, 9, 8, 'BO66090008', 8, '2023-09-21 06:46:17'),
(9, '2023-09-21', 2023, 66, 9, 9, 'BO66090009', 9, '2023-09-21 07:12:14'),
(10, '2023-09-22', 2023, 66, 9, 10, 'BO66090010', 10, '2023-09-22 08:09:46'),
(11, '2023-09-22', 2023, 66, 9, 11, 'BO66090011', 11, '2023-09-22 08:36:13'),
(12, '2023-09-23', 2023, 66, 9, 12, 'BO66090012', 12, '2023-09-23 04:45:38'),
(13, '2023-09-23', 2023, 66, 9, 13, 'BO66090013', 13, '2023-09-23 04:47:09'),
(14, '2023-09-23', 2023, 66, 9, 14, 'BO66090014', 14, '2023-09-23 04:53:56'),
(15, '2023-09-23', 2023, 66, 9, 15, 'BO66090015', 15, '2023-09-23 05:06:29'),
(16, '2023-09-23', 2023, 66, 9, 16, 'BO66090016', 16, '2023-09-23 05:09:18'),
(17, '2023-09-23', 2023, 66, 9, 17, 'BO66090017', 17, '2023-09-23 05:12:02'),
(18, '2023-09-23', 2023, 66, 9, 18, 'BO66090018', 18, '2023-09-23 05:16:43'),
(19, '2023-09-23', 2023, 66, 9, 19, 'BO66090019', 19, '2023-09-23 05:24:31'),
(20, '2023-09-23', 2023, 66, 9, 20, 'BO66090020', 20, '2023-09-23 05:52:55'),
(21, '2023-09-23', 2023, 66, 9, 21, 'BO66090021', 21, '2023-09-23 06:08:16'),
(22, '2023-09-23', 2023, 66, 9, 22, 'BO66090022', 22, '2023-09-23 06:09:44'),
(23, '2023-09-23', 2023, 66, 9, 23, 'BO66090023', 23, '2023-09-23 06:14:35'),
(24, '2023-09-26', 2023, 66, 9, 24, 'BO66090024', 24, '2023-09-26 05:37:54'),
(25, '2023-09-26', 2023, 66, 9, 25, 'BO66090025', 25, '2023-09-26 07:29:39'),
(26, '2023-09-26', 2023, 66, 9, 26, 'BO66090026', 26, '2023-09-26 10:40:12'),
(27, '2023-09-28', 2023, 66, 9, 27, 'BO66090027', 27, '2023-09-28 06:29:04'),
(28, '2023-09-28', 2023, 66, 9, 28, 'BO66090028', 28, '2023-09-28 07:09:20'),
(29, '2023-09-29', 2023, 66, 9, 29, 'BO66090029', 29, '2023-09-29 04:36:11'),
(30, '2023-10-04', 2023, 66, 10, 1, 'BO66100001', 30, '2023-10-04 05:11:09'),
(31, '2023-10-04', 2023, 66, 10, 2, 'BO66100002', 31, '2023-10-04 05:14:12'),
(32, '2023-10-04', 2023, 66, 10, 3, 'BO66100003', 32, '2023-10-04 05:22:15'),
(33, '2023-10-04', 2023, 66, 10, 4, 'BO66100004', 33, '2023-10-04 05:23:46'),
(34, '2023-10-04', 2023, 66, 10, 5, 'BO66100005', 34, '2023-10-04 05:23:49'),
(35, '2023-10-04', 2023, 66, 10, 6, 'BO66100006', 35, '2023-10-04 05:25:18'),
(36, '2023-10-04', 2023, 66, 10, 7, 'BO66100007', 36, '2023-10-04 05:28:14'),
(37, '2023-10-04', 2023, 66, 10, 8, 'BO66100008', 37, '2023-10-04 05:29:16'),
(38, '2023-10-04', 2023, 66, 10, 9, 'BO66100009', 38, '2023-10-04 05:30:15'),
(39, '2023-10-04', 2023, 66, 10, 10, 'BO66100010', 39, '2023-10-04 05:30:15'),
(40, '2023-10-04', 2023, 66, 10, 11, 'BO66100011', 40, '2023-10-04 05:31:56'),
(41, '2023-10-04', 2023, 66, 10, 12, 'BO66100012', 41, '2023-10-04 05:38:35'),
(42, '2023-10-04', 2023, 66, 10, 13, 'BO66100013', 42, '2023-10-04 05:42:38'),
(43, '2023-10-04', 2023, 66, 10, 14, 'BO66100014', 43, '2023-10-04 05:42:51'),
(44, '2023-10-04', 2023, 66, 10, 15, 'BO66100015', 44, '2023-10-04 05:49:57'),
(45, '2023-10-04', 2023, 66, 10, 16, 'BO66100016', 45, '2023-10-04 05:51:39'),
(46, '2023-10-04', 2023, 66, 10, 17, 'BO66100017', 46, '2023-10-04 05:54:59'),
(47, '2023-10-04', 2023, 66, 10, 18, 'BO66100018', 47, '2023-10-04 06:02:41'),
(48, '2023-10-04', 2023, 66, 10, 19, 'BO66100019', 48, '2023-10-04 06:05:58'),
(49, '2023-10-04', 2023, 66, 10, 20, 'BO66100020', 49, '2023-10-04 06:15:03'),
(50, '2023-10-04', 2023, 66, 10, 21, 'BO66100021', 50, '2023-10-04 06:18:08'),
(51, '2023-10-04', 2023, 66, 10, 22, 'BO66100022', 51, '2023-10-04 06:19:16'),
(52, '2023-11-08', 2023, 66, 11, 1, 'BO66110001', 52, '2023-11-08 06:09:47'),
(53, '2023-11-08', 2023, 66, 11, 2, 'BO66110002', 53, '2023-11-08 06:17:54'),
(54, '2023-11-08', 2023, 66, 11, 3, 'BO66110003', 54, '2023-11-08 06:25:05'),
(55, '2023-11-08', 2023, 66, 11, 4, 'BO66110004', 55, '2023-11-08 06:29:51'),
(56, '2023-11-08', 2023, 66, 11, 5, 'BO66110005', 56, '2023-11-08 06:32:03'),
(57, '2023-11-08', 2023, 66, 11, 6, 'BO66110006', 57, '2023-11-08 06:36:54'),
(58, '2023-11-08', 2023, 66, 11, 7, 'BO66110007', 58, '2023-11-08 06:43:27'),
(59, '2023-11-08', 2023, 66, 11, 8, 'BO66110008', 59, '2023-11-08 06:45:49'),
(60, '2023-11-08', 2023, 66, 11, 9, 'BO66110009', 60, '2023-11-08 06:46:26'),
(61, '2023-11-08', 2023, 66, 11, 10, 'BO66110010', 61, '2023-11-08 07:03:50'),
(62, '2023-11-08', 2023, 66, 11, 11, 'BO66110011', 62, '2023-11-08 07:07:00'),
(63, '2023-11-08', 2023, 66, 11, 12, 'BO66110012', 63, '2023-11-08 07:11:23'),
(64, '2023-11-08', 2023, 66, 11, 13, 'BO66110013', 64, '2023-11-08 07:19:26'),
(65, '2023-11-08', 2023, 66, 11, 14, 'BO66110014', 65, '2023-11-08 07:23:46'),
(66, '2023-11-08', 2023, 66, 11, 15, 'BO66110015', 66, '2023-11-08 07:25:31'),
(67, '2023-11-08', 2023, 66, 11, 16, 'BO66110016', 67, '2023-11-08 07:27:18'),
(68, '2023-11-10', 2023, 66, 11, 17, 'BO66110017', 68, '2023-11-10 05:44:22'),
(69, '2023-11-10', 2023, 66, 11, 18, 'BO66110018', 69, '2023-11-10 05:46:19'),
(70, '2023-11-10', 2023, 66, 11, 19, 'BO66110019', 70, '2023-11-10 05:50:47'),
(71, '2023-11-10', 2023, 66, 11, 20, 'BO66110020', 71, '2023-11-10 05:59:21'),
(72, '2023-11-10', 2023, 66, 11, 21, 'BO66110021', 72, '2023-11-10 06:02:50'),
(73, '2023-11-10', 2023, 66, 11, 22, 'BO66110022', 73, '2023-11-10 06:05:36'),
(74, '2023-11-10', 2023, 66, 11, 23, 'BO66110023', 74, '2023-11-10 06:08:03'),
(75, '2023-11-10', 2023, 66, 11, 24, 'BO66110024', 75, '2023-11-10 06:32:01'),
(76, '2023-11-10', 2023, 66, 11, 25, 'BO66110025', 76, '2023-11-10 06:38:06'),
(77, '2023-11-10', 2023, 66, 11, 26, 'BO66110026', 77, '2023-11-10 06:41:19'),
(78, '2023-11-10', 2023, 66, 11, 27, 'BO66110027', 78, '2023-11-10 06:53:43'),
(79, '2023-11-10', 2023, 66, 11, 28, 'BO66110028', 79, '2023-11-10 06:55:54'),
(80, '2023-11-10', 2023, 66, 11, 29, 'BO66110029', 80, '2023-11-10 06:58:34'),
(81, '2023-11-10', 2023, 66, 11, 30, 'BO66110030', 81, '2023-11-10 07:00:25'),
(82, '2023-11-10', 2023, 66, 11, 31, 'BO66110031', 82, '2023-11-10 07:04:59'),
(83, '2023-11-15', 2023, 66, 11, 32, 'BO66110032', 83, '2023-11-15 08:04:43'),
(84, '2023-11-15', 2023, 66, 11, 33, 'BO66110033', 84, '2023-11-15 09:25:11'),
(85, '2023-11-15', 2023, 66, 11, 34, 'BO66110034', 85, '2023-11-15 13:30:49'),
(86, '2023-11-15', 2023, 66, 11, 35, 'BO66110035', 86, '2023-11-15 13:31:44'),
(87, '2023-11-15', 2023, 66, 11, 36, 'BO66110036', 87, '2023-11-15 13:32:48'),
(88, '2023-11-20', 2023, 66, 11, 37, 'BO66110037', 88, '2023-11-20 08:22:22'),
(89, '2023-11-20', 2023, 66, 11, 38, 'BO66110038', 89, '2023-11-20 08:28:12'),
(90, '2023-11-30', 2023, 66, 11, 39, 'BO66110039', 90, '2023-11-30 01:25:25'),
(91, '2023-12-02', 2023, 66, 12, 1, 'BO66120001', 91, '2023-12-02 06:28:31'),
(92, '2023-12-02', 2023, 66, 12, 2, 'BO66120002', 92, '2023-12-02 12:08:10'),
(93, '2023-12-05', 2023, 66, 12, 3, 'BO66120003', 93, '2023-12-05 04:04:35'),
(94, '2023-12-05', 2023, 66, 12, 4, 'BO66120004', 94, '2023-12-05 04:07:19'),
(95, '2023-12-05', 2023, 66, 12, 5, 'BO66120005', 95, '2023-12-05 04:12:00'),
(96, '2023-12-05', 2023, 66, 12, 6, 'BO66120006', 96, '2023-12-05 09:42:31'),
(97, '2023-12-05', 2023, 66, 12, 7, 'BO66120007', 97, '2023-12-05 09:43:46'),
(98, '2023-12-06', 2023, 66, 12, 8, 'BO66120008', 98, '2023-12-06 06:11:03'),
(99, '2023-12-06', 2023, 66, 12, 9, 'BO66120009', 99, '2023-12-06 12:46:46'),
(100, '2023-12-07', 2023, 66, 12, 10, 'BO66120010', 100, '2023-12-07 12:36:44'),
(101, '2023-12-07', 2023, 66, 12, 11, 'BO66120011', 101, '2023-12-07 13:11:45'),
(102, '2023-12-07', 2023, 66, 12, 12, 'BO66120012', 102, '2023-12-07 13:17:23'),
(103, '2023-12-08', 2023, 66, 12, 13, 'BO66120013', 103, '2023-12-08 05:27:41'),
(104, '2023-12-08', 2023, 66, 12, 14, 'BO66120014', 104, '2023-12-08 13:16:39'),
(105, '2023-12-12', 2023, 66, 12, 15, 'BO66120015', 105, '2023-12-12 04:25:23'),
(106, '2023-12-12', 2023, 66, 12, 16, 'BO66120016', 106, '2023-12-12 04:33:43'),
(107, '2023-12-12', 2023, 66, 12, 17, 'BO66120017', 107, '2023-12-12 04:34:53'),
(108, '2023-12-12', 2023, 66, 12, 18, 'BO66120018', 108, '2023-12-12 05:37:30'),
(109, '2023-12-12', 2023, 66, 12, 19, 'BO66120019', 109, '2023-12-12 14:31:23'),
(110, '2023-12-12', 2023, 66, 12, 20, 'BO66120020', 110, '2023-12-12 14:36:46'),
(111, '2023-12-12', 2023, 66, 12, 21, 'BO66120021', 111, '2023-12-12 14:39:06'),
(112, '2023-12-12', 2023, 66, 12, 22, 'BO66120022', 112, '2023-12-12 14:41:28'),
(113, '2023-12-12', 2023, 66, 12, 23, 'BO66120023', 113, '2023-12-12 14:43:27'),
(114, '2023-12-12', 2023, 66, 12, 24, 'BO66120024', 114, '2023-12-12 14:45:09'),
(115, '2023-12-12', 2023, 66, 12, 25, 'BO66120025', 115, '2023-12-12 14:47:19'),
(116, '2023-12-12', 2023, 66, 12, 26, 'BO66120026', 116, '2023-12-12 14:49:05'),
(117, '2023-12-13', 2023, 66, 12, 27, 'BO66120027', 117, '2023-12-13 05:25:44'),
(118, '2023-12-13', 2023, 66, 12, 28, 'BO66120028', 118, '2023-12-13 12:16:22'),
(119, '2023-12-13', 2023, 66, 12, 29, 'BO66120029', 119, '2023-12-13 13:03:58'),
(120, '2023-12-14', 2023, 66, 12, 30, 'BO66120030', 120, '2023-12-14 08:38:00'),
(121, '2023-12-14', 2023, 66, 12, 31, 'BO66120031', 121, '2023-12-14 09:06:34'),
(122, '2023-12-14', 2023, 66, 12, 32, 'BO66120032', 122, '2023-12-14 12:03:07'),
(123, '2023-12-14', 2023, 66, 12, 33, 'BO66120033', 123, '2023-12-14 12:06:41'),
(124, '2023-12-14', 2023, 66, 12, 34, 'BO66120034', 124, '2023-12-14 12:57:06'),
(125, '2023-12-14', 2023, 66, 12, 35, 'BO66120035', 125, '2023-12-14 14:25:52'),
(126, '2023-12-16', 2023, 66, 12, 36, 'BO66120036', 126, '2023-12-16 05:46:19'),
(127, '2023-12-16', 2023, 66, 12, 37, 'BO66120037', 127, '2023-12-16 05:54:30'),
(128, '2023-12-16', 2023, 66, 12, 38, 'BO66120038', 128, '2023-12-16 09:25:04'),
(129, '2023-12-17', 2023, 66, 12, 39, 'BO66120039', 129, '2023-12-17 09:46:34'),
(130, '2023-12-17', 2023, 66, 12, 40, 'BO66120040', 130, '2023-12-17 09:53:22'),
(131, '2023-12-18', 2023, 66, 12, 41, 'BO66120041', 131, '2023-12-18 12:07:23'),
(132, '2023-12-19', 2023, 66, 12, 42, 'BO66120042', 132, '2023-12-19 04:10:44'),
(133, '2023-12-21', 2023, 66, 12, 43, 'BO66120043', 133, '2023-12-21 04:27:09'),
(134, '2023-12-21', 2023, 66, 12, 44, 'BO66120044', 134, '2023-12-21 04:33:40'),
(135, '2023-12-21', 2023, 66, 12, 45, 'BO66120045', 135, '2023-12-21 04:35:36'),
(136, '2023-12-21', 2023, 66, 12, 46, 'BO66120046', 136, '2023-12-21 04:40:47'),
(137, '2023-12-21', 2023, 66, 12, 47, 'BO66120047', 137, '2023-12-21 04:47:28'),
(138, '2024-01-14', 2024, 67, 1, 1, 'BO67010001', 138, '2024-01-14 05:37:50'),
(139, '2024-01-14', 2024, 67, 1, 2, 'BO67010002', 139, '2024-01-14 05:39:54'),
(140, '2024-02-14', 2024, 67, 2, 1, 'BO67020001', 140, '2024-02-14 11:38:33'),
(141, '2024-02-14', 2024, 67, 2, 2, 'BO67020002', 141, '2024-02-14 11:39:37'),
(142, '2024-02-14', 2024, 67, 2, 3, 'BO67020003', 142, '2024-02-14 11:40:47'),
(143, '2024-02-14', 2024, 67, 2, 4, 'BO67020004', 143, '2024-02-14 11:41:39'),
(144, '2024-02-14', 2024, 67, 2, 5, 'BO67020005', 144, '2024-02-14 11:44:33'),
(145, '2024-02-14', 2024, 67, 2, 6, 'BO67020006', 145, '2024-02-14 11:49:20'),
(146, '2024-05-01', 2024, 67, 5, 1, 'BO67050001', 146, '2024-05-01 04:50:46'),
(147, '2024-07-03', 2024, 67, 7, 1, 'BO67070001', 147, '2024-07-03 02:24:02'),
(148, '2024-07-03', 2024, 67, 7, 2, 'BO67070002', 148, '2024-07-03 02:24:47'),
(149, '2024-07-03', 2024, 67, 7, 3, 'BO67070003', 149, '2024-07-03 02:27:06'),
(150, '2024-07-03', 2024, 67, 7, 4, 'BO67070004', 150, '2024-07-03 03:01:56'),
(151, '2024-07-21', 2024, 67, 7, 5, 'BO67070005', 151, '2024-07-21 02:41:45'),
(152, '2024-07-22', 2024, 67, 7, 6, 'BO67070006', 152, '2024-07-22 07:11:48'),
(153, '2024-07-24', 2024, 67, 7, 7, 'BO67070007', 153, '2024-07-24 16:01:19'),
(154, '2024-07-24', 2024, 67, 7, 8, 'BO67070008', 154, '2024-07-24 16:23:17'),
(155, '2024-07-24', 2024, 67, 7, 9, 'BO67070009', 155, '2024-07-24 16:24:07'),
(156, '2024-07-24', 2024, 67, 7, 10, 'BO67070010', 156, '2024-07-24 21:43:03'),
(157, '2024-07-24', 2024, 67, 7, 11, 'BO67070011', 157, '2024-07-24 21:43:04'),
(158, '2024-07-24', 2024, 67, 7, 12, 'BO67070012', 158, '2024-07-24 21:43:04'),
(159, '2024-07-24', 2024, 67, 7, 13, 'BO67070013', 159, '2024-07-24 21:43:05'),
(160, '2024-07-29', 2024, 67, 7, 14, 'BO67070014', 160, '2024-07-29 18:37:47'),
(161, '2024-07-29', 2024, 67, 7, 15, 'BO67070015', 161, '2024-07-29 18:40:03'),
(162, '2024-08-27', 2024, 67, 8, 1, 'BO67080001', 162, '2024-08-27 17:18:50'),
(163, '2024-08-27', 2024, 67, 8, 2, 'BO67080002', 163, '2024-08-27 17:30:02'),
(164, '2024-08-29', 2024, 67, 8, 3, 'BO67080003', 164, '2024-08-29 11:49:00'),
(165, '2024-09-04', 2024, 67, 9, 1, 'BO67090001', 165, '2024-09-04 17:21:31'),
(166, '2024-09-04', 2024, 67, 9, 2, 'BO67090002', 166, '2024-09-04 17:23:57'),
(167, '2024-09-12', 2024, 67, 9, 3, 'BO67090003', 167, '2024-09-12 13:17:30'),
(168, '2024-09-13', 2024, 67, 9, 4, 'BO67090004', 168, '2024-09-13 16:56:19'),
(169, '2024-09-22', 2024, 67, 9, 5, 'BO67090005', 169, '2024-09-22 11:31:30'),
(170, '2024-09-22', 2024, 67, 9, 6, 'BO67090006', 170, '2024-09-22 11:36:00'),
(171, '2024-09-26', 2024, 67, 9, 7, 'BO67090007', 171, '2024-09-26 12:16:45');

-- --------------------------------------------------------

--
-- Table structure for table `booking_extra_charge`
--

CREATE TABLE `booking_extra_charge` (
  `id` int(11) NOT NULL,
  `name` text COLLATE utf8mb4_unicode_ci NOT NULL,
  `adult` int(11) NOT NULL,
  `child` int(11) NOT NULL,
  `infant` int(11) NOT NULL,
  `privates` int(11) NOT NULL,
  `rate_adult` double(9,2) NOT NULL,
  `rate_child` double(9,2) NOT NULL,
  `rate_infant` double(9,2) NOT NULL,
  `rate_private` double(9,2) NOT NULL,
  `booking_id` int(11) NOT NULL,
  `extra_charge_id` int(11) NOT NULL,
  `type` int(11) NOT NULL DEFAULT 0 COMMENT 'Per Pax : 1\r\nTotal : 2',
  `is_approved` int(11) NOT NULL DEFAULT 0,
  `is_deleted` int(11) NOT NULL DEFAULT 0,
  `created_at` datetime NOT NULL,
  `updated_at` datetime NOT NULL
) ENGINE=InnoDB DEFAULT CHARSET=utf8mb4 COLLATE=utf8mb4_unicode_ci;

--
-- Dumping data for table `booking_extra_charge`
--

INSERT INTO `booking_extra_charge` (`id`, `name`, `adult`, `child`, `infant`, `privates`, `rate_adult`, `rate_child`, `rate_infant`, `rate_private`, `booking_id`, `extra_charge_id`, `type`, `is_approved`, `is_deleted`, `created_at`, `updated_at`) VALUES
(3, '', 4, 5, 1, 0, 300.00, 250.00, 0.00, 0.00, 1, 4, 1, 1, 0, '2023-09-18 07:17:36', '2023-09-22 08:09:39'),
(5, '', 2, 0, 0, 0, 400.00, 200.00, 0.00, 0.00, 3, 10, 1, 1, 0, '2023-09-21 06:17:28', '2023-10-04 05:19:03'),
(6, '', 20, 0, 0, 0, 300.00, 200.00, 0.00, 0.00, 6, 10, 1, 1, 0, '2023-09-21 06:35:08', '2023-09-23 06:22:45'),
(7, '', 20, 0, 0, 0, 10.00, 0.00, 0.00, 10.00, 6, 7, 1, 1, 0, '2023-09-21 06:35:08', '2023-09-23 06:22:45'),
(8, '', 1, 0, 0, 0, 400.00, 200.00, 0.00, 0.00, 8, 10, 1, 1, 0, '2023-09-21 06:46:17', '2023-09-23 06:18:34'),
(9, '', 2, 0, 0, 0, 400.00, 200.00, 0.00, 0.00, 9, 10, 1, 1, 0, '2023-09-21 07:12:14', '2023-09-23 06:17:59'),
(10, '', 1, 0, 0, 0, 400.00, 200.00, 0.00, 0.00, 10, 10, 1, 1, 0, '2023-09-22 08:09:46', '2023-09-23 04:42:03'),
(11, '', 1, 0, 0, 0, 40.00, 200.00, 0.00, 0.00, 10, 10, 1, 1, 0, '2023-09-23 04:41:14', '2023-09-23 04:42:03'),
(13, '', 0, 0, 0, 1, 400.00, 400.00, 400.00, 0.00, 19, 1, 2, 1, 0, '2023-09-23 05:44:06', '2023-09-23 05:44:06'),
(14, '', 3, 2, 1, 0, 400.00, 400.00, 400.00, 1800.00, 24, 1, 1, 1, 0, '2023-09-26 05:37:55', '2023-09-26 10:19:36'),
(16, '', 3, 2, 1, 1, 0.00, 0.00, 0.00, 1800.00, 24, 9, 2, 1, 0, '2023-09-26 06:05:37', '2023-09-26 10:19:37'),
(17, '', 2, 0, 0, 1, 400.00, 400.00, 400.00, 1800.00, 25, 1, 2, 1, 0, '2023-09-26 07:29:40', '2023-09-28 07:08:01'),
(18, '', 2, 0, 0, 2, 0.00, 0.00, 0.00, 150.00, 26, 2, 2, 1, 0, '2023-09-28 06:20:53', '2023-09-28 07:08:13'),
(19, 'ไกด์ภาษาออสเตรเลีย ต่อคน', 2, 1, 0, 1, 0.00, 0.00, 0.00, 2000.00, 27, 0, 2, 1, 0, '2023-09-28 06:29:04', '2023-09-29 01:47:19'),
(20, '', 3, 0, 0, 1, 400.00, 400.00, 400.00, 1800.00, 29, 1, 2, 1, 0, '2023-09-29 04:36:11', '2023-09-29 04:36:11'),
(21, '400', 2, 0, 0, 0, 400.00, 200.00, 0.00, 0.00, 31, 10, 1, 1, 0, '2023-10-04 05:14:12', '2023-10-04 05:16:41'),
(22, '', 2, 0, 0, 0, 400.00, 400.00, 400.00, 1800.00, 44, 1, 2, 1, 0, '2023-10-04 05:49:57', '2023-10-04 05:49:57'),
(23, '', 6, 0, 0, 0, 400.00, 400.00, 400.00, 1800.00, 47, 1, 2, 1, 0, '2023-10-04 06:02:41', '2023-10-04 06:08:28'),
(24, '300', 2, 0, 0, 0, 300.00, 150.00, 0.00, 0.00, 51, 11, 1, 1, 0, '2023-10-04 06:19:16', '2023-10-04 06:19:16'),
(25, '400', 2, 0, 0, 0, 400.00, 200.00, 0.00, 0.00, 52, 10, 1, 1, 0, '2023-11-08 06:09:47', '2023-11-15 08:11:08'),
(26, '400', 2, 0, 0, 0, 400.00, 200.00, 0.00, 0.00, 53, 10, 1, 1, 0, '2023-11-08 06:17:54', '2023-11-15 08:15:46'),
(28, '400', 2, 0, 0, 0, 400.00, 200.00, 0.00, 0.00, 56, 10, 1, 1, 0, '2023-11-08 06:32:03', '2023-11-08 06:32:03'),
(29, '400', 3, 0, 0, 0, 400.00, 200.00, 0.00, 0.00, 57, 10, 1, 1, 0, '2023-11-08 06:36:54', '2023-11-08 06:36:54'),
(30, '400', 2, 0, 0, 0, 400.00, 200.00, 0.00, 0.00, 58, 10, 1, 1, 0, '2023-11-08 06:43:27', '2023-11-08 06:43:27'),
(31, '200', 0, 1, 0, 0, 400.00, 200.00, 0.00, 0.00, 58, 10, 1, 1, 0, '2023-11-08 06:43:27', '2023-11-08 06:43:27'),
(32, '400', 4, 0, 0, 0, 400.00, 200.00, 0.00, 0.00, 60, 10, 1, 1, 0, '2023-11-08 06:46:26', '2023-11-08 06:46:26'),
(33, '400', 2, 0, 0, 0, 400.00, 200.00, 0.00, 0.00, 61, 10, 1, 1, 0, '2023-11-08 07:03:50', '2023-11-08 07:03:50'),
(34, '400', 2, 0, 1, 0, 400.00, 200.00, 0.00, 0.00, 62, 10, 1, 1, 0, '2023-11-08 07:07:00', '2023-11-08 07:07:00'),
(35, '400', 6, 0, 0, 0, 400.00, 200.00, 0.00, 0.00, 64, 10, 1, 1, 0, '2023-11-08 07:21:44', '2023-11-08 07:21:44'),
(36, '400', 5, 0, 0, 0, 400.00, 200.00, 0.00, 0.00, 65, 10, 1, 1, 0, '2023-11-08 07:23:46', '2023-11-08 07:23:46'),
(37, '400', 2, 0, 0, 0, 400.00, 200.00, 0.00, 0.00, 66, 10, 1, 1, 0, '2023-11-08 07:25:31', '2023-11-08 07:25:31'),
(38, '400', 2, 0, 0, 0, 400.00, 200.00, 0.00, 0.00, 69, 10, 1, 1, 0, '2023-11-10 05:46:19', '2023-11-10 05:46:19'),
(39, '400', 4, 0, 0, 0, 400.00, 200.00, 0.00, 0.00, 70, 10, 1, 1, 0, '2023-11-10 05:50:47', '2023-11-10 05:57:52'),
(40, '400', 4, 0, 0, 0, 400.00, 200.00, 0.00, 0.00, 71, 10, 1, 1, 0, '2023-11-10 05:59:21', '2023-11-10 06:03:33'),
(41, '400', 2, 0, 0, 0, 400.00, 200.00, 0.00, 0.00, 73, 10, 1, 1, 0, '2023-11-10 06:05:36', '2023-11-10 06:05:36'),
(42, '400', 4, 0, 0, 0, 400.00, 200.00, 0.00, 0.00, 74, 10, 1, 1, 0, '2023-11-10 06:08:03', '2023-11-10 06:08:03'),
(43, '400', 2, 0, 0, 0, 400.00, 200.00, 0.00, 0.00, 75, 10, 1, 1, 0, '2023-11-10 06:32:01', '2023-11-10 06:32:01'),
(44, '400', 2, 0, 0, 0, 400.00, 200.00, 0.00, 0.00, 76, 10, 1, 1, 0, '2023-11-10 06:38:06', '2023-11-10 06:38:06'),
(45, '300', 2, 0, 0, 0, 300.00, 150.00, 0.00, 0.00, 77, 11, 1, 1, 0, '2023-11-10 06:41:19', '2023-11-10 06:44:12'),
(46, '', 4, 0, 0, 0, 400.00, 200.00, 0.00, 0.00, 78, 10, 1, 1, 0, '2023-11-10 06:53:43', '2023-11-10 06:53:43'),
(47, '400', 2, 0, 0, 0, 400.00, 200.00, 0.00, 0.00, 80, 10, 1, 1, 0, '2023-11-10 06:58:34', '2023-11-10 06:58:34'),
(48, '400', 2, 0, 0, 0, 400.00, 200.00, 0.00, 0.00, 81, 10, 1, 1, 0, '2023-11-10 07:00:25', '2023-11-10 07:00:25'),
(49, '400', 8, 0, 0, 0, 400.00, 200.00, 0.00, 0.00, 82, 10, 1, 1, 0, '2023-11-10 07:04:59', '2023-11-10 07:04:59'),
(50, '300', 2, 0, 0, 0, 300.00, 150.00, 0.00, 0.00, 85, 11, 1, 1, 0, '2023-11-15 13:30:49', '2023-11-16 10:49:20'),
(51, '400', 2, 0, 0, 0, 400.00, 200.00, 0.00, 0.00, 87, 10, 1, 1, 0, '2023-11-15 13:32:48', '2023-11-15 13:32:48'),
(52, '400', 6, 0, 0, 0, 400.00, 200.00, 0.00, 0.00, 90, 10, 1, 1, 0, '2023-11-30 01:25:25', '2023-11-30 01:25:25'),
(53, '400', 4, 0, 0, 0, 400.00, 200.00, 0.00, 0.00, 93, 10, 1, 1, 0, '2023-12-05 04:04:35', '2023-12-05 04:04:35'),
(54, '400', 4, 0, 0, 0, 400.00, 200.00, 0.00, 0.00, 94, 10, 1, 1, 0, '2023-12-05 04:07:19', '2023-12-05 04:07:19'),
(55, '400', 3, 0, 0, 0, 400.00, 200.00, 0.00, 0.00, 95, 10, 1, 1, 0, '2023-12-05 04:13:39', '2023-12-05 04:13:39'),
(56, '300', 2, 0, 0, 0, 300.00, 150.00, 0.00, 0.00, 96, 11, 1, 1, 0, '2023-12-05 09:42:31', '2024-09-28 01:26:55'),
(57, '400', 2, 0, 0, 0, 400.00, 200.00, 0.00, 0.00, 97, 10, 1, 1, 0, '2023-12-05 09:43:46', '2024-09-28 01:26:42'),
(58, '400', 9, 0, 0, 0, 400.00, 200.00, 0.00, 0.00, 99, 10, 1, 1, 0, '2023-12-06 12:46:46', '2023-12-06 12:46:46'),
(59, '200', 0, 1, 0, 0, 400.00, 200.00, 0.00, 0.00, 99, 10, 1, 1, 0, '2023-12-06 12:46:46', '2023-12-06 12:46:46'),
(60, '400', 2, 0, 0, 0, 400.00, 200.00, 0.00, 0.00, 100, 10, 1, 1, 0, '2023-12-07 12:36:44', '2023-12-07 12:36:44'),
(61, '400', 2, 0, 0, 0, 400.00, 200.00, 0.00, 0.00, 101, 10, 1, 1, 0, '2023-12-07 13:11:45', '2023-12-13 02:08:55'),
(62, '400', 3, 0, 0, 0, 400.00, 200.00, 0.00, 0.00, 103, 10, 1, 1, 0, '2023-12-08 05:27:41', '2023-12-08 05:27:41'),
(63, '400', 2, 0, 0, 0, 400.00, 200.00, 0.00, 0.00, 105, 10, 1, 1, 0, '2023-12-12 04:25:23', '2023-12-12 04:28:18'),
(64, '400', 2, 0, 0, 0, 400.00, 200.00, 0.00, 0.00, 111, 10, 1, 1, 0, '2023-12-12 14:39:06', '2023-12-12 14:39:06'),
(65, '400', 2, 0, 0, 0, 400.00, 200.00, 0.00, 0.00, 112, 10, 1, 1, 0, '2023-12-12 14:41:28', '2023-12-12 14:41:28'),
(66, '400', 2, 0, 0, 0, 400.00, 200.00, 0.00, 0.00, 113, 10, 1, 1, 0, '2023-12-12 14:43:27', '2023-12-12 14:43:27'),
(67, '400', 2, 0, 0, 0, 400.00, 200.00, 0.00, 0.00, 114, 10, 1, 1, 0, '2023-12-12 14:45:09', '2023-12-12 14:45:09'),
(68, '', 2, 0, 0, 0, 300.00, 150.00, 0.00, 0.00, 115, 11, 1, 1, 0, '2023-12-12 14:47:19', '2023-12-12 14:47:19'),
(69, '400', 2, 0, 0, 0, 400.00, 200.00, 0.00, 0.00, 117, 10, 1, 1, 0, '2023-12-13 05:25:44', '2023-12-13 05:25:44'),
(70, '400', 2, 0, 0, 0, 400.00, 200.00, 0.00, 0.00, 118, 10, 1, 1, 0, '2023-12-13 12:16:22', '2023-12-13 12:16:22'),
(71, '', 2, 0, 0, 0, 400.00, 200.00, 0.00, 0.00, 119, 10, 1, 1, 0, '2023-12-13 13:03:58', '2023-12-13 13:03:58'),
(72, '400', 2, 0, 0, 0, 400.00, 200.00, 0.00, 0.00, 121, 10, 1, 1, 0, '2023-12-14 09:06:34', '2023-12-14 09:06:34'),
(73, '200', 0, 1, 0, 0, 400.00, 200.00, 0.00, 0.00, 121, 10, 1, 1, 0, '2023-12-14 09:06:34', '2023-12-14 09:06:34'),
(74, '400', 6, 0, 0, 0, 400.00, 200.00, 0.00, 0.00, 123, 10, 1, 1, 0, '2023-12-14 12:07:58', '2023-12-14 12:07:58'),
(75, '400', 2, 0, 0, 0, 400.00, 200.00, 0.00, 0.00, 125, 10, 1, 1, 0, '2023-12-14 14:26:59', '2023-12-14 14:26:59'),
(76, '400', 2, 0, 0, 0, 400.00, 200.00, 0.00, 0.00, 126, 10, 1, 1, 0, '2023-12-16 05:46:19', '2023-12-16 05:46:19'),
(77, '', 3, 2, 0, 0, 500.00, 300.00, 0.00, 0.00, 132, 12, 1, 1, 0, '2023-12-19 04:12:02', '2023-12-19 04:22:48'),
(78, '', 2, 1, 0, 0, 200.00, 0.00, 0.00, 100.00, 145, 5, 1, 1, 0, '2024-02-14 11:50:29', '2024-02-14 11:55:17'),
(79, '', 2, 1, 1, 1, 400.00, 200.00, 0.00, 1000.00, 142, 10, 2, 1, 0, '2024-02-14 11:51:06', '2024-02-14 11:54:38'),
(80, '', 2, 1, 0, 1, 0.00, 0.00, 0.00, 1600.00, 149, 6, 2, 1, 0, '2024-07-03 02:27:06', '2024-07-03 02:27:06'),
(81, '', 2, 0, 0, 0, 300.00, 250.00, 0.00, 0.00, 155, 4, 1, 1, 0, '2024-07-24 16:24:07', '2024-07-24 16:24:07'),
(82, '', 2, 0, 0, 2, 0.00, 0.00, 0.00, 100.00, 163, 5, 2, 1, 0, '2024-08-30 11:54:17', '2024-08-30 11:54:17'),
(83, '', 2, 1, 0, 0, 400.00, 200.00, 0.00, 0.00, 162, 10, 1, 1, 0, '2024-08-30 11:54:54', '2024-09-12 20:10:32'),
(84, '', 2, 0, 0, 1, 0.00, 0.00, 0.00, 1600.00, 164, 6, 2, 1, 0, '2024-08-30 16:42:19', '2024-09-16 19:21:19'),
(85, '', 0, 0, 0, 1, 0.00, 0.00, 0.00, 1600.00, 167, 6, 2, 1, 0, '2024-09-12 13:17:30', '2024-10-03 11:01:18'),
(86, '', 2, 0, 0, 0, 400.00, 200.00, 0.00, 0.00, 167, 10, 1, 1, 0, '2024-10-03 11:01:18', '2024-10-03 11:01:18');

-- --------------------------------------------------------

--
-- Table structure for table `booking_order_boat`
--

CREATE TABLE `booking_order_boat` (
  `id` int(11) NOT NULL,
  `arrange` int(11) NOT NULL,
  `booking_id` int(11) NOT NULL,
  `manage_id` int(11) NOT NULL,
  `created_at` datetime NOT NULL
) ENGINE=InnoDB DEFAULT CHARSET=utf8mb4 COLLATE=utf8mb4_unicode_ci;

--
-- Dumping data for table `booking_order_boat`
--

INSERT INTO `booking_order_boat` (`id`, `arrange`, `booking_id`, `manage_id`, `created_at`) VALUES
(1, 0, 167, 1, '2024-09-17 17:40:46'),
(2, 0, 162, 1, '2024-09-17 17:40:46'),
(4, 0, 164, 2, '2024-09-22 01:02:41'),
(5, 0, 166, 2, '2024-09-22 01:02:41'),
(6, 0, 168, 2, '2024-09-22 01:02:41'),
(7, 0, 165, 2, '2024-09-22 01:02:41'),
(8, 0, 171, 1, '2024-10-03 23:35:22'),
(9, 0, 170, 1, '2024-10-03 23:35:22'),
(10, 0, 169, 1, '2024-10-03 23:35:39');

-- --------------------------------------------------------

--
-- Table structure for table `booking_order_transfer`
--

CREATE TABLE `booking_order_transfer` (
  `id` int(11) NOT NULL,
  `arrange` int(11) NOT NULL,
  `order_id` int(11) NOT NULL,
  `booking_transfer_id` int(11) NOT NULL,
  `created_at` datetime NOT NULL
) ENGINE=InnoDB DEFAULT CHARSET=utf8mb4;

--
-- Dumping data for table `booking_order_transfer`
--

INSERT INTO `booking_order_transfer` (`id`, `arrange`, `order_id`, `booking_transfer_id`, `created_at`) VALUES
(24, 1, 9, 162, '2024-09-22 00:33:13'),
(25, 2, 9, 161, '2024-09-22 00:33:13'),
(30, 1, 10, 166, '2024-09-22 00:34:41');

-- --------------------------------------------------------

--
-- Table structure for table `booking_paid`
--

CREATE TABLE `booking_paid` (
  `id` int(11) NOT NULL,
  `date_paid` date NOT NULL,
  `total_paid` double(9,2) NOT NULL,
  `card_no` varchar(100) COLLATE utf8mb4_unicode_ci NOT NULL,
  `photo` text COLLATE utf8mb4_unicode_ci NOT NULL,
  `note` text COLLATE utf8mb4_unicode_ci NOT NULL,
  `payment_type_id` int(11) NOT NULL,
  `bank_account_id` int(11) NOT NULL,
  `booking_payment_id` int(11) NOT NULL,
  `booking_id` int(11) NOT NULL,
  `user_id` int(11) NOT NULL COMMENT 'user_id',
  `updated_at` datetime NOT NULL,
  `created_at` datetime NOT NULL
) ENGINE=InnoDB DEFAULT CHARSET=utf8mb4 COLLATE=utf8mb4_unicode_ci;

--
-- Dumping data for table `booking_paid`
--

INSERT INTO `booking_paid` (`id`, `date_paid`, `total_paid`, `card_no`, `photo`, `note`, `payment_type_id`, `bank_account_id`, `booking_payment_id`, `booking_id`, `user_id`, `updated_at`, `created_at`) VALUES
(1, '2023-09-24', 1300.00, '', '', 'รวมค่าเรือหางยาว 600', 7, 1, 5, 25, 1, '2023-09-28 07:08:01', '2023-09-26 07:29:40'),
(3, '0000-00-00', 0.00, '', '', '', 0, 0, 3, 24, 1, '2023-12-21 04:57:25', '2023-09-26 09:51:03'),
(4, '0000-00-00', 0.00, '', '', '', 0, 0, 0, 23, 1, '2023-09-26 09:56:57', '2023-09-26 09:56:49'),
(5, '2023-09-24', 2000.00, '', '', '', 6, 0, 4, 25, 1, '2023-09-28 07:08:01', '2023-09-26 10:31:52'),
(6, '0000-00-00', 3998.00, '', '', '', 7, 1, 3, 26, 1, '2023-09-28 07:08:12', '2023-09-26 10:40:13'),
(7, '2023-09-26', 2000.00, '', '', '', 6, 0, 5, 27, 1, '2023-09-29 01:47:19', '2023-09-28 06:29:04'),
(8, '0000-00-00', 0.00, '', '', '', 0, 0, 3, 28, 1, '2023-09-28 07:09:21', '2023-09-28 07:09:21'),
(9, '2023-09-26', 2997.00, '', '', '', 0, 0, 4, 27, 1, '2023-09-29 01:47:19', '2023-09-29 01:47:19'),
(10, '2023-09-06', 500.00, '', '', '', 6, 0, 5, 29, 1, '2023-09-29 04:36:11', '2023-09-29 04:36:11'),
(11, '0000-00-00', 19020.00, '', '', 'Boat 16000\r\nVan 1600\r\nNP 400*2=800\r\nKhai 10*2=20\r\nLunch 300*2=600', 7, 1, 6, 30, 7, '2023-10-04 05:11:09', '2023-10-04 05:11:09'),
(12, '0000-00-00', 0.00, '', '', '', 0, 0, 6, 31, 7, '2023-10-04 05:16:41', '2023-10-04 05:14:12'),
(13, '0000-00-00', 0.00, '', '', '', 0, 0, 0, 3, 7, '2023-10-04 05:19:03', '2023-10-04 05:19:03'),
(14, '0000-00-00', 0.00, '', '', '', 0, 0, 6, 32, 7, '2023-10-04 05:27:12', '2023-10-04 05:22:15'),
(15, '2023-09-01', 7800.00, '', '', '', 7, 1, 3, 33, 3, '2023-10-04 05:23:46', '2023-10-04 05:23:46'),
(16, '2023-09-01', 600.00, '', '', '', 7, 1, 3, 33, 3, '2023-10-04 05:23:46', '2023-10-04 05:23:46'),
(17, '0000-00-00', 0.00, '', '', '', 0, 0, 6, 34, 7, '2023-10-04 05:26:44', '2023-10-04 05:23:49'),
(18, '0000-00-00', 0.00, '', '', '', 0, 0, 6, 35, 7, '2023-10-04 05:26:14', '2023-10-04 05:25:18'),
(19, '0000-00-00', 0.00, '', '', '', 0, 0, 6, 36, 3, '2023-10-04 05:28:14', '2023-10-04 05:28:14'),
(20, '0000-00-00', 0.00, '', '', '', 0, 0, 6, 37, 7, '2023-10-04 05:29:16', '2023-10-04 05:29:16'),
(21, '0000-00-00', 0.00, '', '', '', 0, 0, 6, 38, 3, '2023-10-04 05:30:15', '2023-10-04 05:30:15'),
(22, '0000-00-00', 0.00, '', '', '', 0, 0, 6, 39, 7, '2023-10-04 05:30:15', '2023-10-04 05:30:15'),
(23, '0000-00-00', 0.00, '', '', '', 0, 0, 6, 40, 7, '2023-10-04 05:31:56', '2023-10-04 05:31:56'),
(24, '0000-00-00', 0.00, '', '', '', 0, 0, 6, 41, 3, '2023-10-04 05:38:35', '2023-10-04 05:38:35'),
(25, '0000-00-00', 0.00, '', '', '', 0, 0, 6, 42, 3, '2023-10-04 05:42:38', '2023-10-04 05:42:38'),
(26, '0000-00-00', 0.00, '', '', '', 0, 0, 6, 43, 7, '2023-10-04 05:42:51', '2023-10-04 05:42:51'),
(27, '0000-00-00', 0.00, '', '', 'EX ไพเวจหางยาว 1500', 0, 0, 6, 44, 7, '2023-10-04 05:49:57', '2023-10-04 05:49:57'),
(28, '0000-00-00', 0.00, '', '', '', 0, 0, 6, 45, 7, '2023-10-04 05:51:39', '2023-10-04 05:51:39'),
(29, '0000-00-00', 0.00, '', '', '', 0, 0, 6, 46, 7, '2023-10-04 05:54:59', '2023-10-04 05:54:59'),
(30, '0000-00-00', 0.00, '', '', 'EX 1500/Boat', 0, 0, 6, 47, 7, '2023-10-04 06:08:28', '2023-10-04 06:02:41'),
(31, '0000-00-00', 0.00, '', '', '', 0, 0, 6, 48, 7, '2023-10-04 06:10:04', '2023-10-04 06:05:58'),
(32, '0000-00-00', 0.00, '', '', '', 0, 0, 6, 49, 7, '2023-10-04 06:15:03', '2023-10-04 06:15:03'),
(33, '0000-00-00', 0.00, '', '', '', 0, 0, 6, 50, 7, '2023-10-04 06:18:08', '2023-10-04 06:18:08'),
(34, '0000-00-00', 0.00, '', '', '', 0, 0, 6, 51, 7, '2023-10-04 06:19:16', '2023-10-04 06:19:16'),
(35, '0000-00-00', 1150.00, '', '', '', 0, 0, 6, 52, 7, '2023-11-15 08:11:08', '2023-11-08 06:09:47'),
(36, '0000-00-00', 1150.00, '', '', '', 0, 0, 6, 53, 7, '2023-11-15 08:15:46', '2023-11-08 06:17:54'),
(37, '0000-00-00', 1150.00, '', '', '', 7, 0, 6, 54, 7, '2023-11-08 06:26:06', '2023-11-08 06:25:05'),
(38, '0000-00-00', 1150.00, '', '', '', 7, 0, 6, 55, 7, '2023-11-08 06:29:51', '2023-11-08 06:29:51'),
(39, '0000-00-00', 1150.00, '', '', '', 7, 0, 6, 56, 7, '2023-11-08 06:32:03', '2023-11-08 06:32:03'),
(40, '0000-00-00', 1150.00, '', '', '', 7, 0, 6, 57, 7, '2023-11-08 06:36:54', '2023-11-08 06:36:54'),
(41, '0000-00-00', 1150.00, '', '', '', 7, 0, 6, 58, 7, '2023-11-08 06:43:27', '2023-11-08 06:43:27'),
(42, '0000-00-00', 1150.00, '', '', '', 7, 0, 6, 60, 7, '2023-11-08 06:46:26', '2023-11-08 06:46:26'),
(43, '0000-00-00', 0.00, '', '', '', 0, 0, 0, 59, 7, '2023-11-08 06:47:39', '2023-11-08 06:47:39'),
(44, '0000-00-00', 1150.00, '', '', '', 0, 0, 6, 61, 7, '2023-11-08 07:03:50', '2023-11-08 07:03:50'),
(45, '0000-00-00', 1150.00, '', '', '', 7, 0, 6, 62, 7, '2023-11-08 07:07:00', '2023-11-08 07:07:00'),
(46, '0000-00-00', 1150.00, '', '', 'EX 100/Pax Transfer', 7, 0, 6, 63, 7, '2023-11-08 07:14:43', '2023-11-08 07:14:43'),
(47, '0000-00-00', 0.00, '', '', '', 0, 0, 0, 64, 7, '2023-11-08 07:21:44', '2023-11-08 07:21:44'),
(48, '0000-00-00', 1150.00, '', '', '', 7, 0, 6, 65, 7, '2023-11-08 07:23:46', '2023-11-08 07:23:46'),
(49, '0000-00-00', 1150.00, '', '', '', 7, 0, 6, 66, 7, '2023-11-08 07:25:31', '2023-11-08 07:25:31'),
(50, '0000-00-00', 1150.00, '', '', '', 7, 0, 6, 67, 7, '2023-11-15 08:05:34', '2023-11-08 07:27:18'),
(51, '0000-00-00', 1150.00, '', '', '', 7, 0, 6, 69, 7, '2023-11-10 05:46:19', '2023-11-10 05:46:19'),
(52, '0000-00-00', 1150.00, '', '', '', 7, 0, 6, 70, 7, '2023-11-10 05:57:52', '2023-11-10 05:50:47'),
(53, '0000-00-00', 0.00, '', '', '', 0, 0, 0, 68, 7, '2023-11-10 05:54:52', '2023-11-10 05:54:52'),
(54, '0000-00-00', 1150.00, '', '', '', 7, 0, 6, 71, 7, '2023-11-10 06:03:33', '2023-11-10 05:59:21'),
(55, '0000-00-00', 1150.00, '', '', '', 7, 0, 6, 72, 7, '2023-11-10 06:02:50', '2023-11-10 06:02:50'),
(56, '0000-00-00', 1150.00, '', '', '', 7, 0, 3, 73, 7, '2023-11-10 06:05:36', '2023-11-10 06:05:36'),
(57, '0000-00-00', 1150.00, '', '', '', 7, 0, 6, 74, 7, '2023-11-10 06:08:03', '2023-11-10 06:08:03'),
(58, '0000-00-00', 1150.00, '', '', '', 7, 0, 6, 75, 7, '2023-11-10 06:32:01', '2023-11-10 06:32:01'),
(59, '0000-00-00', 1150.00, '', '', '', 7, 0, 6, 76, 7, '2023-11-10 06:38:06', '2023-11-10 06:38:06'),
(60, '0000-00-00', 1150.00, '', '', '', 7, 0, 6, 77, 7, '2023-11-10 06:44:12', '2023-11-10 06:41:19'),
(61, '0000-00-00', 1150.00, '', '', '', 7, 0, 6, 78, 7, '2023-11-10 06:53:43', '2023-11-10 06:53:43'),
(62, '0000-00-00', 1150.00, '', '', '', 7, 0, 6, 79, 7, '2023-11-10 06:55:54', '2023-11-10 06:55:54'),
(63, '0000-00-00', 1150.00, '', '', '', 7, 0, 6, 80, 7, '2023-11-10 06:58:34', '2023-11-10 06:58:34'),
(64, '0000-00-00', 1150.00, '', '', '', 7, 0, 6, 81, 7, '2023-11-10 07:00:25', '2023-11-10 07:00:25'),
(65, '0000-00-00', 1150.00, '', '', '', 7, 0, 6, 82, 7, '2023-11-10 07:04:59', '2023-11-10 07:04:59'),
(66, '0000-00-00', 1150.00, '', '', '', 7, 0, 6, 83, 7, '2023-11-15 08:04:43', '2023-11-15 08:04:43'),
(67, '0000-00-00', 1150.00, '', '', '', 7, 0, 6, 85, 7, '2023-11-16 10:49:20', '2023-11-15 13:30:49'),
(68, '0000-00-00', 1150.00, '', '', '', 7, 0, 6, 87, 7, '2023-11-15 13:32:48', '2023-11-15 13:32:48'),
(69, '0000-00-00', 0.00, '', '', '', 0, 0, 3, 89, 1, '2023-12-21 04:57:25', '2023-11-20 08:28:12'),
(70, '0000-00-00', 0.00, '', '', '', 0, 0, 1, 88, 1, '2023-11-20 08:35:21', '2023-11-20 08:35:21'),
(71, '0000-00-00', 1250.00, '', '', '', 7, 0, 6, 90, 7, '2023-11-30 01:25:25', '2023-11-30 01:25:25'),
(72, '0000-00-00', 0.00, '', '', '', 0, 0, 2, 91, 7, '2023-12-02 06:28:31', '2023-12-02 06:28:31'),
(73, '0000-00-00', 0.00, '', '', '', 0, 0, 2, 92, 7, '2023-12-14 04:46:03', '2023-12-02 12:08:10'),
(74, '0000-00-00', 0.00, '', '', '', 0, 0, 5, 93, 7, '2023-12-05 04:04:35', '2023-12-05 04:04:35'),
(75, '0000-00-00', 1250.00, '', '', '', 0, 0, 5, 94, 7, '2023-12-05 04:07:19', '2023-12-05 04:07:19'),
(76, '0000-00-00', 1250.00, '', '', '', 0, 0, 5, 95, 7, '2023-12-05 04:13:39', '2023-12-05 04:13:39'),
(77, '0000-00-00', 1250.00, '', '', '', 0, 0, 5, 96, 7, '2023-12-05 09:42:31', '2023-12-05 09:42:31'),
(78, '0000-00-00', 1250.00, '', '', '', 0, 0, 5, 97, 7, '2023-12-05 09:43:46', '2023-12-05 09:43:46'),
(79, '0000-00-00', 0.00, '', '', '', 0, 0, 2, 98, 7, '2023-12-06 06:11:03', '2023-12-06 06:11:03'),
(80, '0000-00-00', 1250.00, '', '', '', 0, 0, 5, 99, 7, '2023-12-06 12:46:46', '2023-12-06 12:46:46'),
(81, '0000-00-00', 1250.00, '', '', '', 0, 0, 6, 101, 7, '2023-12-13 02:08:55', '2023-12-07 13:11:45'),
(82, '0000-00-00', 0.00, '', '', '', 0, 0, 2, 102, 7, '2023-12-07 13:17:23', '2023-12-07 13:17:23'),
(83, '0000-00-00', 1250.00, '', '', '', 0, 0, 5, 103, 7, '2023-12-08 05:27:41', '2023-12-08 05:27:41'),
(84, '0000-00-00', 0.00, '', '', '', 0, 0, 2, 104, 7, '2023-12-08 13:16:39', '2023-12-08 13:16:39'),
(85, '0000-00-00', 1250.00, '', '', '', 0, 0, 5, 105, 7, '2023-12-12 04:28:18', '2023-12-12 04:25:23'),
(86, '0000-00-00', 0.00, '', '', '', 0, 0, 2, 106, 7, '2023-12-12 04:33:43', '2023-12-12 04:33:43'),
(87, '0000-00-00', 0.00, '', '', '', 0, 0, 5, 107, 7, '2023-12-12 04:34:53', '2023-12-12 04:34:53'),
(88, '0000-00-00', 0.00, '', '', '', 0, 0, 5, 108, 7, '2023-12-12 05:37:30', '2023-12-12 05:37:30'),
(89, '0000-00-00', 0.00, '', '', '', 0, 0, 5, 109, 7, '2023-12-12 14:31:23', '2023-12-12 14:31:23'),
(90, '0000-00-00', 0.00, '', '', '', 0, 0, 2, 110, 7, '2023-12-12 14:36:46', '2023-12-12 14:36:46'),
(91, '0000-00-00', 1250.00, '', '', '', 0, 0, 5, 111, 7, '2023-12-12 14:39:06', '2023-12-12 14:39:06'),
(92, '0000-00-00', 1250.00, '', '', '', 0, 0, 5, 112, 7, '2023-12-12 14:41:28', '2023-12-12 14:41:28'),
(93, '0000-00-00', 1250.00, '', '', '', 0, 0, 5, 113, 7, '2023-12-12 14:43:27', '2023-12-12 14:43:27'),
(94, '0000-00-00', 1250.00, '', '', '', 0, 0, 5, 114, 7, '2023-12-12 14:45:09', '2023-12-12 14:45:09'),
(95, '0000-00-00', 1250.00, '', '', '', 0, 0, 5, 115, 7, '2023-12-12 14:47:19', '2023-12-12 14:47:19'),
(96, '0000-00-00', 0.00, '', '', '', 0, 0, 2, 116, 7, '2023-12-13 05:35:18', '2023-12-12 14:49:05'),
(97, '0000-00-00', 1250.00, '', '', '', 0, 0, 5, 118, 7, '2023-12-13 12:16:22', '2023-12-13 12:16:22'),
(98, '0000-00-00', 1250.00, '', '', '', 0, 0, 5, 119, 7, '2023-12-13 13:03:58', '2023-12-13 13:03:58'),
(99, '0000-00-00', 0.00, '', '', '', 0, 0, 5, 120, 7, '2023-12-14 08:38:00', '2023-12-14 08:38:00'),
(100, '0000-00-00', 1250.00, '', '', '', 0, 0, 5, 121, 7, '2023-12-14 09:06:34', '2023-12-14 09:06:34'),
(101, '0000-00-00', 0.00, '', '', '', 0, 0, 5, 122, 7, '2023-12-14 12:03:47', '2023-12-14 12:03:07'),
(102, '0000-00-00', 1250.00, '', '', '', 0, 0, 0, 123, 7, '2023-12-14 12:07:58', '2023-12-14 12:07:58'),
(103, '0000-00-00', 0.00, '', '', '', 0, 0, 2, 124, 7, '2023-12-14 12:57:06', '2023-12-14 12:57:06'),
(104, '0000-00-00', 0.00, '', '', '', 0, 0, 0, 125, 7, '2023-12-14 14:26:59', '2023-12-14 14:26:59'),
(105, '0000-00-00', 1250.00, '', '', '', 0, 0, 5, 126, 7, '2023-12-16 05:46:19', '2023-12-16 05:46:19'),
(106, '0000-00-00', 16000.00, '', '', '', 7, 0, 6, 127, 7, '2023-12-16 05:55:54', '2023-12-16 05:54:30'),
(107, '0000-00-00', 0.00, '', '', '', 0, 0, 2, 128, 7, '2023-12-16 09:27:55', '2023-12-16 09:25:04'),
(108, '0000-00-00', 0.00, '', '', '', 0, 0, 3, 129, 7, '2023-12-17 09:46:34', '2023-12-17 09:46:34'),
(109, '0000-00-00', 0.00, '', '', '', 0, 0, 2, 130, 7, '2023-12-17 09:53:22', '2023-12-17 09:53:22'),
(110, '0000-00-00', 0.00, '', '', '', 0, 0, 2, 131, 7, '2023-12-18 12:08:38', '2023-12-18 12:07:23'),
(111, '0000-00-00', 0.00, '', '', '', 0, 0, 2, 132, 1, '2023-12-19 04:22:48', '2023-12-19 04:10:44'),
(112, '0000-00-00', 0.00, '', '', '', 0, 0, 3, 133, 1, '2024-07-21 03:00:22', '2023-12-21 04:27:09'),
(113, '0000-00-00', 0.00, '', '', '', 0, 0, 3, 135, 1, '2024-07-21 03:00:22', '2023-12-21 04:35:36'),
(114, '0000-00-00', 0.00, '', '', '', 0, 0, 2, 136, 1, '2023-12-21 04:40:47', '2023-12-21 04:40:47'),
(115, '0000-00-00', 0.00, '', '', '', 0, 0, 2, 137, 1, '2024-02-02 09:28:53', '2023-12-21 04:47:28'),
(116, '0000-00-00', 0.00, '', '', '', 0, 0, 3, 24, 1, '2023-12-21 04:57:25', '2023-12-21 04:56:11'),
(117, '0000-00-00', 0.00, '', '', '', 0, 0, 3, 89, 1, '2023-12-21 04:57:25', '2023-12-21 04:56:11'),
(118, '0000-00-00', 0.00, '', '', '', 0, 0, 3, 138, 1, '2024-07-21 03:00:22', '2024-01-14 05:37:50'),
(119, '0000-00-00', 0.00, '', '', '', 0, 0, 2, 139, 1, '2024-01-14 05:39:54', '2024-01-14 05:39:54'),
(120, '0000-00-00', 0.00, '', '', '', 0, 0, 3, 138, 1, '2024-07-21 03:00:22', '2024-01-14 06:10:09'),
(121, '0000-00-00', 0.00, '', '', '', 0, 0, 2, 140, 1, '2024-02-14 11:53:44', '2024-02-14 11:38:33'),
(122, '0000-00-00', 0.00, '', '', '', 0, 0, 3, 141, 1, '2024-07-21 03:00:22', '2024-02-14 11:39:37'),
(123, '0000-00-00', 0.00, '', '', '', 0, 0, 2, 142, 1, '2024-02-14 11:54:38', '2024-02-14 11:40:47'),
(124, '2024-02-14', 1000.00, '', '', '', 6, 0, 3, 143, 1, '2024-07-03 03:15:34', '2024-02-14 11:41:39'),
(125, '0000-00-00', 1500.00, '', '', '', 0, 0, 4, 144, 1, '2024-02-14 11:54:54', '2024-02-14 11:44:33'),
(126, '0000-00-00', 800.00, '', '', '', 0, 0, 4, 145, 1, '2024-02-14 11:55:17', '2024-02-14 11:49:20'),
(127, '0000-00-00', 0.00, '', '', '', 0, 0, 3, 143, 1, '2024-07-03 03:15:34', '2024-02-15 06:16:08'),
(128, '0000-00-00', 0.00, '', '', '', 0, 0, 6, 140, 1, '2024-02-15 06:34:25', '2024-02-15 06:34:25'),
(129, '0000-00-00', 0.00, '', '', '', 0, 0, 6, 25, 1, '2024-02-15 06:35:49', '2024-02-15 06:35:49'),
(130, '0000-00-00', 0.00, '', '', '', 0, 0, 6, 27, 1, '2024-02-15 06:35:49', '2024-02-15 06:35:49'),
(131, '0000-00-00', 0.00, '', '', '', 0, 0, 3, 141, 1, '2024-07-21 03:00:22', '2024-02-15 06:49:31'),
(132, '0000-00-00', 0.00, '', '', '', 0, 0, 6, 142, 1, '2024-02-15 06:49:31', '2024-02-15 06:49:31'),
(133, '0000-00-00', 0.00, '', '', '', 0, 0, 2, 146, 1, '2024-05-01 04:50:46', '2024-05-01 04:50:46'),
(134, '0000-00-00', 0.00, '', '', '', 0, 0, 6, 132, 1, '2024-05-01 05:02:36', '2024-05-01 05:02:36'),
(135, '0000-00-00', 0.00, '', '', '', 0, 0, 2, 147, 1, '2024-07-03 02:24:02', '2024-07-03 02:24:02'),
(136, '0000-00-00', 0.00, '', '', '', 0, 0, 4, 148, 1, '2024-07-03 02:24:47', '2024-07-03 02:24:47'),
(137, '0000-00-00', 1000.00, '', '', '', 6, 0, 4, 149, 1, '2024-07-03 02:27:06', '2024-07-03 02:27:06'),
(138, '0000-00-00', 0.00, '', '', '', 0, 0, 2, 150, 1, '2024-07-03 03:01:56', '2024-07-03 03:01:56'),
(139, '0000-00-00', 0.00, '', '', '', 0, 0, 6, 25, 1, '2024-07-03 03:13:57', '2024-07-03 03:13:57'),
(140, '0000-00-00', 0.00, '', '', '', 0, 0, 6, 27, 1, '2024-07-03 03:13:57', '2024-07-03 03:13:57'),
(141, '0000-00-00', 0.00, '', '', '', 0, 0, 6, 29, 1, '2024-07-03 03:13:57', '2024-07-03 03:13:57'),
(142, '0000-00-00', 0.00, '', '', '', 0, 0, 2, 151, 1, '2024-08-14 20:01:11', '2024-07-21 02:41:45'),
(143, '0000-00-00', 0.00, '', '', '', 0, 0, 3, 133, 1, '2024-07-21 03:00:22', '2024-07-21 02:58:53'),
(144, '0000-00-00', 0.00, '', '', '', 0, 0, 3, 135, 1, '2024-07-21 03:00:22', '2024-07-21 02:58:53'),
(145, '0000-00-00', 0.00, '', '', '', 0, 0, 3, 138, 1, '2024-07-21 03:00:22', '2024-07-21 02:58:53'),
(146, '0000-00-00', 0.00, '', '', '', 0, 0, 3, 141, 1, '2024-07-21 03:00:22', '2024-07-21 02:58:53'),
(147, '0000-00-00', 0.00, '', '', '', 0, 0, 2, 152, 1, '2024-08-14 20:04:21', '2024-07-22 07:11:48'),
(148, '0000-00-00', 0.00, '', '', '', 0, 0, 6, 142, 1, '2024-07-22 07:21:54', '2024-07-22 07:21:54'),
(149, '0000-00-00', 0.00, '', '', '', 0, 0, 6, 147, 1, '2024-07-22 07:21:54', '2024-07-22 07:21:54'),
(150, '0000-00-00', 1000.00, '', '', '', 0, 0, 4, 153, 1, '2024-07-24 19:41:14', '2024-07-24 16:01:19'),
(151, '0000-00-00', 1000.00, '', '', '', 0, 0, 4, 155, 1, '2024-07-24 16:24:07', '2024-07-24 16:24:07'),
(152, '0000-00-00', 0.00, '', '', '', 0, 0, 2, 154, 1, '2024-07-24 16:53:35', '2024-07-24 16:24:50'),
(153, '0000-00-00', 0.00, '', '', '', 0, 0, 2, 156, 1, '2024-09-28 00:46:11', '2024-07-24 21:43:03'),
(154, '0000-00-00', 0.00, '', '', '', 0, 0, 2, 157, 1, '2024-09-28 00:45:59', '2024-07-24 21:43:04'),
(155, '0000-00-00', 0.00, '', '', '', 0, 0, 2, 158, 1, '2024-09-28 00:45:50', '2024-07-24 21:43:04'),
(156, '0000-00-00', 0.00, '', '', '', 0, 0, 2, 159, 1, '2024-09-28 00:45:41', '2024-07-24 21:43:05'),
(157, '0000-00-00', 0.00, '', '', '', 0, 0, 2, 160, 1, '2024-09-22 11:06:53', '2024-07-29 18:37:47'),
(158, '0000-00-00', 1000.00, '', '', '', 0, 0, 4, 161, 1, '2024-09-18 10:21:31', '2024-07-29 18:40:03'),
(159, '0000-00-00', 0.00, '', '', '', 0, 0, 2, 162, 1, '2024-08-30 16:40:17', '2024-08-27 17:18:50'),
(160, '0000-00-00', 0.00, '', '', '', 0, 0, 2, 163, 1, '2024-08-30 11:54:17', '2024-08-27 17:30:02'),
(161, '0000-00-00', 1500.00, '', '', '', 0, 0, 4, 164, 1, '2024-09-16 19:21:19', '2024-08-29 11:49:00'),
(162, '0000-00-00', 0.00, '', '', '', 0, 0, 6, 163, 1, '2024-08-30 11:54:17', '2024-08-29 20:45:10'),
(163, '0000-00-00', 0.00, '', '', '', 0, 0, 6, 164, 1, '2024-09-04 15:00:42', '2024-09-04 15:00:42'),
(164, '0000-00-00', 1500.00, '', '', '', 0, 0, 4, 162, 1, '2024-09-12 20:10:32', '2024-09-04 16:04:40'),
(165, '0000-00-00', 0.00, '', '', '', 0, 0, 6, 162, 1, '2024-09-04 16:07:54', '2024-09-04 16:07:54'),
(166, '0000-00-00', 0.00, '', '', '', 0, 0, 2, 165, 1, '2024-09-04 17:21:31', '2024-09-04 17:21:31'),
(167, '0000-00-00', 0.00, '', '', '', 0, 0, 2, 166, 1, '2024-09-04 17:23:57', '2024-09-04 17:23:57'),
(168, '0000-00-00', 200.00, '', '', '', 0, 0, 4, 167, 1, '2024-10-03 11:01:18', '2024-09-12 13:17:30'),
(169, '0000-00-00', 300.00, '', '', '', 0, 0, 4, 168, 1, '2024-09-22 11:09:51', '2024-09-13 16:56:19'),
(170, '0000-00-00', 0.00, '', '', '', 0, 0, 6, 161, 1, '2024-09-18 10:21:42', '2024-09-18 10:21:42'),
(171, '0000-00-00', 1000.00, '', '', '', 0, 0, 4, 169, 1, '2024-09-22 11:31:30', '2024-09-22 11:31:30'),
(172, '0000-00-00', 0.00, '', '', '', 0, 0, 2, 170, 1, '2024-09-22 11:36:00', '2024-09-22 11:36:00'),
(173, '0000-00-00', 0.00, '', '', '', 0, 0, 2, 171, 1, '2024-09-26 12:16:45', '2024-09-26 12:16:45'),
(174, '0000-00-00', 2000.00, '', '', '', 0, 0, 4, 97, 1, '2024-09-28 01:26:42', '2024-09-28 01:26:42'),
(175, '0000-00-00', 1400.00, '', '', '', 0, 0, 4, 96, 1, '2024-09-28 01:26:55', '2024-09-28 01:26:55'),
(178, '0000-00-00', 0.00, '', '', '', 0, 0, 6, 167, 1, '2024-10-03 23:32:31', '2024-10-03 23:32:31'),
(179, '0000-00-00', 0.00, '', '', '', 0, 0, 6, 171, 1, '2024-10-03 23:32:31', '2024-10-03 23:32:31'),
(180, '0000-00-00', 0.00, '', '', '', 0, 0, 6, 162, 1, '2024-10-03 23:32:31', '2024-10-03 23:32:31'),
(181, '0000-00-00', 0.00, '', '', '', 0, 0, 6, 170, 1, '2024-10-03 23:32:31', '2024-10-03 23:32:31'),
(182, '0000-00-00', 0.00, '', '', '', 0, 0, 6, 164, 1, '2024-10-03 23:32:31', '2024-10-03 23:32:31');

-- --------------------------------------------------------

--
-- Table structure for table `booking_paid_detail`
--

CREATE TABLE `booking_paid_detail` (
  `id` int(11) NOT NULL,
  `date_paid` date NOT NULL,
  `time_paid` time NOT NULL,
  `total_paid` int(11) NOT NULL,
  `card_no` varchar(100) COLLATE utf8mb4_unicode_ci NOT NULL,
  `photo` text COLLATE utf8mb4_unicode_ci NOT NULL,
  `note` text COLLATE utf8mb4_unicode_ci NOT NULL,
  `payment_type_id` int(11) NOT NULL,
  `bank_account_id` int(11) NOT NULL,
  `booking_paid_id` int(11) NOT NULL,
  `updated_at` datetime NOT NULL,
  `created_at` datetime NOT NULL
) ENGINE=InnoDB DEFAULT CHARSET=utf8mb4 COLLATE=utf8mb4_unicode_ci;

-- --------------------------------------------------------

--
-- Table structure for table `booking_payment`
--

CREATE TABLE `booking_payment` (
  `id` int(11) NOT NULL,
  `name` varchar(100) COLLATE utf8mb4_unicode_ci NOT NULL,
  `name_class` varchar(200) COLLATE utf8mb4_unicode_ci NOT NULL,
  `button_class` varchar(200) COLLATE utf8mb4_unicode_ci NOT NULL,
  `type` int(11) NOT NULL COMMENT '1 : select 2 : not select',
  `created_at` datetime NOT NULL
) ENGINE=InnoDB DEFAULT CHARSET=utf8mb4 COLLATE=utf8mb4_unicode_ci;

--
-- Dumping data for table `booking_payment`
--

INSERT INTO `booking_payment` (`id`, `name`, `name_class`, `button_class`, `type`, `created_at`) VALUES
(1, 'รอโอน', 'badge-light-info', 'btn-relief-info', 1, '2023-01-12 04:23:12'),
(2, 'วางบิล', 'badge-light-warning', 'btn-relief-warning', 1, '2023-01-12 04:23:12'),
(3, 'Paid', 'badge-light-success', 'btn-relief-success', 1, '2023-01-12 04:23:12'),
(4, 'Cash on tour', 'badge-light-danger', 'btn-relief-danger', 1, '2023-01-12 04:23:12'),
(5, 'Deposit', 'badge-light-secondary', 'btn-relief-secondary', 1, '2023-01-12 04:23:12'),
(6, 'Invoice', 'badge-light-info', 'btn-relief-info', 1, '2023-01-12 04:23:12');

-- --------------------------------------------------------

--
-- Table structure for table `booking_products`
--

CREATE TABLE `booking_products` (
  `id` int(11) NOT NULL,
  `travel_date` date NOT NULL,
  `adult` int(11) NOT NULL,
  `child` int(11) NOT NULL,
  `infant` int(11) NOT NULL,
  `foc` int(11) NOT NULL,
  `note` text COLLATE utf8mb4_unicode_ci NOT NULL,
  `private_type` int(11) NOT NULL DEFAULT 0 COMMENT '0 : non private\r\n1 : per pax\r\n2 : total',
  `booking_type_id` int(11) NOT NULL,
  `booking_id` int(11) NOT NULL,
  `product_id` int(11) NOT NULL,
  `category_id` int(11) NOT NULL,
  `is_approved` int(11) NOT NULL DEFAULT 0,
  `is_deleted` int(11) NOT NULL DEFAULT 0,
  `created_at` datetime NOT NULL,
  `updated_at` datetime NOT NULL
) ENGINE=InnoDB DEFAULT CHARSET=utf8mb4 COLLATE=utf8mb4_unicode_ci;

--
-- Dumping data for table `booking_products`
--

INSERT INTO `booking_products` (`id`, `travel_date`, `adult`, `child`, `infant`, `foc`, `note`, `private_type`, `booking_type_id`, `booking_id`, `product_id`, `category_id`, `is_approved`, `is_deleted`, `created_at`, `updated_at`) VALUES
(1, '2023-09-20', 4, 2, 1, 1, 'Note (หมายเหตุ)', 0, 1, 1, 11, 13, 1, 0, '2023-09-18 07:13:27', '2023-09-22 08:09:39'),
(2, '2023-09-01', 2, 3, 0, 0, '', 0, 1, 2, 1, 1, 1, 0, '2023-09-18 07:26:43', '2023-09-23 06:21:45'),
(3, '2023-09-02', 2, 0, 0, 0, '', 0, 1, 3, 1, 1, 1, 0, '2023-09-18 07:35:37', '2023-10-04 05:19:03'),
(4, '2023-09-01', 20, 0, 0, 2, 'FOC = TL, Guide\r\n', 0, 2, 4, 4, 4, 1, 0, '2023-09-21 06:32:42', '2023-09-23 06:01:05'),
(5, '2023-09-01', 20, 0, 0, 2, 'FOC = TL, Guide\r\n', 0, 2, 5, 4, 4, 1, 0, '2023-09-21 06:33:27', '2023-09-23 06:01:43'),
(6, '2023-09-01', 20, 0, 0, 3, 'FOC = TL, Guide\r\n', 0, 2, 6, 4, 4, 1, 0, '2023-09-21 06:35:08', '2023-09-23 06:22:45'),
(7, '2023-09-01', 9, 0, 0, 1, '', 0, 1, 7, 1, 1, 1, 0, '2023-09-21 06:38:11', '2023-09-23 06:19:01'),
(8, '2023-09-01', 1, 0, 0, 0, '', 0, 1, 8, 1, 1, 1, 0, '2023-09-21 06:46:17', '2023-09-23 06:18:34'),
(9, '2023-09-01', 2, 0, 0, 0, '', 0, 1, 9, 1, 1, 1, 0, '2023-09-21 07:12:14', '2023-09-23 06:17:59'),
(10, '2023-09-01', 2, 0, 0, 0, '', 0, 1, 10, 1, 1, 1, 0, '2023-09-22 08:09:46', '2023-09-23 04:42:03'),
(11, '2023-09-01', 2, 0, 0, 0, '', 0, 1, 11, 1, 1, 1, 0, '2023-09-22 08:36:13', '2023-09-23 06:17:32'),
(12, '2023-09-01', 2, 0, 0, 0, '', 0, 1, 12, 1, 1, 1, 0, '2023-09-23 04:45:38', '2023-09-23 04:45:38'),
(13, '2023-09-01', 4, 0, 0, 0, '', 0, 1, 13, 1, 1, 1, 0, '2023-09-23 04:47:09', '2023-09-23 04:47:09'),
(14, '2023-09-01', 2, 0, 0, 0, '', 0, 1, 14, 1, 1, 1, 0, '2023-09-23 04:53:56', '2023-09-23 04:59:01'),
(15, '2023-09-01', 4, 0, 0, 0, '', 0, 1, 15, 1, 1, 1, 0, '2023-09-23 05:06:29', '2023-09-23 05:06:29'),
(16, '2023-09-01', 2, 0, 0, 0, '', 0, 1, 16, 1, 1, 1, 0, '2023-09-23 05:09:18', '2023-09-23 05:09:18'),
(17, '2023-09-01', 2, 0, 0, 0, '', 0, 1, 17, 1, 1, 1, 0, '2023-09-23 05:12:02', '2023-09-23 05:12:02'),
(18, '2023-09-01', 3, 0, 0, 0, '', 0, 1, 18, 1, 1, 1, 0, '2023-09-23 05:16:43', '2023-09-23 05:16:43'),
(19, '2023-09-01', 4, 0, 0, 0, '', 0, 1, 19, 1, 1, 1, 0, '2023-09-23 05:24:31', '2023-09-23 05:44:06'),
(20, '2023-09-01', 8, 0, 0, 0, '', 0, 1, 20, 1, 1, 1, 0, '2023-09-23 05:52:55', '2023-09-23 05:52:55'),
(21, '2023-09-01', 7, 0, 0, 0, '', 0, 1, 21, 1, 1, 1, 0, '2023-09-23 06:08:16', '2023-09-23 06:08:16'),
(22, '2023-09-01', 7, 0, 0, 0, '', 0, 1, 22, 1, 1, 1, 0, '2023-09-23 06:09:44', '2023-09-23 06:09:44'),
(23, '2023-09-01', 2, 0, 0, 0, '', 0, 1, 23, 1, 1, 1, 0, '2023-09-23 06:14:35', '2023-09-26 09:56:57'),
(24, '2023-11-30', 3, 2, 1, 1, 'Note (หมายเหตุ)', 0, 1, 24, 7, 7, 1, 0, '2023-09-26 05:37:54', '2023-09-26 10:19:36'),
(25, '2023-11-30', 2, 0, 0, 0, 'Note (หมายเหตุ)', 0, 1, 25, 11, 11, 1, 0, '2023-09-26 07:29:39', '2023-09-28 07:08:00'),
(26, '2023-11-30', 2, 0, 0, 0, '1 ต่างชาติ', 0, 1, 26, 7, 7, 1, 0, '2023-09-26 10:40:13', '2023-09-28 07:08:12'),
(27, '2023-11-30', 2, 1, 0, 0, '', 0, 1, 27, 7, 7, 1, 0, '2023-09-28 06:29:04', '2023-09-29 01:47:18'),
(28, '2023-11-30', 2, 1, 0, 0, '', 0, 1, 28, 11, 11, 1, 0, '2023-09-28 07:09:20', '2023-09-28 07:09:20'),
(29, '2023-11-30', 3, 0, 0, 0, 'Test System', 0, 1, 29, 11, 11, 1, 0, '2023-09-29 04:36:11', '2023-09-29 04:36:11'),
(30, '2023-09-02', 2, 0, 0, 0, '', 0, 2, 30, 4, 4, 1, 0, '2023-10-04 05:11:09', '2023-10-04 05:11:09'),
(31, '2023-09-02', 2, 0, 0, 0, '', 0, 1, 31, 1, 1, 1, 0, '2023-10-04 05:14:12', '2023-10-04 05:16:41'),
(32, '2023-09-02', 2, 0, 0, 0, '', 0, 1, 32, 1, 1, 1, 0, '2023-10-04 05:22:15', '2023-10-04 05:27:12'),
(33, '2023-09-01', 6, 0, 0, 0, 'Extra TF 100/apx', 0, 1, 33, 2, 2, 1, 0, '2023-10-04 05:23:46', '2023-10-04 05:23:46'),
(34, '2023-09-02', 2, 0, 0, 0, '', 0, 1, 34, 1, 1, 1, 0, '2023-10-04 05:23:49', '2023-10-04 05:26:44'),
(35, '2023-09-02', 5, 0, 0, 0, '', 0, 1, 35, 1, 1, 1, 0, '2023-10-04 05:25:18', '2023-10-04 05:26:14'),
(36, '2023-09-01', 2, 2, 0, 0, '', 0, 1, 36, 2, 2, 1, 0, '2023-10-04 05:28:14', '2023-10-04 05:28:14'),
(37, '2023-09-02', 2, 0, 0, 0, '', 0, 1, 37, 1, 1, 1, 0, '2023-10-04 05:29:16', '2023-10-04 05:29:16'),
(38, '2023-09-01', 2, 0, 0, 0, '', 0, 1, 38, 2, 2, 1, 0, '2023-10-04 05:30:15', '2023-10-04 05:30:15'),
(39, '2023-09-02', 2, 0, 0, 0, '', 0, 1, 39, 1, 1, 1, 0, '2023-10-04 05:30:15', '2023-10-04 05:30:15'),
(40, '2023-09-02', 5, 0, 0, 0, '', 0, 1, 40, 1, 1, 1, 0, '2023-10-04 05:31:56', '2023-10-04 05:31:56'),
(41, '2023-09-01', 2, 0, 0, 0, '', 0, 1, 41, 2, 2, 1, 0, '2023-10-04 05:38:35', '2023-10-04 05:38:35'),
(42, '2023-08-01', 3, 0, 0, 0, '', 0, 1, 42, 2, 2, 1, 0, '2023-10-04 05:42:38', '2023-10-04 05:42:38'),
(43, '2023-09-02', 4, 0, 0, 0, '', 0, 1, 43, 1, 1, 1, 0, '2023-10-04 05:42:51', '2023-10-04 05:42:51'),
(44, '2023-09-02', 2, 0, 0, 0, '', 0, 1, 44, 1, 1, 1, 0, '2023-10-04 05:49:57', '2023-10-04 05:49:57'),
(45, '2023-09-02', 2, 0, 0, 0, '', 0, 1, 45, 1, 1, 1, 0, '2023-10-04 05:51:39', '2023-10-04 05:51:39'),
(46, '2023-09-02', 2, 0, 0, 0, '', 0, 1, 46, 1, 1, 1, 0, '2023-10-04 05:54:59', '2023-10-04 05:54:59'),
(47, '2023-09-02', 6, 0, 0, 0, '', 0, 1, 47, 1, 1, 1, 0, '2023-10-04 06:02:41', '2023-10-04 06:08:28'),
(48, '2023-09-02', 2, 0, 0, 0, 'Luxury Longtail 098-6822328', 0, 1, 48, 1, 1, 1, 0, '2023-10-04 06:05:58', '2023-10-04 06:10:04'),
(49, '2023-09-02', 2, 0, 0, 0, '', 0, 1, 49, 1, 1, 1, 0, '2023-10-04 06:15:03', '2023-10-04 06:15:03'),
(50, '2023-09-01', 9, 1, 0, 0, '', 0, 1, 50, 2, 2, 1, 0, '2023-10-04 06:18:08', '2023-10-04 06:18:08'),
(51, '2023-09-01', 2, 0, 0, 0, '', 0, 1, 51, 2, 2, 1, 0, '2023-10-04 06:19:16', '2023-10-04 06:19:16'),
(52, '2024-01-02', 2, 0, 0, 0, '', 0, 1, 52, 1, 1, 1, 0, '2023-11-08 06:09:47', '2023-11-15 08:11:08'),
(53, '2024-01-02', 2, 0, 0, 0, '', 0, 1, 53, 1, 1, 1, 0, '2023-11-08 06:17:54', '2023-11-15 08:15:46'),
(54, '2024-01-03', 2, 0, 0, 0, '', 0, 1, 54, 1, 1, 1, 0, '2023-11-08 06:25:05', '2023-11-08 06:26:06'),
(55, '2024-01-04', 2, 0, 0, 0, '', 0, 1, 55, 1, 1, 1, 0, '2023-11-08 06:29:51', '2023-11-08 06:29:51'),
(56, '2024-01-04', 2, 0, 0, 0, '', 0, 1, 56, 1, 1, 1, 0, '2023-11-08 06:32:03', '2023-11-08 06:32:03'),
(57, '2024-01-04', 3, 0, 0, 0, '', 0, 1, 57, 1, 1, 1, 0, '2023-11-08 06:36:54', '2023-11-08 06:36:54'),
(58, '2024-01-08', 2, 1, 0, 0, '', 0, 1, 58, 1, 1, 1, 0, '2023-11-08 06:43:27', '2023-11-08 06:43:27'),
(59, '2024-01-13', 4, 0, 0, 0, '', 0, 1, 59, 1, 1, 1, 0, '2023-11-08 06:45:49', '2023-11-08 06:47:39'),
(60, '2024-01-13', 4, 0, 0, 0, '', 0, 1, 60, 1, 1, 1, 0, '2023-11-08 06:46:26', '2023-11-08 06:46:26'),
(61, '2024-01-16', 2, 0, 0, 0, '', 0, 1, 61, 1, 1, 1, 0, '2023-11-08 07:03:50', '2023-11-08 07:03:50'),
(62, '2024-01-20', 2, 0, 1, 0, '', 0, 1, 62, 1, 1, 1, 0, '2023-11-08 07:07:00', '2023-11-08 07:07:00'),
(63, '2024-01-22', 2, 0, 0, 0, '', 0, 1, 63, 1, 1, 1, 0, '2023-11-08 07:11:23', '2023-11-08 07:14:43'),
(64, '2024-01-26', 6, 0, 0, 0, '', 0, 1, 64, 1, 1, 1, 0, '2023-11-08 07:19:26', '2023-11-08 07:21:44'),
(65, '2024-01-28', 5, 0, 0, 0, '', 0, 1, 65, 1, 1, 1, 0, '2023-11-08 07:23:46', '2023-11-08 07:23:46'),
(66, '2024-01-28', 2, 0, 0, 0, '', 0, 1, 66, 1, 1, 1, 0, '2023-11-08 07:25:31', '2023-11-08 07:25:31'),
(67, '2024-01-31', 8, 0, 0, 0, '', 0, 1, 67, 1, 1, 1, 0, '2023-11-08 07:27:18', '2023-11-15 08:05:33'),
(68, '2023-11-10', 0, 0, 0, 0, '', 0, 1, 68, 7, 7, 1, 0, '2023-11-10 05:44:22', '2023-11-10 05:54:52'),
(69, '2024-02-05', 2, 0, 0, 0, '', 0, 1, 69, 1, 1, 1, 0, '2023-11-10 05:46:19', '2023-11-10 05:46:19'),
(70, '2024-02-07', 4, 0, 0, 0, '', 0, 1, 70, 1, 1, 1, 0, '2023-11-10 05:50:47', '2023-11-10 05:57:52'),
(71, '2024-02-07', 4, 0, 0, 0, '', 0, 1, 71, 1, 1, 1, 0, '2023-11-10 05:59:21', '2023-11-10 06:03:33'),
(72, '2024-02-08', 2, 0, 0, 0, '', 0, 1, 72, 1, 1, 1, 0, '2023-11-10 06:02:50', '2023-11-10 06:02:50'),
(73, '2024-02-09', 2, 0, 0, 0, '', 0, 1, 73, 1, 1, 1, 0, '2023-11-10 06:05:36', '2023-11-10 06:05:36'),
(74, '2024-02-09', 4, 0, 0, 0, '', 0, 1, 74, 1, 1, 1, 0, '2023-11-10 06:08:03', '2023-11-10 06:08:03'),
(75, '2024-02-10', 2, 0, 0, 0, '', 0, 1, 75, 1, 1, 1, 0, '2023-11-10 06:32:01', '2023-11-10 06:32:01'),
(76, '2024-02-15', 2, 0, 0, 0, '', 0, 1, 76, 1, 1, 1, 0, '2023-11-10 06:38:06', '2023-11-10 06:38:06'),
(77, '2024-10-01', 2, 0, 0, 0, '', 0, 1, 77, 2, 2, 1, 0, '2023-11-10 06:41:19', '2023-11-10 06:44:12'),
(78, '2024-02-16', 4, 0, 0, 0, '', 0, 1, 78, 1, 1, 1, 0, '2023-11-10 06:53:43', '2023-11-10 06:53:43'),
(79, '2024-10-01', 2, 0, 0, 0, '', 0, 1, 79, 1, 1, 1, 0, '2023-11-10 06:55:54', '2023-11-10 06:55:54'),
(80, '2024-10-01', 2, 0, 0, 0, '', 0, 1, 80, 1, 1, 1, 0, '2023-11-10 06:58:34', '2023-11-10 06:58:34'),
(81, '2024-10-01', 2, 0, 0, 0, '', 0, 1, 81, 1, 1, 1, 0, '2023-11-10 07:00:25', '2023-11-10 07:00:25'),
(82, '2024-10-01', 8, 0, 0, 0, '', 0, 1, 82, 1, 1, 1, 0, '2023-11-10 07:04:59', '2023-11-10 07:04:59'),
(83, '2024-01-30', 8, 0, 0, 0, '', 0, 1, 83, 1, 1, 1, 0, '2023-11-15 08:04:43', '2023-11-15 08:04:43'),
(84, '2024-01-15', 2, 0, 0, 0, '', 0, 1, 84, 2, 2, 1, 0, '2023-11-15 09:25:11', '2023-11-15 09:25:11'),
(85, '2024-01-31', 2, 0, 0, 0, '', 0, 1, 85, 2, 2, 1, 0, '2023-11-15 13:30:49', '2023-11-16 10:49:20'),
(86, '2023-11-15', 0, 0, 0, 0, '', 0, 1, 86, 7, 7, 1, 0, '2023-11-15 13:31:44', '2023-11-15 13:31:44'),
(87, '2024-02-01', 2, 0, 0, 0, '', 0, 1, 87, 1, 1, 1, 0, '2023-11-15 13:32:48', '2023-11-15 13:32:48'),
(88, '2023-11-30', 4, 3, 2, 1, 'detail', 0, 1, 88, 2, 2, 1, 0, '2023-11-20 08:22:22', '2023-11-20 08:35:21'),
(89, '2023-11-30', 2, 1, 0, 0, '', 0, 1, 89, 7, 7, 1, 0, '2023-11-20 08:28:12', '2023-11-20 08:35:13'),
(90, '2024-01-08', 6, 0, 0, 0, '', 0, 1, 90, 1, 1, 1, 0, '2023-11-30 01:25:25', '2023-11-30 01:25:25'),
(91, '2024-01-03', 2, 0, 0, 0, '', 0, 1, 91, 1, 1, 1, 0, '2023-12-02 06:28:31', '2023-12-02 06:28:31'),
(92, '2024-01-18', 3, 0, 0, 0, '', 0, 1, 92, 1, 1, 1, 0, '2023-12-02 12:08:10', '2023-12-14 04:46:03'),
(93, '2024-01-12', 4, 0, 0, 0, '', 0, 1, 93, 1, 1, 1, 0, '2023-12-05 04:04:35', '2023-12-05 04:04:35'),
(94, '2024-10-01', 4, 0, 0, 0, '', 0, 1, 94, 1, 1, 1, 0, '2023-12-05 04:07:19', '2023-12-05 04:07:19'),
(95, '2024-02-01', 3, 0, 0, 0, '', 0, 1, 95, 1, 1, 1, 0, '2023-12-05 04:12:00', '2023-12-05 04:13:39'),
(96, '2024-09-29', 2, 0, 0, 0, '', 0, 1, 96, 2, 2, 1, 0, '2023-12-05 09:42:31', '2024-09-28 01:26:55'),
(97, '2024-09-29', 2, 0, 0, 0, '', 0, 1, 97, 1, 1, 1, 0, '2023-12-05 09:43:46', '2024-09-28 01:26:42'),
(98, '2024-01-07', 5, 0, 0, 0, '', 0, 1, 98, 1, 1, 1, 0, '2023-12-06 06:11:03', '2023-12-06 06:11:03'),
(99, '2024-01-07', 9, 1, 0, 0, '', 0, 1, 99, 1, 1, 1, 0, '2023-12-06 12:46:46', '2023-12-06 12:46:46'),
(100, '2024-01-11', 2, 0, 0, 0, '', 0, 1, 100, 1, 1, 1, 0, '2023-12-07 12:36:44', '2023-12-07 12:36:44'),
(101, '2024-01-15', 2, 0, 0, 0, '', 0, 1, 101, 1, 1, 1, 0, '2023-12-07 13:11:45', '2023-12-13 02:08:55'),
(102, '2024-01-20', 4, 0, 0, 0, 'หางยาวไพเวจ', 0, 1, 102, 1, 1, 1, 0, '2023-12-07 13:17:23', '2023-12-07 13:17:23'),
(103, '2024-01-04', 3, 0, 0, 0, '', 0, 1, 103, 1, 1, 1, 0, '2023-12-08 05:27:41', '2023-12-08 05:27:41'),
(104, '2024-02-13', 6, 0, 0, 0, 'Private Longtail', 0, 1, 104, 1, 1, 1, 0, '2023-12-08 13:16:39', '2023-12-08 13:16:39'),
(105, '2024-01-29', 2, 0, 0, 0, '', 0, 1, 105, 1, 1, 1, 0, '2023-12-12 04:25:23', '2023-12-12 04:28:18'),
(106, '2024-10-01', 0, 0, 0, 0, '', 0, 1, 106, 1, 1, 1, 0, '2023-12-12 04:33:43', '2023-12-12 04:33:43'),
(107, '2024-10-01', 2, 0, 0, 0, '', 0, 1, 107, 2, 2, 1, 0, '2023-12-12 04:34:53', '2023-12-12 04:34:53'),
(108, '2024-01-15', 2, 2, 0, 1, '', 0, 1, 108, 1, 1, 1, 0, '2023-12-12 05:37:30', '2023-12-12 05:37:30'),
(109, '2024-02-15', 2, 0, 0, 0, '', 0, 1, 109, 1, 1, 1, 0, '2023-12-12 14:31:23', '2023-12-12 14:31:23'),
(110, '2024-01-26', 2, 0, 0, 0, '', 0, 1, 110, 1, 1, 1, 0, '2023-12-12 14:36:46', '2023-12-12 14:36:46'),
(111, '2024-01-14', 2, 0, 0, 0, '', 0, 1, 111, 1, 1, 1, 0, '2023-12-12 14:39:06', '2023-12-12 14:39:06'),
(112, '2024-01-07', 2, 0, 0, 0, '', 0, 1, 112, 1, 1, 1, 0, '2023-12-12 14:41:28', '2023-12-12 14:41:28'),
(113, '2024-01-23', 2, 0, 0, 0, '', 0, 1, 113, 1, 1, 1, 0, '2023-12-12 14:43:27', '2023-12-12 14:43:27'),
(114, '2024-10-01', 2, 0, 0, 0, '', 0, 1, 114, 1, 1, 1, 0, '2023-12-12 14:45:09', '2023-12-12 14:45:09'),
(115, '2024-10-01', 2, 0, 0, 0, '', 0, 1, 115, 2, 2, 1, 0, '2023-12-12 14:47:19', '2023-12-12 14:47:19'),
(116, '2024-10-01', 15, 0, 0, 0, '', 0, 1, 116, 1, 1, 1, 0, '2023-12-12 14:49:05', '2023-12-13 05:35:18'),
(117, '2024-02-09', 2, 0, 0, 0, '', 0, 1, 117, 1, 1, 1, 0, '2023-12-13 05:25:44', '2023-12-13 05:25:44'),
(118, '2024-02-15', 2, 0, 1, 0, '', 0, 1, 118, 1, 1, 1, 0, '2023-12-13 12:16:22', '2023-12-13 12:16:22'),
(119, '2024-01-18', 2, 0, 0, 0, '', 0, 1, 119, 1, 1, 1, 0, '2023-12-13 13:03:58', '2023-12-13 13:03:58'),
(120, '2024-01-27', 4, 0, 0, 0, '', 0, 1, 120, 1, 1, 1, 0, '2023-12-14 08:38:00', '2023-12-14 08:38:00'),
(121, '2024-02-14', 2, 1, 0, 0, '', 0, 1, 121, 1, 1, 1, 0, '2023-12-14 09:06:34', '2023-12-14 09:06:34'),
(122, '2024-02-14', 2, 1, 0, 0, '', 0, 1, 122, 1, 1, 1, 0, '2023-12-14 12:03:07', '2023-12-14 12:03:47'),
(123, '2024-10-01', 6, 0, 0, 0, '', 0, 1, 123, 1, 1, 1, 0, '2023-12-14 12:06:41', '2023-12-14 12:07:58'),
(124, '2024-01-03', 2, 0, 0, 0, '', 0, 1, 124, 1, 1, 1, 0, '2023-12-14 12:57:06', '2023-12-14 12:57:06'),
(125, '2024-01-29', 2, 0, 0, 0, '', 0, 1, 125, 1, 1, 1, 0, '2023-12-14 14:25:52', '2023-12-14 14:26:59'),
(126, '2024-02-15', 2, 0, 0, 0, '', 0, 1, 126, 1, 1, 1, 0, '2023-12-16 05:46:19', '2023-12-16 05:46:19'),
(127, '2024-02-07', 23, 0, 0, 3, '', 0, 1, 127, 4, 4, 1, 0, '2023-12-16 05:54:30', '2023-12-16 05:55:54'),
(128, '2024-01-08', 5, 0, 0, 0, '', 0, 1, 128, 1, 1, 1, 0, '2023-12-16 09:25:04', '2023-12-16 09:27:55'),
(129, '2024-01-18', 6, 1, 0, 0, '', 0, 1, 129, 2, 2, 1, 0, '2023-12-17 09:46:34', '2023-12-17 09:46:34'),
(130, '2024-01-14', 2, 0, 0, 0, '', 0, 1, 130, 7, 7, 1, 0, '2023-12-17 09:53:22', '2023-12-17 09:53:22'),
(131, '2024-01-10', 20, 0, 0, 3, '', 0, 1, 131, 1, 1, 1, 0, '2023-12-18 12:07:23', '2023-12-18 12:08:38'),
(132, '2024-01-15', 3, 2, 0, 0, '', 0, 1, 132, 11, 12, 1, 0, '2023-12-19 04:10:44', '2023-12-19 04:22:47'),
(133, '2024-01-15', 2, 0, 0, 0, 'test', 0, 1, 133, 7, 7, 1, 0, '2023-12-21 04:27:09', '2023-12-21 04:27:09'),
(134, '2023-12-21', 0, 0, 0, 0, '', 0, 1, 134, 7, 7, 1, 0, '2023-12-21 04:33:40', '2023-12-21 04:33:40'),
(135, '2024-01-15', 4, 0, 0, 0, '', 0, 1, 135, 7, 7, 1, 0, '2023-12-21 04:35:36', '2023-12-21 04:35:36'),
(136, '2023-12-23', 10, 0, 0, 0, '', 0, 1, 136, 7, 7, 1, 0, '2023-12-21 04:40:47', '2023-12-21 04:40:47'),
(137, '2023-12-23', 2, 0, 0, 0, '', 0, 1, 137, 7, 7, 1, 0, '2023-12-21 04:47:28', '2024-02-02 09:28:53'),
(138, '2024-01-15', 2, 1, 0, 0, '', 0, 1, 138, 7, 7, 1, 0, '2024-01-14 05:37:50', '2024-01-14 05:37:50'),
(139, '2024-01-15', 6, 0, 0, 0, '', 0, 1, 139, 7, 7, 1, 0, '2024-01-14 05:39:54', '2024-01-14 05:39:54'),
(140, '2024-10-01', 2, 0, 0, 0, 'Test System', 0, 1, 140, 10, 10, 1, 0, '2024-02-14 11:38:33', '2024-02-14 11:53:44'),
(141, '2024-10-01', 2, 1, 0, 1, '', 0, 1, 141, 10, 10, 1, 0, '2024-02-14 11:39:37', '2024-02-14 11:54:31'),
(142, '2024-10-01', 2, 1, 1, 0, '', 0, 1, 142, 10, 10, 1, 0, '2024-02-14 11:40:47', '2024-02-14 11:54:38'),
(143, '2024-10-01', 3, 0, 0, 1, '', 0, 1, 143, 10, 10, 1, 0, '2024-02-14 11:41:39', '2024-02-14 11:57:06'),
(144, '2024-10-01', 2, 1, 0, 0, '', 0, 1, 144, 10, 10, 1, 0, '2024-02-14 11:44:33', '2024-02-14 11:54:54'),
(145, '2024-10-01', 2, 1, 0, 1, '', 0, 1, 145, 10, 10, 1, 0, '2024-02-14 11:49:20', '2024-02-14 11:55:17'),
(146, '2024-09-29', 2, 1, 0, 0, 'weerrrtyuu', 0, 1, 146, 3, 3, 1, 0, '2024-05-01 04:50:46', '2024-05-01 04:50:46'),
(147, '2024-01-01', 2, 0, 0, 0, 'Note (หมายเหตุ)', 0, 1, 147, 2, 2, 1, 0, '2024-07-03 02:24:02', '2024-07-03 02:24:02'),
(148, '2024-01-01', 2, 0, 0, 0, '', 0, 1, 148, 3, 3, 1, 0, '2024-07-03 02:24:47', '2024-07-03 02:24:47'),
(149, '2024-01-01', 2, 1, 0, 1, '', 0, 1, 149, 4, 4, 1, 0, '2024-07-03 02:27:06', '2024-07-03 02:27:06'),
(150, '2024-09-29', 2, 1, 0, 0, 'test', 0, 1, 150, 5, 5, 1, 0, '2024-07-03 03:01:56', '2024-07-03 03:01:56'),
(151, '2024-09-29', 2, 1, 0, 0, 'test', 0, 1, 151, 4, 4, 1, 0, '2024-07-21 02:41:45', '2024-08-14 20:01:11'),
(152, '2024-09-29', 2, 1, 0, 0, 'rrrrrrrrrrrrrrrrrrrrr', 0, 1, 152, 3, 3, 1, 0, '2024-07-22 07:11:48', '2024-08-14 20:04:21'),
(153, '2024-09-30', 2, 0, 0, 0, '', 0, 1, 153, 11, 12, 1, 0, '2024-07-24 16:01:19', '2024-07-24 19:41:14'),
(154, '2024-09-30', 2, 0, 0, 1, '', 0, 1, 154, 6, 6, 1, 0, '2024-07-24 16:23:17', '2024-07-24 16:53:35'),
(155, '2024-09-30', 2, 0, 0, 1, '', 0, 1, 155, 6, 6, 1, 0, '2024-07-24 16:24:07', '2024-07-24 16:24:07'),
(156, '2024-09-30', 0, 0, 0, 0, '', 0, 1, 156, 7, 7, 1, 0, '2024-07-24 21:43:03', '2024-09-28 00:46:11'),
(157, '2024-09-30', 0, 0, 0, 0, '', 0, 1, 157, 7, 7, 1, 0, '2024-07-24 21:43:04', '2024-09-28 00:45:59'),
(158, '2024-09-30', 0, 0, 0, 0, '', 0, 1, 158, 7, 7, 1, 0, '2024-07-24 21:43:04', '2024-09-28 00:45:50'),
(159, '2024-09-30', 0, 0, 0, 0, '', 0, 1, 159, 7, 7, 1, 0, '2024-07-24 21:43:05', '2024-09-28 00:45:41'),
(160, '2024-09-30', 2, 0, 0, 0, '', 0, 1, 160, 2, 2, 1, 0, '2024-07-29 18:37:47', '2024-09-22 11:09:41'),
(161, '2024-09-30', 2, 0, 0, 0, '', 0, 1, 161, 4, 4, 1, 0, '2024-07-29 18:40:03', '2024-09-18 10:21:31'),
(162, '2024-09-30', 2, 1, 0, 0, 'test system', 0, 1, 162, 10, 14, 1, 0, '2024-08-27 17:18:50', '2024-09-12 20:10:32'),
(163, '2024-09-30', 2, 0, 0, 1, 'test system', 0, 1, 163, 10, 10, 1, 0, '2024-08-27 17:30:02', '2024-08-30 11:54:17'),
(164, '2024-09-30', 2, 0, 0, 0, '', 0, 1, 164, 10, 10, 1, 0, '2024-08-29 11:49:00', '2024-09-16 19:21:19'),
(165, '2024-09-30', 2, 0, 0, 0, '', 0, 1, 165, 10, 14, 1, 0, '2024-09-04 17:21:31', '2024-09-22 11:04:25'),
(166, '2024-09-30', 2, 0, 0, 0, '', 0, 1, 166, 10, 10, 1, 0, '2024-09-04 17:23:57', '2024-09-22 11:04:15'),
(167, '2024-09-30', 2, 0, 0, 0, 'Test note system\r\nTest note system', 0, 1, 167, 10, 10, 1, 0, '2024-09-12 13:17:30', '2024-10-03 11:01:18'),
(168, '2024-09-30', 2, 0, 0, 0, '', 0, 1, 168, 4, 4, 1, 0, '2024-09-13 16:56:19', '2024-09-22 11:09:51'),
(169, '2024-09-30', 2, 0, 0, 0, '', 0, 1, 169, 12, 15, 1, 0, '2024-09-22 11:31:30', '2024-09-22 11:31:30'),
(170, '2024-09-30', 2, 1, 0, 0, '', 0, 1, 170, 12, 16, 1, 0, '2024-09-22 11:36:00', '2024-09-22 16:00:28'),
(171, '2024-09-30', 2, 0, 0, 1, '', 0, 1, 171, 12, 15, 1, 0, '2024-09-26 12:16:45', '2024-09-26 12:16:45');

-- --------------------------------------------------------

--
-- Table structure for table `booking_product_rates`
--

CREATE TABLE `booking_product_rates` (
  `id` int(11) NOT NULL,
  `rate_adult` double(9,2) NOT NULL,
  `rate_child` double(9,2) NOT NULL,
  `rate_infant` double(9,2) NOT NULL,
  `rate_group` double(9,2) NOT NULL,
  `pax_group` int(11) NOT NULL,
  `rate_total` double(9,2) NOT NULL,
  `booking_products_id` int(11) NOT NULL,
  `product_rates_id` int(11) NOT NULL,
  `created_at` datetime NOT NULL,
  `updated_at` datetime NOT NULL
) ENGINE=InnoDB DEFAULT CHARSET=utf8mb4 COLLATE=utf8mb4_unicode_ci;

--
-- Dumping data for table `booking_product_rates`
--

INSERT INTO `booking_product_rates` (`id`, `rate_adult`, `rate_child`, `rate_infant`, `rate_group`, `pax_group`, `rate_total`, `booking_products_id`, `product_rates_id`, `created_at`, `updated_at`) VALUES
(1, 1099.00, 499.00, 99.00, 0.00, 0, 5493.00, 1, 0, '2023-09-18 07:13:27', '2023-09-22 08:09:39'),
(2, 0.00, 0.00, 0.00, 0.00, 0, 0.00, 2, 0, '2023-09-18 07:26:43', '2023-09-23 06:21:45'),
(3, 0.00, 0.00, 0.00, 0.00, 0, 0.00, 3, 0, '2023-09-18 07:35:37', '2023-10-04 05:19:03'),
(4, 0.00, 0.00, 0.00, 0.00, 0, 0.00, 4, 0, '2023-09-21 06:32:42', '2023-09-23 06:01:05'),
(5, 0.00, 0.00, 0.00, 0.00, 0, 0.00, 5, 0, '2023-09-21 06:33:27', '2023-09-23 06:01:43'),
(6, 0.00, 0.00, 0.00, 0.00, 0, 0.00, 6, 0, '2023-09-21 06:35:08', '2023-09-23 06:22:45'),
(7, 0.00, 0.00, 0.00, 0.00, 0, 0.00, 7, 0, '2023-09-21 06:38:11', '2023-09-23 06:19:01'),
(8, 0.00, 0.00, 0.00, 0.00, 0, 0.00, 8, 0, '2023-09-21 06:46:17', '2023-09-23 06:18:34'),
(9, 0.00, 0.00, 0.00, 0.00, 0, 0.00, 9, 0, '2023-09-21 07:12:14', '2023-09-23 06:17:59'),
(10, 0.00, 0.00, 0.00, 0.00, 0, 0.00, 10, 0, '2023-09-22 08:09:46', '2023-09-23 04:42:03'),
(11, 0.00, 0.00, 0.00, 0.00, 0, 0.00, 11, 0, '2023-09-22 08:36:13', '2023-09-23 06:17:32'),
(12, 0.00, 0.00, 0.00, 0.00, 0, 0.00, 12, 0, '2023-09-23 04:45:38', '2023-09-23 04:45:38'),
(13, 0.00, 0.00, 0.00, 0.00, 0, 0.00, 13, 0, '2023-09-23 04:47:09', '2023-09-23 04:47:09'),
(14, 0.00, 0.00, 0.00, 0.00, 0, 0.00, 14, 0, '2023-09-23 04:53:56', '2023-09-23 04:59:01'),
(15, 0.00, 0.00, 0.00, 0.00, 0, 0.00, 15, 0, '2023-09-23 05:06:29', '2023-09-23 05:06:29'),
(16, 0.00, 0.00, 0.00, 0.00, 0, 0.00, 16, 0, '2023-09-23 05:09:18', '2023-09-23 05:09:18'),
(17, 0.00, 0.00, 0.00, 0.00, 0, 0.00, 17, 0, '2023-09-23 05:12:02', '2023-09-23 05:12:02'),
(18, 0.00, 0.00, 0.00, 0.00, 0, 0.00, 18, 0, '2023-09-23 05:16:43', '2023-09-23 05:16:43'),
(19, 0.00, 0.00, 0.00, 0.00, 0, 0.00, 19, 0, '2023-09-23 05:24:31', '2023-09-23 05:44:06'),
(20, 0.00, 0.00, 0.00, 0.00, 0, 0.00, 20, 0, '2023-09-23 05:52:55', '2023-09-23 05:52:55'),
(21, 0.00, 0.00, 0.00, 0.00, 0, 0.00, 21, 0, '2023-09-23 06:08:16', '2023-09-23 06:08:16'),
(22, 0.00, 0.00, 0.00, 0.00, 0, 0.00, 22, 0, '2023-09-23 06:09:44', '2023-09-23 06:09:44'),
(23, 0.00, 0.00, 0.00, 0.00, 0, 0.00, 23, 0, '2023-09-23 06:14:35', '2023-09-26 09:56:57'),
(24, 1999.00, 999.00, 0.00, 0.00, 0, 7995.00, 24, 4, '2023-09-26 05:37:54', '2023-09-26 10:19:36'),
(25, 899.00, 299.00, 0.00, 0.00, 0, 1798.00, 25, 2, '2023-09-26 07:29:39', '2023-09-28 07:08:01'),
(26, 1999.00, 999.00, 0.00, 0.00, 0, 3998.00, 26, 4, '2023-09-26 10:40:13', '2023-09-28 07:08:12'),
(27, 1999.00, 999.00, 0.00, 0.00, 0, 4997.00, 27, 4, '2023-09-28 06:29:04', '2023-09-29 01:47:18'),
(28, 899.00, 299.00, 0.00, 0.00, 0, 2097.00, 28, 2, '2023-09-28 07:09:20', '2023-09-28 07:09:20'),
(29, 899.00, 299.00, 0.00, 0.00, 0, 2697.00, 29, 2, '2023-09-29 04:36:11', '2023-09-29 04:36:11'),
(30, 0.00, 0.00, 0.00, 0.00, 0, 0.00, 30, 0, '2023-10-04 05:11:09', '2023-10-04 05:11:09'),
(31, 0.00, 0.00, 0.00, 0.00, 0, 0.00, 31, 0, '2023-10-04 05:14:12', '2023-10-04 05:16:41'),
(32, 0.00, 0.00, 0.00, 0.00, 0, 0.00, 32, 0, '2023-10-04 05:22:15', '2023-10-04 05:27:12'),
(33, 0.00, 0.00, 0.00, 0.00, 0, 0.00, 33, 0, '2023-10-04 05:23:46', '2023-10-04 05:23:46'),
(34, 0.00, 0.00, 0.00, 0.00, 0, 0.00, 34, 0, '2023-10-04 05:23:49', '2023-10-04 05:26:44'),
(35, 0.00, 0.00, 0.00, 0.00, 0, 0.00, 35, 0, '2023-10-04 05:25:18', '2023-10-04 05:26:14'),
(36, 0.00, 0.00, 0.00, 0.00, 0, 0.00, 36, 0, '2023-10-04 05:28:14', '2023-10-04 05:28:14'),
(37, 0.00, 0.00, 0.00, 0.00, 0, 0.00, 37, 0, '2023-10-04 05:29:16', '2023-10-04 05:29:16'),
(38, 0.00, 0.00, 0.00, 0.00, 0, 0.00, 38, 0, '2023-10-04 05:30:15', '2023-10-04 05:30:15'),
(39, 0.00, 0.00, 0.00, 0.00, 0, 0.00, 39, 0, '2023-10-04 05:30:15', '2023-10-04 05:30:15'),
(40, 0.00, 0.00, 0.00, 0.00, 0, 0.00, 40, 0, '2023-10-04 05:31:56', '2023-10-04 05:31:56'),
(41, 0.00, 0.00, 0.00, 0.00, 0, 0.00, 41, 0, '2023-10-04 05:38:35', '2023-10-04 05:38:35'),
(42, 0.00, 0.00, 0.00, 0.00, 0, 0.00, 42, 0, '2023-10-04 05:42:38', '2023-10-04 05:42:38'),
(43, 0.00, 0.00, 0.00, 0.00, 0, 0.00, 43, 0, '2023-10-04 05:42:51', '2023-10-04 05:42:51'),
(44, 0.00, 0.00, 0.00, 0.00, 0, 0.00, 44, 0, '2023-10-04 05:49:57', '2023-10-04 05:49:57'),
(45, 0.00, 0.00, 0.00, 0.00, 0, 0.00, 45, 0, '2023-10-04 05:51:39', '2023-10-04 05:51:39'),
(46, 0.00, 0.00, 0.00, 0.00, 0, 0.00, 46, 0, '2023-10-04 05:54:59', '2023-10-04 05:54:59'),
(47, 0.00, 0.00, 0.00, 0.00, 0, 0.00, 47, 0, '2023-10-04 06:02:41', '2023-10-04 06:08:28'),
(48, 0.00, 0.00, 0.00, 0.00, 0, 0.00, 48, 0, '2023-10-04 06:05:58', '2023-10-04 06:10:04'),
(49, 0.00, 0.00, 0.00, 0.00, 0, 0.00, 49, 0, '2023-10-04 06:15:03', '2023-10-04 06:15:03'),
(50, 0.00, 0.00, 0.00, 0.00, 0, 0.00, 50, 0, '2023-10-04 06:18:08', '2023-10-04 06:18:08'),
(51, 0.00, 0.00, 0.00, 0.00, 0, 0.00, 51, 0, '2023-10-04 06:19:16', '2023-10-04 06:19:16'),
(52, 0.00, 0.00, 0.00, 0.00, 0, 0.00, 52, 0, '2023-11-08 06:09:47', '2023-11-15 08:11:08'),
(53, 0.00, 0.00, 0.00, 0.00, 0, 0.00, 53, 0, '2023-11-08 06:17:54', '2023-11-15 08:15:46'),
(54, 0.00, 0.00, 0.00, 0.00, 0, 0.00, 54, 0, '2023-11-08 06:25:05', '2023-11-08 06:26:06'),
(55, 0.00, 0.00, 0.00, 0.00, 0, 0.00, 55, 0, '2023-11-08 06:29:51', '2023-11-08 06:29:51'),
(56, 0.00, 0.00, 0.00, 0.00, 0, 0.00, 56, 0, '2023-11-08 06:32:03', '2023-11-08 06:32:03'),
(57, 0.00, 0.00, 0.00, 0.00, 0, 0.00, 57, 0, '2023-11-08 06:36:54', '2023-11-08 06:36:54'),
(58, 0.00, 0.00, 0.00, 0.00, 0, 0.00, 58, 0, '2023-11-08 06:43:27', '2023-11-08 06:43:27'),
(59, 0.00, 0.00, 0.00, 0.00, 0, 0.00, 59, 0, '2023-11-08 06:45:49', '2023-11-08 06:47:39'),
(60, 0.00, 0.00, 0.00, 0.00, 0, 0.00, 60, 0, '2023-11-08 06:46:26', '2023-11-08 06:46:26'),
(61, 0.00, 0.00, 0.00, 0.00, 0, 0.00, 61, 0, '2023-11-08 07:03:50', '2023-11-08 07:03:50'),
(62, 0.00, 0.00, 0.00, 0.00, 0, 0.00, 62, 0, '2023-11-08 07:07:00', '2023-11-08 07:07:00'),
(63, 0.00, 0.00, 0.00, 0.00, 0, 0.00, 63, 0, '2023-11-08 07:11:23', '2023-11-08 07:14:43'),
(64, 0.00, 0.00, 0.00, 0.00, 0, 0.00, 64, 0, '2023-11-08 07:19:26', '2023-11-08 07:21:44'),
(65, 0.00, 0.00, 0.00, 0.00, 0, 0.00, 65, 0, '2023-11-08 07:23:46', '2023-11-08 07:23:46'),
(66, 0.00, 0.00, 0.00, 0.00, 0, 0.00, 66, 0, '2023-11-08 07:25:31', '2023-11-08 07:25:31'),
(67, 0.00, 0.00, 0.00, 0.00, 0, 0.00, 67, 0, '2023-11-08 07:27:18', '2023-11-15 08:05:33'),
(68, 0.00, 0.00, 0.00, 0.00, 0, 0.00, 68, 0, '2023-11-10 05:44:22', '2023-11-10 05:54:52'),
(69, 0.00, 0.00, 0.00, 0.00, 0, 0.00, 69, 0, '2023-11-10 05:46:19', '2023-11-10 05:46:19'),
(70, 0.00, 0.00, 0.00, 0.00, 0, 0.00, 70, 0, '2023-11-10 05:50:47', '2023-11-10 05:57:52'),
(71, 0.00, 0.00, 0.00, 0.00, 0, 0.00, 71, 0, '2023-11-10 05:59:21', '2023-11-10 06:03:33'),
(72, 0.00, 0.00, 0.00, 0.00, 0, 0.00, 72, 0, '2023-11-10 06:02:50', '2023-11-10 06:02:50'),
(73, 0.00, 0.00, 0.00, 0.00, 0, 0.00, 73, 0, '2023-11-10 06:05:36', '2023-11-10 06:05:36'),
(74, 0.00, 0.00, 0.00, 0.00, 0, 0.00, 74, 0, '2023-11-10 06:08:03', '2023-11-10 06:08:03'),
(75, 0.00, 0.00, 0.00, 0.00, 0, 0.00, 75, 0, '2023-11-10 06:32:01', '2023-11-10 06:32:01'),
(76, 0.00, 0.00, 0.00, 0.00, 0, 0.00, 76, 0, '2023-11-10 06:38:06', '2023-11-10 06:38:06'),
(77, 0.00, 0.00, 0.00, 0.00, 0, 0.00, 77, 0, '2023-11-10 06:41:19', '2023-11-10 06:44:12'),
(78, 0.00, 0.00, 0.00, 0.00, 0, 0.00, 78, 0, '2023-11-10 06:53:43', '2023-11-10 06:53:43'),
(79, 0.00, 0.00, 0.00, 0.00, 0, 0.00, 79, 0, '2023-11-10 06:55:54', '2023-11-10 06:55:54'),
(80, 0.00, 0.00, 0.00, 0.00, 0, 0.00, 80, 0, '2023-11-10 06:58:34', '2023-11-10 06:58:34'),
(81, 0.00, 0.00, 0.00, 0.00, 0, 0.00, 81, 0, '2023-11-10 07:00:25', '2023-11-10 07:00:25'),
(82, 0.00, 0.00, 0.00, 0.00, 0, 0.00, 82, 0, '2023-11-10 07:04:59', '2023-11-10 07:04:59'),
(83, 0.00, 0.00, 0.00, 0.00, 0, 0.00, 83, 0, '2023-11-15 08:04:43', '2023-11-15 08:04:43'),
(84, 0.00, 0.00, 0.00, 0.00, 0, 0.00, 84, 0, '2023-11-15 09:25:11', '2023-11-15 09:25:11'),
(85, 0.00, 0.00, 0.00, 0.00, 0, 0.00, 85, 0, '2023-11-15 13:30:49', '2023-11-16 10:49:20'),
(86, 0.00, 0.00, 0.00, 0.00, 0, 0.00, 86, 0, '2023-11-15 13:31:44', '2023-11-15 13:31:44'),
(87, 0.00, 0.00, 0.00, 0.00, 0, 0.00, 87, 0, '2023-11-15 13:32:48', '2023-11-15 13:32:48'),
(88, 0.00, 0.00, 0.00, 0.00, 0, 0.00, 90, 0, '2023-11-30 01:25:25', '2023-11-30 01:25:25'),
(89, 0.00, 0.00, 0.00, 0.00, 0, 0.00, 93, 0, '2023-12-05 04:04:35', '2023-12-05 04:04:35'),
(90, 0.00, 0.00, 0.00, 0.00, 0, 0.00, 94, 0, '2023-12-05 04:07:19', '2023-12-05 04:07:19'),
(91, 0.00, 0.00, 0.00, 0.00, 0, 0.00, 95, 0, '2023-12-05 04:12:00', '2023-12-05 04:13:39'),
(92, 999.00, 0.00, 0.00, 0.00, 0, 1998.00, 96, 0, '2023-12-05 09:42:31', '2024-09-28 01:26:55'),
(93, 1500.00, 0.00, 0.00, 0.00, 0, 3000.00, 97, 0, '2023-12-05 09:43:46', '2024-09-28 01:26:42'),
(94, 0.00, 0.00, 0.00, 0.00, 0, 0.00, 99, 0, '2023-12-06 12:46:46', '2023-12-06 12:46:46'),
(95, 0.00, 0.00, 0.00, 0.00, 0, 0.00, 100, 0, '2023-12-07 12:36:44', '2023-12-07 12:36:44'),
(96, 0.00, 0.00, 0.00, 0.00, 0, 0.00, 101, 0, '2023-12-07 13:11:45', '2023-12-13 02:08:55'),
(97, 0.00, 0.00, 0.00, 0.00, 0, 0.00, 103, 0, '2023-12-08 05:27:41', '2023-12-08 05:27:41'),
(98, 0.00, 0.00, 0.00, 0.00, 0, 0.00, 105, 0, '2023-12-12 04:25:23', '2023-12-12 04:28:18'),
(99, 0.00, 0.00, 0.00, 0.00, 0, 0.00, 108, 0, '2023-12-12 05:37:30', '2023-12-12 05:37:30'),
(100, 0.00, 0.00, 0.00, 0.00, 0, 0.00, 111, 0, '2023-12-12 14:39:06', '2023-12-12 14:39:06'),
(101, 0.00, 0.00, 0.00, 0.00, 0, 0.00, 112, 0, '2023-12-12 14:41:28', '2023-12-12 14:41:28'),
(102, 0.00, 0.00, 0.00, 0.00, 0, 0.00, 113, 0, '2023-12-12 14:43:27', '2023-12-12 14:43:27'),
(103, 0.00, 0.00, 0.00, 0.00, 0, 0.00, 114, 0, '2023-12-12 14:45:09', '2023-12-12 14:45:09'),
(104, 0.00, 0.00, 0.00, 0.00, 0, 0.00, 115, 0, '2023-12-12 14:47:19', '2023-12-12 14:47:19'),
(105, 0.00, 0.00, 0.00, 0.00, 0, 0.00, 117, 0, '2023-12-13 05:25:44', '2023-12-13 05:25:44'),
(106, 0.00, 0.00, 0.00, 0.00, 0, 0.00, 118, 0, '2023-12-13 12:16:22', '2023-12-13 12:16:22'),
(107, 0.00, 0.00, 0.00, 0.00, 0, 0.00, 119, 0, '2023-12-13 13:03:58', '2023-12-13 13:03:58'),
(108, 0.00, 0.00, 0.00, 0.00, 0, 0.00, 121, 0, '2023-12-14 09:06:34', '2023-12-14 09:06:34'),
(109, 0.00, 0.00, 0.00, 0.00, 0, 0.00, 123, 0, '2023-12-14 12:06:41', '2023-12-14 12:07:58'),
(110, 0.00, 0.00, 0.00, 0.00, 0, 0.00, 125, 0, '2023-12-14 14:25:52', '2023-12-14 14:26:59'),
(111, 0.00, 0.00, 0.00, 0.00, 0, 0.00, 126, 0, '2023-12-16 05:46:19', '2023-12-16 05:46:19'),
(112, 799.00, 199.00, 0.00, 0.00, 0, 2795.00, 132, 3, '2023-12-19 04:22:47', '2023-12-19 04:22:47'),
(113, 0.00, 0.00, 0.00, 0.00, 0, 0.00, 134, 0, '2023-12-21 04:33:40', '2023-12-21 04:33:40'),
(114, 999.00, 100.00, 0.00, 0.00, 0, 0.00, 137, 0, '2023-12-21 04:49:05', '2024-02-02 09:28:53'),
(115, 999.00, 100.00, 0.00, 0.00, 0, 0.00, 137, 0, '2023-12-21 04:49:08', '2023-12-21 04:49:08'),
(116, 999.00, 100.00, 0.00, 0.00, 0, 2997.00, 143, 5, '2024-02-14 11:42:18', '2024-02-14 11:57:06'),
(117, 999.00, 100.00, 0.00, 0.00, 0, 2098.00, 144, 5, '2024-02-14 11:45:18', '2024-02-14 11:54:54'),
(118, 999.00, 100.00, 0.00, 0.00, 0, 2098.00, 145, 0, '2024-02-14 11:50:03', '2024-02-14 11:55:17'),
(119, 999.00, 100.00, 0.00, 0.00, 0, 2098.00, 142, 5, '2024-02-14 11:51:06', '2024-02-14 11:54:38'),
(120, 999.00, 100.00, 0.00, 0.00, 0, 1998.00, 140, 5, '2024-02-14 11:53:39', '2024-02-14 11:53:44'),
(121, 999.00, 100.00, 0.00, 0.00, 0, 2098.00, 141, 5, '2024-02-14 11:53:51', '2024-02-14 11:54:31'),
(122, 500.00, 200.00, 0.00, 0.00, 0, 1200.00, 149, 0, '2024-07-03 02:27:06', '2024-07-03 02:27:06'),
(123, 2000.00, 0.00, 0.00, 0.00, 0, 4000.00, 153, 0, '2024-07-24 16:13:04', '2024-07-24 19:41:14'),
(124, 0.00, 0.00, 0.00, 0.00, 0, 0.00, 154, 0, '2024-07-24 16:23:17', '2024-07-24 16:53:35'),
(125, 1899.00, 0.00, 0.00, 0.00, 0, 3798.00, 155, 0, '2024-07-24 16:24:07', '2024-07-24 16:24:07'),
(126, 0.00, 0.00, 0.00, 0.00, 0, 0.00, 152, 0, '2024-08-14 15:41:35', '2024-08-14 20:04:21'),
(127, 0.00, 0.00, 0.00, 0.00, 0, 0.00, 151, 0, '2024-08-14 20:01:11', '2024-08-14 20:01:11'),
(128, 0.00, 0.00, 0.00, 0.00, 0, 0.00, 162, 0, '2024-08-27 17:18:50', '2024-09-12 20:10:32'),
(129, 0.00, 0.00, 0.00, 0.00, 0, 9999.00, 163, 0, '2024-08-27 17:30:02', '2024-08-30 11:54:17'),
(130, 999.00, 100.00, 0.00, 0.00, 0, 1998.00, 164, 5, '2024-08-29 11:49:00', '2024-09-16 19:21:19'),
(131, 0.00, 0.00, 0.00, 0.00, 0, 0.00, 165, 0, '2024-09-04 17:21:31', '2024-09-22 11:04:25'),
(132, 0.00, 0.00, 0.00, 0.00, 0, 9999.00, 166, 0, '2024-09-04 17:23:57', '2024-09-22 11:04:15'),
(133, 999.00, 100.00, 0.00, 0.00, 0, 1998.00, 167, 5, '2024-09-12 13:17:30', '2024-10-03 11:01:18'),
(134, 2000.00, 0.00, 0.00, 0.00, 0, 4000.00, 168, 0, '2024-09-13 16:56:19', '2024-09-22 11:09:51'),
(135, 3000.00, 0.00, 0.00, 0.00, 0, 6000.00, 161, 0, '2024-09-18 10:21:31', '2024-09-18 10:21:31'),
(136, 0.00, 0.00, 0.00, 0.00, 0, 0.00, 160, 0, '2024-09-22 11:06:53', '2024-09-22 11:09:41'),
(137, 2999.00, 0.00, 0.00, 0.00, 0, 5998.00, 169, 0, '2024-09-22 11:31:30', '2024-09-22 11:31:30'),
(138, 2000.00, 500.00, 0.00, 0.00, 0, 4500.00, 170, 0, '2024-09-22 11:36:00', '2024-09-22 16:00:28'),
(139, 2000.00, 0.00, 0.00, 0.00, 0, 4000.00, 171, 0, '2024-09-26 12:16:45', '2024-09-26 12:16:45'),
(140, 0.00, 0.00, 0.00, 0.00, 0, 0.00, 159, 0, '2024-09-28 00:45:41', '2024-09-28 00:45:41'),
(141, 0.00, 0.00, 0.00, 0.00, 0, 0.00, 158, 0, '2024-09-28 00:45:50', '2024-09-28 00:45:50'),
(142, 0.00, 0.00, 0.00, 0.00, 0, 0.00, 157, 0, '2024-09-28 00:45:59', '2024-09-28 00:45:59'),
(143, 0.00, 0.00, 0.00, 0.00, 0, 0.00, 156, 0, '2024-09-28 00:46:11', '2024-09-28 00:46:11');

-- --------------------------------------------------------

--
-- Table structure for table `booking_status`
--

CREATE TABLE `booking_status` (
  `id` int(11) NOT NULL,
  `name` varchar(100) COLLATE utf8mb4_unicode_ci NOT NULL,
  `name_class` varchar(100) COLLATE utf8mb4_unicode_ci NOT NULL,
  `button_class` varchar(255) COLLATE utf8mb4_unicode_ci NOT NULL,
  `created_at` datetime NOT NULL,
  `updated_at` datetime NOT NULL
) ENGINE=InnoDB DEFAULT CHARSET=utf8mb4 COLLATE=utf8mb4_unicode_ci;

--
-- Dumping data for table `booking_status`
--

INSERT INTO `booking_status` (`id`, `name`, `name_class`, `button_class`, `created_at`, `updated_at`) VALUES
(1, 'Confirm', 'badge-light-success', 'btn btn-relief-success', '2021-12-08 09:25:51', '2021-12-08 09:25:51'),
(2, 'Confirm Charge', 'badge-light-success', 'btn btn-relief-success', '2021-12-08 09:25:51', '2021-12-08 09:25:51'),
(3, 'Canceled', 'badge-light-danger', 'btn btn-relief-danger', '2021-12-08 09:25:51', '2021-12-08 09:25:51'),
(4, 'Canceled Charge', 'badge-light-danger', 'btn btn-relief-danger', '2021-12-08 09:25:51', '2021-12-08 09:25:51'),
(5, 'No Show', 'badge-light-secondary', 'btn btn-relief-secondary', '2021-12-08 09:25:51', '2021-12-08 09:25:51');

-- --------------------------------------------------------

--
-- Table structure for table `booking_transfer`
--

CREATE TABLE `booking_transfer` (
  `id` int(11) NOT NULL,
  `adult` int(11) NOT NULL,
  `child` int(11) NOT NULL,
  `infant` int(11) NOT NULL,
  `foc` int(11) NOT NULL,
  `start_pickup` time NOT NULL,
  `end_pickup` time NOT NULL,
  `hotel_pickup` varchar(200) COLLATE utf8mb4_unicode_ci NOT NULL,
  `hotel_dropoff` varchar(200) COLLATE utf8mb4_unicode_ci NOT NULL,
  `room_no` varchar(200) COLLATE utf8mb4_unicode_ci NOT NULL,
  `note` text COLLATE utf8mb4_unicode_ci NOT NULL,
  `pickup_id` int(11) NOT NULL,
  `dropoff_id` int(11) NOT NULL,
  `hotel_pickup_id` int(11) NOT NULL COMMENT 'table hotel',
  `hotel_dropoff_id` int(11) NOT NULL COMMENT 'table hotel',
  `transfer_type` int(11) NOT NULL COMMENT '0 : non \r\n1 : join \r\n2 : private',
  `pickup_type` int(11) NOT NULL COMMENT '1 : เอารถรับส่ง 2 : มาเอง',
  `booking_products_id` int(11) NOT NULL,
  `category_id` int(11) NOT NULL,
  `created_at` datetime NOT NULL,
  `updated_at` datetime NOT NULL
) ENGINE=InnoDB DEFAULT CHARSET=utf8mb4 COLLATE=utf8mb4_unicode_ci;

--
-- Dumping data for table `booking_transfer`
--

INSERT INTO `booking_transfer` (`id`, `adult`, `child`, `infant`, `foc`, `start_pickup`, `end_pickup`, `hotel_pickup`, `hotel_dropoff`, `room_no`, `note`, `pickup_id`, `dropoff_id`, `hotel_pickup_id`, `hotel_dropoff_id`, `transfer_type`, `pickup_type`, `booking_products_id`, `category_id`, `created_at`, `updated_at`) VALUES
(1, 4, 2, 1, 1, '08:15:00', '08:30:00', '', '', 'C205', 'Note Transfer (หมายเหตุ)', 4, 4, 76, 76, 1, 1, 1, 13, '2023-09-18 07:13:27', '2023-09-22 08:09:39'),
(2, 2, 0, 0, 0, '07:00:00', '07:15:00', '', '', '', '', 13, 13, 198, 198, 1, 1, 3, 1, '2023-09-18 07:35:37', '2023-10-04 05:19:03'),
(3, 20, 0, 0, 3, '08:30:00', '09:00:00', '', '', '', '', 0, 0, 0, 0, 1, 2, 6, 4, '2023-09-21 06:35:08', '2023-09-23 06:22:45'),
(4, 9, 0, 0, 1, '08:30:00', '08:45:00', '', '', '', '', 0, 0, 0, 0, 1, 2, 7, 1, '2023-09-21 06:38:11', '2023-09-23 06:19:01'),
(5, 1, 0, 0, 0, '07:30:00', '07:45:00', '', '', '', '', 17, 17, 429, 429, 1, 1, 8, 1, '2023-09-21 06:46:17', '2023-09-23 06:18:34'),
(6, 2, 0, 0, 0, '08:15:00', '08:30:00', '', '', '', '', 2, 2, 36, 36, 1, 1, 9, 1, '2023-09-21 07:12:14', '2023-09-23 06:17:59'),
(7, 2, 0, 0, 0, '08:15:00', '08:30:00', '', '', '', ' ', 1, 1, 435, 435, 1, 1, 10, 1, '2023-09-22 08:09:46', '2023-09-23 04:42:03'),
(8, 2, 0, 0, 0, '07:30:00', '07:45:00', '', '', '', '', 17, 17, 436, 436, 1, 1, 11, 1, '2023-09-22 08:36:13', '2023-09-23 06:17:32'),
(9, 2, 0, 0, 0, '08:30:00', '08:45:00', '', '', '', '', 0, 0, 0, 0, 1, 2, 12, 1, '2023-09-23 04:45:38', '2023-09-23 04:45:38'),
(10, 4, 0, 0, 0, '08:30:00', '08:45:00', '', '', '', '', 0, 0, 0, 0, 1, 2, 13, 1, '2023-09-23 04:47:09', '2023-09-23 04:47:09'),
(11, 2, 0, 0, 0, '07:30:00', '07:45:00', '', '', '', '', 17, 17, 323, 323, 1, 1, 14, 1, '2023-09-23 04:53:56', '2023-09-23 04:59:01'),
(12, 4, 0, 0, 0, '07:30:00', '07:45:00', '', '', '', '', 17, 17, 310, 310, 1, 1, 15, 1, '2023-09-23 05:06:29', '2023-09-23 05:06:29'),
(13, 2, 0, 0, 0, '07:00:00', '07:15:00', '', '', '', '', 14, 14, 241, 241, 1, 1, 16, 1, '2023-09-23 05:09:18', '2023-09-23 05:09:18'),
(14, 2, 0, 0, 0, '07:30:00', '07:45:00', '', '', '', '', 17, 17, 302, 302, 1, 1, 17, 1, '2023-09-23 05:12:02', '2023-09-23 05:12:02'),
(15, 3, 0, 0, 0, '08:15:00', '08:30:00', '', '', '', '', 2, 2, 18, 18, 1, 1, 18, 1, '2023-09-23 05:16:43', '2023-09-23 05:16:43'),
(16, 4, 0, 0, 0, '07:30:00', '07:45:00', '', '', '', '', 15, 15, 260, 260, 1, 1, 19, 1, '2023-09-23 05:24:31', '2023-09-23 05:44:06'),
(17, 8, 0, 0, 0, '00:00:00', '00:00:00', '', '', '', '', 0, 0, 437, 437, 1, 1, 20, 1, '2023-09-23 05:52:55', '2023-09-23 05:52:55'),
(18, 0, 0, 0, 0, '00:00:00', '00:00:00', '', '', '', '', 0, 0, 0, 0, 1, 1, 4, 4, '2023-09-23 06:01:05', '2023-09-23 06:01:05'),
(19, 0, 0, 0, 0, '00:00:00', '00:00:00', '', '', '', '', 0, 0, 0, 0, 1, 1, 5, 4, '2023-09-23 06:01:43', '2023-09-23 06:01:43'),
(20, 7, 0, 0, 0, '07:30:00', '07:45:00', '', '', '', 'เก็บค่ากระเป๋า 100/ใบ', 17, 17, 439, 438, 1, 1, 21, 1, '2023-09-23 06:08:16', '2023-09-23 06:08:16'),
(21, 7, 0, 0, 0, '07:00:00', '07:15:00', '', '', '', '', 14, 14, 231, 231, 1, 1, 22, 1, '2023-09-23 06:09:44', '2023-09-23 06:09:44'),
(22, 2, 0, 0, 0, '07:30:00', '07:45:00', '', '', '', 'Inc Np Fee', 17, 17, 440, 440, 1, 1, 23, 1, '2023-09-23 06:14:35', '2023-09-26 09:56:57'),
(23, 0, 0, 0, 0, '00:00:00', '00:00:00', '', '', '', '', 0, 0, 0, 0, 1, 1, 2, 1, '2023-09-23 06:16:55', '2023-09-23 06:21:45'),
(24, 3, 2, 1, 1, '07:30:00', '07:45:00', '', '', 'H103', 'Note Transfer (หมายเหตุ)', 17, 17, 329, 329, 2, 1, 24, 7, '2023-09-26 05:37:54', '2023-09-26 10:19:36'),
(25, 2, 0, 0, 0, '07:15:00', '07:30:00', '', '', 'A103', 'Note Transfer (หมายเหตุ)', 10, 12, 428, 428, 1, 1, 25, 11, '2023-09-26 07:29:39', '2023-09-28 07:08:01'),
(26, 2, 0, 0, 0, '07:30:00', '07:45:00', '', '', 'H103', '', 8, 17, 130, 130, 1, 1, 26, 7, '2023-09-26 10:40:13', '2023-09-28 07:08:12'),
(27, 2, 1, 0, 0, '07:00:00', '07:15:00', '', 'Hotel A', 'B102', '', 17, 16, 373, 373, 1, 1, 27, 7, '2023-09-28 06:29:04', '2023-09-29 01:47:19'),
(28, 2, 1, 0, 0, '07:00:00', '07:15:00', '', '', 'C205', '', 21, 21, 430, 430, 1, 1, 28, 11, '2023-09-28 07:09:21', '2023-09-28 07:09:21'),
(29, 3, 0, 0, 0, '07:00:00', '07:15:00', '', '', 'H103', '', 16, 16, 275, 275, 1, 1, 29, 11, '2023-09-29 04:36:11', '2023-09-29 04:36:11'),
(30, 2, 0, 0, 0, '08:00:00', '08:15:00', '', '', '', '', 18, 18, 398, 398, 2, 1, 30, 4, '2023-10-04 05:11:09', '2023-10-04 05:11:09'),
(31, 2, 0, 0, 0, '07:00:00', '07:15:00', '', '', '', '', 13, 13, 198, 198, 1, 1, 31, 1, '2023-10-04 05:14:12', '2023-10-04 05:16:41'),
(32, 2, 0, 0, 0, '07:30:00', '07:45:00', '', '', '', '', 17, 17, 304, 304, 1, 1, 32, 1, '2023-10-04 05:22:15', '2023-10-04 05:27:12'),
(33, 6, 0, 0, 0, '08:00:00', '08:15:00', '', '', '402', '', 18, 18, 395, 395, 1, 1, 33, 2, '2023-10-04 05:23:46', '2023-10-04 05:23:46'),
(34, 2, 0, 0, 0, '07:30:00', '07:45:00', '', '', '', '', 17, 17, 323, 323, 1, 1, 34, 1, '2023-10-04 05:23:49', '2023-10-04 05:26:44'),
(35, 5, 0, 0, 0, '08:45:00', '09:00:00', '', '', '', '', 0, 0, 0, 0, 1, 2, 35, 1, '2023-10-04 05:25:18', '2023-10-04 05:26:14'),
(36, 2, 2, 0, 0, '07:30:00', '07:45:00', '', '', '', 'Same PTY 3872', 10, 10, 428, 428, 1, 1, 36, 2, '2023-10-04 05:28:14', '2023-10-04 05:28:14'),
(37, 2, 0, 0, 0, '08:45:00', '09:00:00', '', '', '', '', 0, 0, 0, 0, 1, 2, 37, 1, '2023-10-04 05:29:16', '2023-10-04 05:29:16'),
(38, 2, 0, 0, 0, '07:30:00', '07:45:00', '', '', '', '', 10, 10, 428, 428, 1, 1, 38, 2, '2023-10-04 05:30:15', '2023-10-04 05:30:15'),
(39, 2, 0, 0, 0, '08:45:00', '09:00:00', '', '', '', '', 0, 0, 0, 0, 1, 2, 39, 1, '2023-10-04 05:30:15', '2023-10-04 05:30:15'),
(40, 5, 0, 0, 0, '08:45:00', '09:00:00', '', '', '', '', 0, 0, 0, 0, 1, 2, 40, 1, '2023-10-04 05:31:56', '2023-10-04 05:31:56'),
(41, 2, 0, 0, 0, '07:30:00', '07:45:00', '', '', '1405', '', 10, 10, 428, 428, 1, 1, 41, 2, '2023-10-04 05:38:35', '2023-10-04 05:38:35'),
(42, 3, 0, 0, 0, '07:30:00', '07:45:00', '', '', '', '', 17, 17, 304, 304, 1, 1, 42, 2, '2023-10-04 05:42:38', '2023-10-04 05:42:38'),
(43, 4, 0, 0, 0, '07:30:00', '07:45:00', '', '', '', '', 17, 17, 441, 441, 1, 1, 43, 1, '2023-10-04 05:42:51', '2023-10-04 05:42:51'),
(44, 2, 0, 0, 0, '07:30:00', '07:45:00', '', '', '', '', 15, 15, 378, 378, 1, 1, 44, 1, '2023-10-04 05:49:57', '2023-10-04 05:49:57'),
(45, 2, 0, 0, 0, '07:30:00', '07:45:00', '', '', '', '', 15, 15, 257, 257, 1, 1, 45, 1, '2023-10-04 05:51:39', '2023-10-04 05:51:39'),
(46, 2, 0, 0, 0, '08:15:00', '08:30:00', '', '', '', '', 2, 2, 442, 442, 1, 1, 46, 1, '2023-10-04 05:54:59', '2023-10-04 05:54:59'),
(47, 6, 0, 0, 0, '07:30:00', '07:45:00', '', '', '', '', 17, 17, 443, 443, 1, 1, 47, 1, '2023-10-04 06:02:41', '2023-10-04 06:08:28'),
(48, 2, 0, 0, 0, '07:30:00', '07:45:00', '', '', '', '', 17, 17, 364, 364, 1, 1, 48, 1, '2023-10-04 06:05:58', '2023-10-04 06:10:04'),
(49, 2, 0, 0, 0, '00:00:00', '00:00:00', '', '', '', '', 0, 0, 444, 444, 1, 1, 49, 1, '2023-10-04 06:15:03', '2023-10-04 06:15:03'),
(50, 9, 1, 0, 0, '07:30:00', '07:45:00', '', '', '', '', 17, 17, 441, 441, 1, 1, 50, 2, '2023-10-04 06:18:08', '2023-10-04 06:18:08'),
(51, 2, 0, 0, 0, '00:00:00', '00:00:00', '', '', '', '', 0, 0, 444, 444, 1, 1, 51, 2, '2023-10-04 06:19:16', '2023-10-04 06:19:16'),
(52, 2, 0, 0, 0, '07:30:00', '07:45:00', '', '', '', 'TBA Pick up', 0, 0, 445, 445, 1, 1, 52, 1, '2023-11-08 06:09:47', '2023-11-15 08:11:08'),
(53, 2, 0, 0, 0, '07:00:00', '07:15:00', '', '', '', '', 14, 14, 446, 446, 1, 1, 53, 1, '2023-11-08 06:17:54', '2023-11-15 08:15:46'),
(54, 2, 0, 0, 0, '00:00:00', '00:00:00', '', '', '', 'TBA Pick up', 0, 0, 445, 445, 1, 1, 54, 1, '2023-11-08 06:25:05', '2023-11-08 06:26:06'),
(55, 2, 0, 0, 0, '00:00:00', '00:00:00', '', '', '', 'TBA Pick up', 0, 0, 445, 445, 1, 1, 55, 1, '2023-11-08 06:29:51', '2023-11-08 06:29:51'),
(56, 2, 0, 0, 0, '00:00:00', '00:00:00', '', '', '', 'TBA Pick up', 0, 0, 445, 445, 1, 1, 56, 1, '2023-11-08 06:32:03', '2023-11-08 06:32:03'),
(57, 3, 0, 0, 0, '07:30:00', '07:45:00', '', '', '', '', 17, 17, 447, 447, 1, 1, 57, 1, '2023-11-08 06:36:54', '2023-11-08 06:36:54'),
(58, 2, 1, 0, 0, '07:30:00', '07:45:00', '', '', '', '', 17, 17, 447, 447, 1, 1, 58, 1, '2023-11-08 06:43:27', '2023-11-08 06:43:27'),
(59, 4, 0, 0, 0, '07:30:00', '07:45:00', '', '', '', '', 17, 17, 332, 332, 1, 1, 60, 1, '2023-11-08 06:46:26', '2023-11-08 06:46:26'),
(60, 0, 0, 0, 0, '00:00:00', '00:00:00', '', '', '', '', 0, 0, 0, 0, 1, 1, 59, 1, '2023-11-08 06:47:39', '2023-11-08 06:47:39'),
(61, 2, 0, 0, 0, '07:30:00', '07:45:00', '', '', '', '', 17, 17, 332, 332, 1, 1, 61, 1, '2023-11-08 07:03:50', '2023-11-08 07:03:50'),
(62, 2, 0, 1, 0, '00:00:00', '00:00:00', '', '', '', 'TBA Pick up', 0, 0, 445, 445, 1, 1, 62, 1, '2023-11-08 07:07:00', '2023-11-08 07:07:00'),
(63, 2, 0, 0, 0, '08:00:00', '08:15:00', '', '', '', '', 0, 6, 448, 448, 1, 1, 63, 1, '2023-11-08 07:11:23', '2023-11-08 07:14:43'),
(64, 6, 0, 0, 0, '07:30:00', '07:45:00', '', '', '', '', 0, 0, 449, 449, 1, 1, 64, 1, '2023-11-08 07:21:44', '2023-11-08 07:21:44'),
(65, 5, 0, 0, 0, '07:30:00', '07:45:00', '', '', '', '', 17, 17, 447, 447, 1, 1, 65, 1, '2023-11-08 07:23:46', '2023-11-08 07:23:46'),
(66, 2, 0, 0, 0, '07:30:00', '07:45:00', '', '', '', 'TBA Pick up', 0, 0, 445, 445, 1, 1, 66, 1, '2023-11-08 07:25:31', '2023-11-08 07:25:31'),
(67, 8, 0, 0, 0, '00:00:00', '00:00:00', '', '', '', 'TBA Pick up', 0, 0, 445, 445, 1, 1, 67, 1, '2023-11-08 07:27:18', '2023-11-15 08:05:33'),
(68, 2, 0, 0, 0, '00:00:00', '00:00:00', '', '', '', 'TBA Pick Up', 0, 0, 445, 445, 1, 1, 69, 1, '2023-11-10 05:46:19', '2023-11-10 05:46:19'),
(69, 4, 0, 0, 0, '07:30:00', '07:45:00', '', '', '', '', 17, 17, 450, 450, 1, 1, 70, 1, '2023-11-10 05:50:47', '2023-11-10 05:57:52'),
(70, 0, 0, 0, 0, '00:00:00', '00:00:00', '', '', '', '', 0, 0, 0, 0, 1, 1, 68, 7, '2023-11-10 05:54:52', '2023-11-10 05:54:52'),
(71, 4, 0, 0, 0, '07:30:00', '07:45:00', '', '', '', '', 17, 17, 334, 334, 1, 1, 71, 1, '2023-11-10 05:59:21', '2023-11-10 06:03:33'),
(72, 2, 0, 0, 0, '00:00:00', '00:00:00', '', '', '', '', 0, 0, 445, 445, 1, 1, 72, 1, '2023-11-10 06:02:50', '2023-11-10 06:02:50'),
(73, 2, 0, 0, 0, '00:00:00', '00:00:00', '', '', '', '', 0, 0, 445, 445, 1, 1, 73, 1, '2023-11-10 06:05:36', '2023-11-10 06:05:36'),
(74, 4, 0, 0, 0, '07:30:00', '07:45:00', '', '', '', '', 17, 17, 449, 449, 1, 1, 74, 1, '2023-11-10 06:08:03', '2023-11-10 06:08:03'),
(75, 2, 0, 0, 0, '00:00:00', '00:00:00', '', '', '', '', 0, 0, 445, 445, 1, 1, 75, 1, '2023-11-10 06:32:01', '2023-11-10 06:32:01'),
(76, 2, 0, 0, 0, '07:30:00', '07:45:00', '', '', '', '', 17, 17, 451, 451, 1, 1, 76, 1, '2023-11-10 06:38:06', '2023-11-10 06:38:06'),
(77, 2, 0, 0, 0, '07:30:00', '07:45:00', '', '', '', '', 17, 17, 452, 445, 1, 1, 77, 2, '2023-11-10 06:41:19', '2023-11-10 06:44:12'),
(78, 4, 0, 0, 0, '07:30:00', '07:45:00', '', '', '', '', 17, 17, 370, 370, 1, 1, 78, 1, '2023-11-10 06:53:43', '2023-11-10 06:53:43'),
(79, 2, 0, 0, 0, '07:30:00', '07:45:00', '', '', '', '', 17, 17, 336, 336, 1, 1, 79, 1, '2023-11-10 06:55:54', '2023-11-10 06:55:54'),
(80, 2, 0, 0, 0, '07:30:00', '07:45:00', '', '', '', '', 17, 17, 334, 334, 1, 1, 80, 1, '2023-11-10 06:58:34', '2023-11-10 06:58:34'),
(81, 2, 0, 0, 0, '00:00:00', '00:00:00', '', '', '', '', 0, 0, 445, 445, 1, 1, 81, 1, '2023-11-10 07:00:25', '2023-11-10 07:00:25'),
(82, 8, 0, 0, 0, '08:45:00', '09:00:00', '', '', '', '', 0, 0, 0, 0, 1, 2, 82, 1, '2023-11-10 07:04:59', '2023-11-10 07:04:59'),
(83, 8, 0, 0, 0, '07:30:00', '07:45:00', '', '', '', '', 17, 17, 451, 451, 1, 1, 83, 1, '2023-11-15 08:04:43', '2023-11-15 08:04:43'),
(84, 2, 0, 0, 0, '07:30:00', '07:45:00', '', '', '', '', 17, 17, 373, 373, 1, 1, 84, 2, '2023-11-15 09:25:11', '2023-11-15 09:25:11'),
(85, 2, 0, 0, 0, '07:30:00', '07:45:00', '', '', '', '', 17, 17, 334, 334, 1, 1, 85, 2, '2023-11-15 13:30:49', '2023-11-16 10:49:20'),
(86, 2, 0, 0, 0, '07:30:00', '07:45:00', '', '', '', '', 17, 17, 334, 334, 1, 1, 87, 1, '2023-11-15 13:32:48', '2023-11-15 13:32:48'),
(87, 4, 3, 2, 1, '07:00:00', '07:15:00', '', '', '', '', 14, 14, 222, 222, 1, 1, 88, 2, '2023-11-20 08:22:22', '2023-11-20 08:35:21'),
(88, 2, 1, 0, 0, '07:00:00', '07:15:00', '', '', '', '', 14, 14, 222, 222, 1, 1, 89, 7, '2023-11-20 08:28:12', '2023-11-20 08:35:13'),
(89, 6, 0, 0, 0, '00:00:00', '00:00:00', '', '', '', 'TBA', 0, 0, 445, 445, 1, 1, 90, 1, '2023-11-30 01:25:25', '2023-11-30 01:25:25'),
(90, 2, 0, 0, 0, '07:30:00', '07:45:00', '', '', '', '', 17, 17, 380, 380, 1, 1, 91, 1, '2023-12-02 06:28:31', '2023-12-02 06:28:31'),
(91, 3, 0, 0, 0, '07:30:00', '07:45:00', '', '', '', '', 17, 17, 453, 445, 1, 1, 92, 1, '2023-12-02 12:08:10', '2023-12-14 04:46:03'),
(92, 4, 0, 0, 0, '07:30:00', '07:45:00', '', '', '', '', 17, 17, 449, 449, 1, 1, 93, 1, '2023-12-05 04:04:35', '2023-12-05 04:04:35'),
(93, 4, 0, 0, 0, '00:00:00', '00:00:00', '', '', '', '', 0, 0, 445, 445, 1, 1, 94, 1, '2023-12-05 04:07:19', '2023-12-05 04:07:19'),
(94, 3, 0, 0, 0, '00:00:00', '00:00:00', '', '', '', '', 0, 0, 445, 445, 1, 1, 95, 1, '2023-12-05 04:13:39', '2023-12-05 04:13:39'),
(95, 2, 0, 0, 0, '00:00:00', '00:00:00', '', '', '', '', 0, 0, 0, 0, 1, 1, 96, 2, '2023-12-05 09:42:31', '2024-09-28 01:26:55'),
(96, 2, 0, 0, 0, '00:00:00', '00:00:00', '', '', '', '', 0, 0, 0, 0, 1, 1, 97, 1, '2023-12-05 09:43:46', '2024-09-28 01:26:42'),
(97, 5, 0, 0, 0, '08:15:00', '08:30:00', '', '', '', '', 2, 2, 454, 454, 1, 1, 98, 1, '2023-12-06 06:11:03', '2023-12-06 06:11:03'),
(98, 9, 1, 0, 0, '07:30:00', '07:45:00', '', '', '', '', 17, 17, 334, 334, 1, 1, 99, 1, '2023-12-06 12:46:46', '2023-12-06 12:46:46'),
(99, 2, 0, 0, 0, '07:30:00', '07:45:00', '', '', '', '', 17, 17, 334, 334, 1, 1, 100, 1, '2023-12-07 12:36:44', '2023-12-07 12:36:44'),
(100, 2, 0, 0, 0, '07:30:00', '07:45:00', '', '', '', '', 17, 17, 334, 334, 1, 1, 101, 1, '2023-12-07 13:11:45', '2023-12-13 02:08:55'),
(101, 4, 0, 0, 0, '07:30:00', '07:45:00', '', '', '', '', 17, 17, 455, 455, 1, 1, 102, 1, '2023-12-07 13:17:23', '2023-12-07 13:17:23'),
(102, 3, 0, 0, 0, '07:30:00', '07:45:00', '', '', '', '', 17, 17, 449, 449, 1, 1, 103, 1, '2023-12-08 05:27:41', '2023-12-08 05:27:41'),
(103, 6, 0, 0, 0, '07:30:00', '07:45:00', '', '', '', '', 17, 17, 295, 295, 1, 1, 104, 1, '2023-12-08 13:16:39', '2023-12-08 13:16:39'),
(104, 2, 0, 0, 0, '07:30:00', '07:45:00', '', '', '', '', 17, 17, 456, 445, 1, 1, 105, 1, '2023-12-12 04:25:23', '2023-12-12 04:28:18'),
(105, 0, 0, 0, 0, '07:30:00', '07:45:00', '', '', '', '', 17, 17, 452, 452, 1, 1, 106, 1, '2023-12-12 04:33:43', '2023-12-12 04:33:43'),
(106, 2, 0, 0, 0, '07:30:00', '07:45:00', '', '', '', '', 17, 17, 452, 452, 1, 1, 107, 2, '2023-12-12 04:34:53', '2023-12-12 04:34:53'),
(107, 2, 2, 0, 1, '08:45:00', '09:00:00', '', '', '', '', 0, 0, 0, 0, 1, 2, 108, 1, '2023-12-12 05:37:30', '2023-12-12 05:37:30'),
(108, 2, 0, 0, 0, '07:30:00', '07:45:00', '', '', '', '', 17, 17, 449, 449, 1, 1, 109, 1, '2023-12-12 14:31:23', '2023-12-12 14:31:23'),
(109, 2, 0, 0, 0, '07:30:00', '07:45:00', '', '', '', '', 17, 17, 334, 334, 1, 1, 110, 1, '2023-12-12 14:36:46', '2023-12-12 14:36:46'),
(110, 2, 0, 0, 0, '07:30:00', '07:45:00', '', '', '', '', 17, 17, 316, 316, 1, 1, 111, 1, '2023-12-12 14:39:06', '2023-12-12 14:39:06'),
(111, 2, 0, 0, 0, '00:00:00', '00:00:00', '', '', '', '', 0, 0, 445, 445, 1, 1, 112, 1, '2023-12-12 14:41:28', '2023-12-12 14:41:28'),
(112, 2, 0, 0, 0, '00:00:00', '00:00:00', '', '', '', '', 0, 0, 445, 445, 1, 1, 113, 1, '2023-12-12 14:43:27', '2023-12-12 14:43:27'),
(113, 2, 0, 0, 0, '07:30:00', '07:45:00', '', '', '', '', 17, 17, 451, 451, 1, 1, 114, 1, '2023-12-12 14:45:09', '2023-12-12 14:45:09'),
(114, 2, 0, 0, 0, '07:30:00', '07:45:00', '', '', '', '', 17, 17, 451, 451, 1, 1, 115, 2, '2023-12-12 14:47:19', '2023-12-12 14:47:19'),
(115, 15, 0, 0, 0, '07:15:00', '07:30:00', '', '', '', '', 14, 14, 230, 230, 1, 1, 116, 1, '2023-12-12 14:49:05', '2023-12-13 05:35:18'),
(116, 2, 0, 0, 0, '07:30:00', '07:45:00', '', '', '', '', 17, 17, 452, 452, 1, 1, 117, 1, '2023-12-13 05:25:44', '2023-12-13 05:25:44'),
(117, 2, 0, 1, 0, '07:30:00', '07:45:00', '', '', '', '', 15, 15, 295, 295, 1, 1, 118, 1, '2023-12-13 12:16:22', '2023-12-13 12:16:22'),
(118, 2, 0, 0, 0, '07:30:00', '07:45:00', '', '', '', '', 17, 17, 447, 447, 1, 1, 119, 1, '2023-12-13 13:03:58', '2023-12-13 13:03:58'),
(119, 4, 0, 0, 0, '07:30:00', '07:45:00', '', '', '', '', 17, 17, 447, 447, 1, 1, 120, 1, '2023-12-14 08:38:00', '2023-12-14 08:38:00'),
(120, 2, 1, 0, 0, '07:30:00', '07:45:00', '', '', '', '', 17, 17, 447, 447, 1, 1, 121, 1, '2023-12-14 09:06:34', '2023-12-14 09:06:34'),
(121, 2, 1, 0, 0, '07:30:00', '07:45:00', '', '', '', '', 17, 17, 447, 447, 1, 1, 122, 1, '2023-12-14 12:03:07', '2023-12-14 12:03:47'),
(122, 6, 0, 0, 0, '00:00:00', '00:00:00', '', '', '', '', 0, 0, 445, 445, 1, 1, 123, 1, '2023-12-14 12:07:58', '2023-12-14 12:07:58'),
(123, 2, 0, 0, 0, '07:30:00', '07:45:00', '', '', '', '', 17, 17, 380, 380, 1, 1, 124, 1, '2023-12-14 12:57:06', '2023-12-14 12:57:06'),
(124, 0, 0, 0, 0, '00:00:00', '00:00:00', '', '', '', '', 0, 0, 0, 0, 1, 1, 125, 1, '2023-12-14 14:26:59', '2023-12-14 14:26:59'),
(125, 2, 0, 0, 0, '07:30:00', '07:45:00', '', '', '', '', 17, 17, 451, 451, 1, 1, 126, 1, '2023-12-16 05:46:19', '2023-12-16 05:46:19'),
(126, 23, 0, 0, 3, '00:00:00', '00:00:00', '', '', '', '', 0, 0, 0, 0, 1, 2, 127, 4, '2023-12-16 05:54:30', '2023-12-16 05:55:54'),
(127, 5, 0, 0, 0, '07:30:00', '07:45:00', '', '', '', '', 15, 15, 457, 445, 1, 1, 128, 1, '2023-12-16 09:25:04', '2023-12-16 09:27:55'),
(128, 6, 1, 0, 0, '00:00:00', '00:00:00', '', '', '', '', 0, 0, 445, 445, 1, 1, 129, 2, '2023-12-17 09:46:34', '2023-12-17 09:46:34'),
(129, 2, 0, 0, 0, '07:30:00', '07:45:00', '', '', '', '', 17, 17, 354, 354, 1, 1, 130, 7, '2023-12-17 09:53:22', '2023-12-17 09:53:22'),
(130, 20, 0, 0, 3, '00:00:00', '00:00:00', '', '', '', '', 0, 0, 445, 445, 1, 2, 131, 1, '2023-12-18 12:07:23', '2023-12-18 12:08:38'),
(131, 3, 2, 0, 0, '07:30:00', '07:45:00', '', '', '', '', 10, 10, 428, 428, 1, 1, 132, 12, '2023-12-19 04:10:44', '2023-12-19 04:22:48'),
(132, 2, 0, 0, 0, '07:30:00', '07:45:00', '', '', '', '', 17, 17, 381, 381, 1, 1, 133, 7, '2023-12-21 04:27:09', '2023-12-21 04:27:09'),
(133, 4, 0, 0, 0, '07:40:00', '07:45:00', '', '', '', '', 17, 17, 381, 381, 1, 1, 135, 7, '2023-12-21 04:35:36', '2023-12-21 04:35:36'),
(134, 10, 0, 0, 0, '07:15:00', '07:30:00', '', '', '', '', 19, 19, 21, 21, 1, 1, 136, 7, '2023-12-21 04:40:47', '2023-12-21 04:40:47'),
(135, 2, 0, 0, 0, '00:00:00', '00:00:00', '', '', '', '', 0, 0, 0, 0, 1, 1, 137, 7, '2023-12-21 04:47:28', '2024-02-02 09:28:53'),
(136, 2, 1, 0, 0, '07:30:00', '07:45:00', '', '', '', '', 17, 17, 21, 21, 1, 1, 138, 7, '2024-01-14 05:37:50', '2024-01-14 05:37:50'),
(137, 6, 0, 0, 0, '08:15:00', '08:30:00', '', '', '', '', 2, 2, 21, 21, 1, 1, 139, 7, '2024-01-14 05:39:54', '2024-01-14 05:39:54'),
(138, 2, 0, 0, 0, '07:00:00', '07:15:00', '', '', '', '', 16, 16, 274, 274, 1, 1, 140, 10, '2024-02-14 11:38:33', '2024-02-14 11:53:44'),
(139, 2, 1, 0, 1, '07:15:00', '07:30:00', '', '', '', '', 12, 12, 165, 165, 1, 1, 141, 10, '2024-02-14 11:39:37', '2024-02-14 11:54:31'),
(140, 2, 1, 1, 0, '07:30:00', '07:45:00', '', '', '', '', 17, 17, 348, 348, 1, 1, 142, 10, '2024-02-14 11:40:47', '2024-02-14 11:54:38'),
(141, 3, 0, 0, 1, '07:15:00', '07:30:00', '', '', '', '', 12, 12, 163, 163, 1, 1, 143, 10, '2024-02-14 11:41:39', '2024-02-14 11:57:06'),
(142, 2, 1, 0, 0, '07:30:00', '07:45:00', '', '', '', '', 17, 17, 336, 336, 1, 1, 144, 10, '2024-02-14 11:44:33', '2024-02-14 11:54:54'),
(143, 2, 1, 0, 1, '07:15:00', '07:30:00', '', '', '', '', 19, 19, 407, 407, 1, 1, 145, 10, '2024-02-14 11:49:20', '2024-02-14 11:55:17'),
(144, 2, 1, 0, 0, '07:00:00', '07:15:00', '', '', '', '', 11, 11, 147, 147, 1, 1, 146, 3, '2024-05-01 04:50:46', '2024-05-01 04:50:46'),
(145, 2, 0, 0, 0, '08:15:00', '08:30:00', '', '', '', '', 2, 2, 21, 21, 1, 1, 147, 2, '2024-07-03 02:24:02', '2024-07-03 02:24:02'),
(146, 2, 0, 0, 0, '07:00:00', '07:15:00', '', '', '', '', 11, 11, 147, 147, 1, 1, 148, 3, '2024-07-03 02:24:47', '2024-07-03 02:24:47'),
(147, 2, 1, 0, 1, '07:00:00', '07:15:00', '', '', 'A503', 'Note Transfer (หมายเหตุ)', 11, 11, 152, 152, 1, 1, 149, 4, '2024-07-03 02:27:06', '2024-07-03 02:27:06'),
(148, 2, 1, 0, 0, '07:30:00', '07:45:00', '', '', '', '', 17, 17, 147, 147, 1, 1, 150, 5, '2024-07-03 03:01:56', '2024-07-03 03:01:56'),
(149, 2, 1, 0, 0, '07:30:00', '07:45:00', '', '', '', '', 17, 17, 381, 381, 1, 1, 151, 4, '2024-07-21 02:41:45', '2024-08-14 20:01:11'),
(150, 2, 1, 0, 0, '09:06:00', '07:45:00', '', '', '', '', 17, 17, 381, 381, 1, 1, 152, 3, '2024-07-22 07:11:48', '2024-08-14 20:04:21'),
(151, 2, 0, 0, 0, '08:15:00', '08:30:00', '', '', 'A302', '', 17, 17, 330, 330, 1, 1, 153, 12, '2024-07-24 16:01:19', '2024-07-24 19:41:14'),
(152, 2, 0, 0, 1, '07:30:00', '07:45:00', '', '', 'A302', '', 10, 10, 428, 428, 1, 1, 155, 6, '2024-07-24 16:24:07', '2024-07-24 16:24:07'),
(153, 2, 0, 0, 0, '08:30:00', '08:45:00', 'Golden Hotel', 'Golden Hotel', 'A503', '', 1, 1, 0, 0, 1, 1, 154, 6, '2024-07-24 16:24:50', '2024-07-24 16:53:35'),
(154, 0, 0, 0, 0, '00:00:00', '00:00:00', '', '', '', '', 0, 0, 0, 0, 1, 1, 156, 7, '2024-07-24 21:43:03', '2024-09-28 00:46:11'),
(155, 0, 0, 0, 0, '00:00:00', '00:00:00', '', '', '', '', 0, 0, 0, 0, 1, 1, 157, 7, '2024-07-24 21:43:04', '2024-09-28 00:45:59'),
(156, 0, 0, 0, 0, '00:00:00', '00:00:00', '', '', '', '', 0, 0, 0, 0, 1, 1, 158, 7, '2024-07-24 21:43:04', '2024-09-28 00:45:50'),
(157, 0, 0, 0, 0, '00:00:00', '00:00:00', '', '', '', '', 0, 0, 0, 0, 1, 1, 159, 7, '2024-07-24 21:43:05', '2024-09-28 00:45:41'),
(158, 2, 0, 0, 0, '08:15:00', '08:30:00', 'บขส. เก่าภูเก็ต', 'บขส. เก่าภูเก็ต', '', '', 2, 2, 0, 0, 1, 1, 160, 2, '2024-07-29 18:37:47', '2024-09-22 11:09:41'),
(159, 2, 0, 0, 0, '07:00:00', '07:15:00', '', '', 'A998', '', 14, 14, 0, 0, 1, 1, 161, 4, '2024-07-29 18:40:03', '2024-09-18 10:21:31'),
(160, 2, 1, 0, 0, '08:15:00', '08:30:00', '', '', 'A102', '', 2, 2, 7, 7, 1, 2, 162, 14, '2024-08-27 17:18:50', '2024-09-12 20:10:32'),
(161, 2, 0, 0, 1, '06:30:00', '07:00:00', '', '', 'A302', '', 14, 3, 223, 223, 1, 1, 163, 10, '2024-08-27 17:30:02', '2024-08-30 11:54:17'),
(162, 2, 0, 0, 0, '08:15:00', '08:30:00', 'Hotel A', 'Hotel UUi', 'A905', '', 2, 5, 0, 0, 2, 1, 164, 10, '2024-08-29 11:49:00', '2024-09-16 19:21:19'),
(163, 2, 0, 0, 0, '07:00:00', '07:15:00', '', '', 'A909', '', 7, 7, 0, 0, 1, 1, 165, 14, '2024-09-04 17:21:31', '2024-09-22 11:04:25'),
(164, 2, 0, 0, 0, '07:30:00', '07:45:00', 'Golden Hotel', 'Red Hotel', 'A908', '', 15, 15, 0, 0, 1, 1, 166, 10, '2024-09-04 17:23:57', '2024-09-22 11:04:15'),
(165, 2, 0, 0, 0, '08:15:00', '08:30:00', 'Hotel Arrary', 'Hotel UUi', 'A960', '', 1, 13, 0, 0, 1, 2, 167, 10, '2024-09-12 13:17:30', '2024-10-03 11:01:18'),
(166, 2, 0, 0, 0, '08:00:00', '08:15:00', 'โรงแรมบี', 'โรงแรมเอ', 'A840', '', 18, 18, 0, 0, 1, 1, 168, 4, '2024-09-13 16:56:19', '2024-09-22 11:09:51'),
(167, 2, 0, 0, 0, '00:00:00', '00:00:00', '', '', '', '', 0, 0, 0, 0, 1, 1, 169, 15, '2024-09-22 11:31:30', '2024-09-22 11:31:30'),
(168, 2, 1, 0, 0, '00:00:00', '00:00:00', '', '', '', '', 0, 0, 0, 0, 1, 2, 170, 16, '2024-09-22 11:36:00', '2024-09-22 16:00:28'),
(169, 2, 0, 0, 1, '08:15:00', '08:15:00', '', '', '', '', 0, 0, 0, 0, 1, 2, 171, 15, '2024-09-26 12:16:45', '2024-09-26 12:16:45');

-- --------------------------------------------------------

--
-- Table structure for table `booking_transfer_rates`
--

CREATE TABLE `booking_transfer_rates` (
  `id` int(11) NOT NULL,
  `rate_adult` double(9,2) NOT NULL,
  `rate_child` double(9,2) NOT NULL,
  `rate_infant` double(9,2) NOT NULL,
  `rate_private` double(9,2) NOT NULL,
  `booking_transfer_id` int(11) NOT NULL,
  `cars_category_id` int(11) NOT NULL,
  `created_at` datetime NOT NULL,
  `updated_at` datetime NOT NULL
) ENGINE=InnoDB DEFAULT CHARSET=utf8mb4 COLLATE=utf8mb4_unicode_ci;

--
-- Dumping data for table `booking_transfer_rates`
--

INSERT INTO `booking_transfer_rates` (`id`, `rate_adult`, `rate_child`, `rate_infant`, `rate_private`, `booking_transfer_id`, `cars_category_id`, `created_at`, `updated_at`) VALUES
(1, 0.00, 0.00, 0.00, 0.00, 1, 0, '2023-09-18 07:13:27', '2023-09-22 08:09:39'),
(2, 0.00, 0.00, 0.00, 0.00, 2, 0, '2023-09-18 07:35:37', '2023-10-04 05:19:03'),
(3, 0.00, 0.00, 0.00, 0.00, 3, 0, '2023-09-21 06:35:08', '2023-09-23 06:22:45'),
(4, 0.00, 0.00, 0.00, 0.00, 4, 0, '2023-09-21 06:38:11', '2023-09-23 06:19:01'),
(5, 0.00, 0.00, 0.00, 0.00, 5, 0, '2023-09-21 06:46:17', '2023-09-23 06:18:34'),
(6, 0.00, 0.00, 0.00, 0.00, 6, 0, '2023-09-21 07:12:14', '2023-09-23 06:17:59'),
(7, 0.00, 0.00, 0.00, 0.00, 7, 0, '2023-09-22 08:09:46', '2023-09-23 04:42:03'),
(8, 0.00, 0.00, 0.00, 0.00, 8, 0, '2023-09-22 08:36:13', '2023-09-23 06:17:32'),
(9, 0.00, 0.00, 0.00, 0.00, 9, 0, '2023-09-23 04:45:38', '2023-09-23 04:45:38'),
(10, 0.00, 0.00, 0.00, 0.00, 10, 0, '2023-09-23 04:47:09', '2023-09-23 04:47:09'),
(11, 0.00, 0.00, 0.00, 0.00, 11, 0, '2023-09-23 04:53:56', '2023-09-23 04:59:01'),
(12, 0.00, 0.00, 0.00, 0.00, 12, 0, '2023-09-23 05:06:29', '2023-09-23 05:06:29'),
(13, 0.00, 0.00, 0.00, 0.00, 13, 0, '2023-09-23 05:09:18', '2023-09-23 05:09:18'),
(14, 0.00, 0.00, 0.00, 0.00, 14, 0, '2023-09-23 05:12:02', '2023-09-23 05:12:02'),
(15, 0.00, 0.00, 0.00, 0.00, 15, 0, '2023-09-23 05:16:43', '2023-09-23 05:16:43'),
(16, 0.00, 0.00, 0.00, 0.00, 16, 0, '2023-09-23 05:24:31', '2023-09-23 05:44:06'),
(17, 0.00, 0.00, 0.00, 0.00, 17, 0, '2023-09-23 05:52:55', '2023-09-23 05:52:55'),
(18, 0.00, 0.00, 0.00, 0.00, 0, 0, '2023-09-23 06:01:05', '2023-09-23 06:01:05'),
(19, 0.00, 0.00, 0.00, 0.00, 0, 0, '2023-09-23 06:01:43', '2023-09-23 06:01:43'),
(20, 0.00, 0.00, 0.00, 0.00, 20, 0, '2023-09-23 06:08:16', '2023-09-23 06:08:16'),
(21, 0.00, 0.00, 0.00, 0.00, 21, 0, '2023-09-23 06:09:44', '2023-09-23 06:09:44'),
(22, 0.00, 0.00, 0.00, 0.00, 22, 0, '2023-09-23 06:14:35', '2023-09-26 09:56:57'),
(24, 0.00, 0.00, 0.00, 0.00, 23, 0, '2023-09-23 06:19:48', '2023-09-23 06:21:45'),
(26, 0.00, 0.00, 0.00, 3000.00, 24, 0, '2023-09-26 06:35:04', '2023-09-26 10:19:36'),
(27, 0.00, 0.00, 0.00, 0.00, 25, 0, '2023-09-26 07:29:40', '2023-09-28 07:08:01'),
(28, 0.00, 0.00, 0.00, 0.00, 26, 0, '2023-09-26 10:40:13', '2023-09-28 07:08:12'),
(29, 0.00, 0.00, 0.00, 0.00, 27, 0, '2023-09-28 06:29:04', '2023-09-29 01:47:19'),
(30, 0.00, 0.00, 0.00, 0.00, 28, 0, '2023-09-28 07:09:21', '2023-09-28 07:09:21'),
(31, 0.00, 0.00, 0.00, 0.00, 29, 0, '2023-09-29 04:36:11', '2023-09-29 04:36:11'),
(32, 0.00, 0.00, 0.00, 0.00, 31, 0, '2023-10-04 05:14:12', '2023-10-04 05:16:41'),
(33, 0.00, 0.00, 0.00, 0.00, 32, 0, '2023-10-04 05:22:15', '2023-10-04 05:27:12'),
(34, 0.00, 0.00, 0.00, 0.00, 33, 0, '2023-10-04 05:23:46', '2023-10-04 05:23:46'),
(35, 0.00, 0.00, 0.00, 0.00, 34, 0, '2023-10-04 05:23:49', '2023-10-04 05:26:44'),
(36, 0.00, 0.00, 0.00, 0.00, 35, 0, '2023-10-04 05:25:18', '2023-10-04 05:26:14'),
(37, 0.00, 0.00, 0.00, 0.00, 36, 0, '2023-10-04 05:28:14', '2023-10-04 05:28:14'),
(38, 0.00, 0.00, 0.00, 0.00, 37, 0, '2023-10-04 05:29:16', '2023-10-04 05:29:16'),
(39, 0.00, 0.00, 0.00, 0.00, 38, 0, '2023-10-04 05:30:15', '2023-10-04 05:30:15'),
(40, 0.00, 0.00, 0.00, 0.00, 39, 0, '2023-10-04 05:30:15', '2023-10-04 05:30:15'),
(41, 0.00, 0.00, 0.00, 0.00, 40, 0, '2023-10-04 05:31:56', '2023-10-04 05:31:56'),
(42, 0.00, 0.00, 0.00, 0.00, 41, 0, '2023-10-04 05:38:35', '2023-10-04 05:38:35'),
(43, 0.00, 0.00, 0.00, 0.00, 42, 0, '2023-10-04 05:42:38', '2023-10-04 05:42:38'),
(44, 0.00, 0.00, 0.00, 0.00, 43, 0, '2023-10-04 05:42:51', '2023-10-04 05:42:51'),
(45, 0.00, 0.00, 0.00, 0.00, 44, 0, '2023-10-04 05:49:57', '2023-10-04 05:49:57'),
(46, 0.00, 0.00, 0.00, 0.00, 45, 0, '2023-10-04 05:51:39', '2023-10-04 05:51:39'),
(47, 0.00, 0.00, 0.00, 0.00, 46, 0, '2023-10-04 05:54:59', '2023-10-04 05:54:59'),
(48, 0.00, 0.00, 0.00, 0.00, 47, 0, '2023-10-04 06:02:41', '2023-10-04 06:08:28'),
(49, 0.00, 0.00, 0.00, 0.00, 48, 0, '2023-10-04 06:05:58', '2023-10-04 06:10:04'),
(50, 0.00, 0.00, 0.00, 0.00, 49, 0, '2023-10-04 06:15:03', '2023-10-04 06:15:03'),
(51, 0.00, 0.00, 0.00, 0.00, 50, 0, '2023-10-04 06:18:08', '2023-10-04 06:18:08'),
(52, 0.00, 0.00, 0.00, 0.00, 51, 0, '2023-10-04 06:19:16', '2023-10-04 06:19:16'),
(53, 0.00, 0.00, 0.00, 0.00, 52, 0, '2023-11-08 06:09:47', '2023-11-15 08:11:08'),
(54, 0.00, 0.00, 0.00, 0.00, 53, 0, '2023-11-08 06:17:54', '2023-11-15 08:15:46'),
(55, 0.00, 0.00, 0.00, 0.00, 54, 0, '2023-11-08 06:25:05', '2023-11-08 06:26:06'),
(56, 0.00, 0.00, 0.00, 0.00, 55, 0, '2023-11-08 06:29:51', '2023-11-08 06:29:51'),
(57, 0.00, 0.00, 0.00, 0.00, 56, 0, '2023-11-08 06:32:03', '2023-11-08 06:32:03'),
(58, 0.00, 0.00, 0.00, 0.00, 57, 0, '2023-11-08 06:36:54', '2023-11-08 06:36:54'),
(59, 0.00, 0.00, 0.00, 0.00, 58, 0, '2023-11-08 06:43:27', '2023-11-08 06:43:27'),
(60, 0.00, 0.00, 0.00, 0.00, 59, 0, '2023-11-08 06:46:26', '2023-11-08 06:46:26'),
(61, 0.00, 0.00, 0.00, 0.00, 0, 0, '2023-11-08 06:47:39', '2023-11-08 06:47:39'),
(62, 0.00, 0.00, 0.00, 0.00, 61, 0, '2023-11-08 07:03:50', '2023-11-08 07:03:50'),
(63, 0.00, 0.00, 0.00, 0.00, 62, 0, '2023-11-08 07:07:00', '2023-11-08 07:07:00'),
(64, 0.00, 0.00, 0.00, 0.00, 63, 0, '2023-11-08 07:11:23', '2023-11-08 07:14:43'),
(65, 0.00, 0.00, 0.00, 0.00, 0, 0, '2023-11-08 07:21:44', '2023-11-08 07:21:44'),
(66, 0.00, 0.00, 0.00, 0.00, 65, 0, '2023-11-08 07:23:46', '2023-11-08 07:23:46'),
(67, 0.00, 0.00, 0.00, 0.00, 66, 0, '2023-11-08 07:25:31', '2023-11-08 07:25:31'),
(68, 0.00, 0.00, 0.00, 0.00, 67, 0, '2023-11-08 07:27:18', '2023-11-15 08:05:34'),
(69, 0.00, 0.00, 0.00, 0.00, 68, 0, '2023-11-10 05:46:19', '2023-11-10 05:46:19'),
(70, 0.00, 0.00, 0.00, 0.00, 69, 0, '2023-11-10 05:50:47', '2023-11-10 05:57:52'),
(71, 0.00, 0.00, 0.00, 0.00, 0, 0, '2023-11-10 05:54:52', '2023-11-10 05:54:52'),
(72, 0.00, 0.00, 0.00, 0.00, 71, 0, '2023-11-10 05:59:21', '2023-11-10 06:03:33'),
(73, 0.00, 0.00, 0.00, 0.00, 72, 0, '2023-11-10 06:02:50', '2023-11-10 06:02:50'),
(74, 0.00, 0.00, 0.00, 0.00, 73, 0, '2023-11-10 06:05:36', '2023-11-10 06:05:36'),
(75, 0.00, 0.00, 0.00, 0.00, 74, 0, '2023-11-10 06:08:03', '2023-11-10 06:08:03'),
(76, 0.00, 0.00, 0.00, 0.00, 75, 0, '2023-11-10 06:32:01', '2023-11-10 06:32:01'),
(77, 0.00, 0.00, 0.00, 0.00, 76, 0, '2023-11-10 06:38:06', '2023-11-10 06:38:06'),
(78, 0.00, 0.00, 0.00, 0.00, 77, 0, '2023-11-10 06:41:19', '2023-11-10 06:44:12'),
(79, 0.00, 0.00, 0.00, 0.00, 78, 0, '2023-11-10 06:53:43', '2023-11-10 06:53:43'),
(80, 0.00, 0.00, 0.00, 0.00, 79, 0, '2023-11-10 06:55:54', '2023-11-10 06:55:54'),
(81, 0.00, 0.00, 0.00, 0.00, 80, 0, '2023-11-10 06:58:34', '2023-11-10 06:58:34'),
(82, 0.00, 0.00, 0.00, 0.00, 81, 0, '2023-11-10 07:00:25', '2023-11-10 07:00:25'),
(83, 0.00, 0.00, 0.00, 0.00, 82, 0, '2023-11-10 07:04:59', '2023-11-10 07:04:59'),
(84, 0.00, 0.00, 0.00, 0.00, 83, 0, '2023-11-15 08:04:43', '2023-11-15 08:04:43'),
(85, 0.00, 0.00, 0.00, 0.00, 84, 0, '2023-11-15 09:25:11', '2023-11-15 09:25:11'),
(86, 0.00, 0.00, 0.00, 0.00, 85, 0, '2023-11-15 13:30:49', '2023-11-16 10:49:20'),
(87, 0.00, 0.00, 0.00, 0.00, 86, 0, '2023-11-15 13:32:48', '2023-11-15 13:32:48'),
(88, 0.00, 0.00, 0.00, 0.00, 88, 0, '2023-11-20 08:35:13', '2023-11-20 08:35:13'),
(89, 0.00, 0.00, 0.00, 0.00, 87, 0, '2023-11-20 08:35:21', '2023-11-20 08:35:21'),
(90, 0.00, 0.00, 0.00, 0.00, 89, 0, '2023-11-30 01:25:25', '2023-11-30 01:25:25'),
(91, 0.00, 0.00, 0.00, 0.00, 90, 0, '2023-12-02 06:28:31', '2023-12-02 06:28:31'),
(92, 0.00, 0.00, 0.00, 0.00, 91, 0, '2023-12-02 12:08:10', '2023-12-14 04:46:03'),
(93, 0.00, 0.00, 0.00, 0.00, 92, 0, '2023-12-05 04:04:35', '2023-12-05 04:04:35'),
(94, 0.00, 0.00, 0.00, 0.00, 93, 0, '2023-12-05 04:07:19', '2023-12-05 04:07:19'),
(95, 0.00, 0.00, 0.00, 0.00, 0, 0, '2023-12-05 04:13:39', '2023-12-05 04:13:39'),
(96, 0.00, 0.00, 0.00, 0.00, 95, 0, '2023-12-05 09:42:31', '2024-09-28 01:26:55'),
(97, 0.00, 0.00, 0.00, 0.00, 96, 0, '2023-12-05 09:43:46', '2024-09-28 01:26:42'),
(98, 0.00, 0.00, 0.00, 0.00, 97, 0, '2023-12-06 06:11:03', '2023-12-06 06:11:03'),
(99, 0.00, 0.00, 0.00, 0.00, 98, 0, '2023-12-06 12:46:46', '2023-12-06 12:46:46'),
(100, 0.00, 0.00, 0.00, 0.00, 99, 0, '2023-12-07 12:36:44', '2023-12-07 12:36:44'),
(101, 0.00, 0.00, 0.00, 0.00, 100, 0, '2023-12-07 13:11:45', '2023-12-13 02:08:55'),
(102, 0.00, 0.00, 0.00, 0.00, 101, 0, '2023-12-07 13:17:23', '2023-12-07 13:17:23'),
(103, 0.00, 0.00, 0.00, 0.00, 102, 0, '2023-12-08 05:27:41', '2023-12-08 05:27:41'),
(104, 0.00, 0.00, 0.00, 0.00, 103, 0, '2023-12-08 13:16:39', '2023-12-08 13:16:39'),
(105, 0.00, 0.00, 0.00, 0.00, 104, 0, '2023-12-12 04:25:23', '2023-12-12 04:28:18'),
(106, 0.00, 0.00, 0.00, 0.00, 105, 0, '2023-12-12 04:33:43', '2023-12-12 04:33:43'),
(107, 0.00, 0.00, 0.00, 0.00, 106, 0, '2023-12-12 04:34:53', '2023-12-12 04:34:53'),
(108, 0.00, 0.00, 0.00, 0.00, 107, 0, '2023-12-12 05:37:30', '2023-12-12 05:37:30'),
(109, 0.00, 0.00, 0.00, 0.00, 108, 0, '2023-12-12 14:31:23', '2023-12-12 14:31:23'),
(110, 0.00, 0.00, 0.00, 0.00, 109, 0, '2023-12-12 14:36:46', '2023-12-12 14:36:46'),
(111, 0.00, 0.00, 0.00, 0.00, 110, 0, '2023-12-12 14:39:06', '2023-12-12 14:39:06'),
(112, 0.00, 0.00, 0.00, 0.00, 111, 0, '2023-12-12 14:41:28', '2023-12-12 14:41:28'),
(113, 0.00, 0.00, 0.00, 0.00, 112, 0, '2023-12-12 14:43:27', '2023-12-12 14:43:27'),
(114, 0.00, 0.00, 0.00, 0.00, 113, 0, '2023-12-12 14:45:09', '2023-12-12 14:45:09'),
(115, 0.00, 0.00, 0.00, 0.00, 114, 0, '2023-12-12 14:47:19', '2023-12-12 14:47:19'),
(116, 0.00, 0.00, 0.00, 0.00, 115, 0, '2023-12-12 14:49:05', '2023-12-13 05:35:18'),
(117, 0.00, 0.00, 0.00, 0.00, 116, 0, '2023-12-13 05:25:44', '2023-12-13 05:25:44'),
(118, 0.00, 0.00, 0.00, 0.00, 117, 0, '2023-12-13 12:16:22', '2023-12-13 12:16:22'),
(119, 0.00, 0.00, 0.00, 0.00, 118, 0, '2023-12-13 13:03:58', '2023-12-13 13:03:58'),
(120, 0.00, 0.00, 0.00, 0.00, 119, 0, '2023-12-14 08:38:00', '2023-12-14 08:38:00'),
(121, 0.00, 0.00, 0.00, 0.00, 120, 0, '2023-12-14 09:06:34', '2023-12-14 09:06:34'),
(122, 0.00, 0.00, 0.00, 0.00, 121, 0, '2023-12-14 12:03:07', '2023-12-14 12:03:47'),
(123, 0.00, 0.00, 0.00, 0.00, 0, 0, '2023-12-14 12:07:58', '2023-12-14 12:07:58'),
(124, 0.00, 0.00, 0.00, 0.00, 123, 0, '2023-12-14 12:57:06', '2023-12-14 12:57:06'),
(125, 0.00, 0.00, 0.00, 0.00, 0, 0, '2023-12-14 14:26:59', '2023-12-14 14:26:59'),
(126, 0.00, 0.00, 0.00, 0.00, 125, 0, '2023-12-16 05:46:19', '2023-12-16 05:46:19'),
(127, 0.00, 0.00, 0.00, 0.00, 126, 0, '2023-12-16 05:54:30', '2023-12-16 05:55:54'),
(128, 0.00, 0.00, 0.00, 0.00, 127, 0, '2023-12-16 09:25:04', '2023-12-16 09:27:55'),
(129, 0.00, 0.00, 0.00, 0.00, 128, 0, '2023-12-17 09:46:34', '2023-12-17 09:46:34'),
(130, 0.00, 0.00, 0.00, 0.00, 129, 0, '2023-12-17 09:53:22', '2023-12-17 09:53:22'),
(131, 0.00, 0.00, 0.00, 0.00, 130, 0, '2023-12-18 12:07:23', '2023-12-18 12:08:38'),
(132, 0.00, 0.00, 0.00, 0.00, 131, 0, '2023-12-19 04:10:44', '2023-12-19 04:22:48'),
(133, 0.00, 0.00, 0.00, 0.00, 132, 0, '2023-12-21 04:27:09', '2023-12-21 04:27:09'),
(134, 0.00, 0.00, 0.00, 0.00, 133, 0, '2023-12-21 04:35:36', '2023-12-21 04:35:36'),
(135, 0.00, 0.00, 0.00, 0.00, 134, 0, '2023-12-21 04:40:47', '2023-12-21 04:40:47'),
(136, 0.00, 0.00, 0.00, 0.00, 135, 0, '2023-12-21 04:47:28', '2024-02-02 09:28:53'),
(137, 0.00, 0.00, 0.00, 0.00, 136, 0, '2024-01-14 05:37:50', '2024-01-14 05:37:50'),
(138, 0.00, 0.00, 0.00, 0.00, 137, 0, '2024-01-14 05:39:54', '2024-01-14 05:39:54'),
(139, 0.00, 0.00, 0.00, 0.00, 138, 0, '2024-02-14 11:38:33', '2024-02-14 11:53:44'),
(140, 0.00, 0.00, 0.00, 0.00, 139, 0, '2024-02-14 11:39:37', '2024-02-14 11:54:31'),
(141, 0.00, 0.00, 0.00, 0.00, 140, 0, '2024-02-14 11:40:47', '2024-02-14 11:54:38'),
(142, 0.00, 0.00, 0.00, 0.00, 141, 0, '2024-02-14 11:41:39', '2024-02-14 11:57:06'),
(143, 0.00, 0.00, 0.00, 0.00, 142, 0, '2024-02-14 11:44:33', '2024-02-14 11:54:54'),
(144, 0.00, 0.00, 0.00, 0.00, 143, 0, '2024-02-14 11:49:20', '2024-02-14 11:55:17'),
(145, 0.00, 0.00, 0.00, 0.00, 144, 0, '2024-05-01 04:50:46', '2024-05-01 04:50:46'),
(146, 0.00, 0.00, 0.00, 0.00, 145, 0, '2024-07-03 02:24:02', '2024-07-03 02:24:02'),
(147, 0.00, 0.00, 0.00, 0.00, 146, 0, '2024-07-03 02:24:47', '2024-07-03 02:24:47'),
(148, 0.00, 0.00, 0.00, 0.00, 147, 0, '2024-07-03 02:27:06', '2024-07-03 02:27:06'),
(149, 0.00, 0.00, 0.00, 0.00, 148, 0, '2024-07-03 03:01:56', '2024-07-03 03:01:56'),
(150, 0.00, 0.00, 0.00, 0.00, 149, 0, '2024-07-21 02:41:45', '2024-08-14 20:01:11'),
(151, 0.00, 0.00, 0.00, 0.00, 150, 0, '2024-07-22 07:11:48', '2024-08-14 20:04:21'),
(152, 0.00, 0.00, 0.00, 0.00, 151, 0, '2024-07-24 16:01:19', '2024-07-24 19:41:14'),
(153, 0.00, 0.00, 0.00, 0.00, 152, 0, '2024-07-24 16:24:07', '2024-07-24 16:24:07'),
(154, 0.00, 0.00, 0.00, 0.00, 0, 0, '2024-07-24 16:24:50', '2024-07-24 16:24:50'),
(155, 0.00, 0.00, 0.00, 0.00, 153, 0, '2024-07-24 16:26:59', '2024-07-24 16:53:35'),
(156, 0.00, 0.00, 0.00, 0.00, 154, 0, '2024-07-24 21:43:03', '2024-09-28 00:46:11'),
(157, 0.00, 0.00, 0.00, 0.00, 155, 0, '2024-07-24 21:43:04', '2024-09-28 00:45:59'),
(158, 0.00, 0.00, 0.00, 0.00, 156, 0, '2024-07-24 21:43:04', '2024-09-28 00:45:50'),
(159, 0.00, 0.00, 0.00, 0.00, 157, 0, '2024-07-24 21:43:05', '2024-09-28 00:45:41'),
(160, 0.00, 0.00, 0.00, 0.00, 158, 0, '2024-07-29 18:37:47', '2024-09-22 11:09:41'),
(161, 0.00, 0.00, 0.00, 0.00, 159, 0, '2024-07-29 18:40:03', '2024-09-18 10:21:31'),
(162, 0.00, 0.00, 0.00, 0.00, 160, 0, '2024-08-27 17:18:50', '2024-09-12 20:10:32'),
(163, 0.00, 0.00, 0.00, 0.00, 161, 0, '2024-08-27 17:30:02', '2024-08-30 11:54:17'),
(164, 0.00, 0.00, 0.00, 599.00, 162, 0, '2024-08-29 11:49:00', '2024-09-16 19:21:19'),
(165, 0.00, 0.00, 0.00, 0.00, 163, 0, '2024-09-04 17:21:31', '2024-09-22 11:04:25'),
(166, 0.00, 0.00, 0.00, 0.00, 164, 0, '2024-09-04 17:23:57', '2024-09-22 11:04:15'),
(167, 0.00, 0.00, 0.00, 0.00, 165, 0, '2024-09-12 13:17:30', '2024-10-03 11:01:18'),
(168, 0.00, 0.00, 0.00, 0.00, 166, 0, '2024-09-13 16:56:19', '2024-09-22 11:09:51'),
(169, 0.00, 0.00, 0.00, 0.00, 167, 0, '2024-09-22 11:31:30', '2024-09-22 11:31:30'),
(170, 0.00, 0.00, 0.00, 0.00, 168, 0, '2024-09-22 11:36:00', '2024-09-22 16:00:28'),
(171, 0.00, 0.00, 0.00, 0.00, 169, 0, '2024-09-26 12:16:45', '2024-09-26 12:16:45');

-- --------------------------------------------------------

--
-- Table structure for table `booking_type`
--

CREATE TABLE `booking_type` (
  `id` int(11) NOT NULL,
  `name` varchar(100) COLLATE utf8mb4_unicode_ci NOT NULL,
  `created_at` datetime NOT NULL
) ENGINE=InnoDB DEFAULT CHARSET=utf8mb4 COLLATE=utf8mb4_unicode_ci;

--
-- Dumping data for table `booking_type`
--

INSERT INTO `booking_type` (`id`, `name`, `created_at`) VALUES
(1, 'Join', '2021-12-08 08:57:15'),
(2, 'Private', '2021-12-08 08:57:15');

-- --------------------------------------------------------

--
-- Table structure for table `branches`
--

CREATE TABLE `branches` (
  `id` int(11) NOT NULL,
  `name` varchar(150) COLLATE utf8mb4_unicode_ci NOT NULL,
  `is_approved` int(11) NOT NULL,
  `is_deleted` int(11) NOT NULL,
  `updated_at` datetime NOT NULL,
  `created_at` datetime NOT NULL
) ENGINE=InnoDB DEFAULT CHARSET=utf8mb4 COLLATE=utf8mb4_unicode_ci;

-- --------------------------------------------------------

--
-- Table structure for table `captains`
--

CREATE TABLE `captains` (
  `id` int(11) NOT NULL,
  `id_card` varchar(13) COLLATE utf8mb4_unicode_ci NOT NULL,
  `name` varchar(150) COLLATE utf8mb4_unicode_ci NOT NULL,
  `telephone` varchar(50) COLLATE utf8mb4_unicode_ci NOT NULL,
  `address` text COLLATE utf8mb4_unicode_ci NOT NULL,
  `sex` int(11) NOT NULL,
  `birth_date` date NOT NULL,
  `pic` varchar(50) COLLATE utf8mb4_unicode_ci NOT NULL,
  `is_approved` int(11) NOT NULL DEFAULT 0,
  `is_deleted` int(11) NOT NULL DEFAULT 0,
  `created_at` datetime NOT NULL DEFAULT current_timestamp(),
  `updated_at` datetime NOT NULL DEFAULT current_timestamp()
) ENGINE=InnoDB DEFAULT CHARSET=utf8mb4 COLLATE=utf8mb4_unicode_ci;

--
-- Dumping data for table `captains`
--

INSERT INTO `captains` (`id`, `id_card`, `name`, `telephone`, `address`, `sex`, `birth_date`, `pic`, `is_approved`, `is_deleted`, `created_at`, `updated_at`) VALUES
(1, '', 'ลุงนงค์', '', '', 0, '0000-00-00', '', 1, 0, '2024-07-25 11:15:47', '2024-07-25 11:15:47'),
(2, '', 'น้าเอก', '', '', 0, '0000-00-00', '', 1, 0, '2024-07-25 12:01:30', '2024-07-25 12:01:30'),
(3, '', 'พี่กันย์', '089 645 0085', '', 1, '1992-07-02', '', 1, 0, '2024-07-25 13:27:02', '2024-07-25 13:27:15'),
(4, '', 'พี่นาก', '', '', 0, '0000-00-00', '', 1, 0, '2024-08-29 13:49:59', '2024-08-29 13:49:59');

-- --------------------------------------------------------

--
-- Table structure for table `cars`
--

CREATE TABLE `cars` (
  `id` int(11) NOT NULL,
  `car_registration` varchar(50) COLLATE utf8mb4_unicode_ci NOT NULL,
  `name` varchar(100) COLLATE utf8mb4_unicode_ci NOT NULL,
  `slug` varchar(100) COLLATE utf8mb4_unicode_ci NOT NULL,
  `capacity` int(11) NOT NULL DEFAULT 0,
  `cars_category_id` int(11) NOT NULL DEFAULT 0,
  `is_approved` int(11) NOT NULL DEFAULT 0,
  `is_deleted` int(11) NOT NULL DEFAULT 0,
  `created_at` datetime NOT NULL DEFAULT current_timestamp(),
  `updated_at` datetime NOT NULL DEFAULT current_timestamp()
) ENGINE=InnoDB DEFAULT CHARSET=utf8mb4 COLLATE=utf8mb4_unicode_ci;

--
-- Dumping data for table `cars`
--

INSERT INTO `cars` (`id`, `car_registration`, `name`, `slug`, `capacity`, `cars_category_id`, `is_approved`, `is_deleted`, `created_at`, `updated_at`) VALUES
(1, 'กข 5620 ภูเก็ต', 'Van 1', 'บังเสน', 10, 1, 1, 0, '2023-09-01 05:47:51', '2023-09-01 05:47:51'),
(2, 'อด 9956 กทม', 'Van 2', 'พี่ศักดิ์(รถพี่กุ้ง)', 10, 1, 1, 0, '2023-09-01 05:48:09', '2023-09-01 05:48:09'),
(3, 'กข 9600 กทม', 'Van 3', 'พี่ศักดิ์-(ทีมโก้รัตน์)', 10, 1, 1, 0, '2023-09-01 05:48:30', '2023-09-01 05:48:30'),
(4, 'กพ 5920 ภูเก็ต', 'Van 4', 'บังบ่าว-(ทีมโก้รัตน์)', 10, 1, 1, 0, '2023-09-01 05:48:48', '2023-09-01 05:48:48'),
(5, 'นย 9006 กทม', 'Van 5', 'โก้รัตน์', 10, 1, 1, 0, '2023-09-01 05:49:03', '2023-09-01 05:49:03'),
(6, 'พน 9620 ภูเก็ต', 'Van 6', 'พี่นิว', 10, 1, 1, 0, '2023-09-01 05:49:18', '2023-09-01 05:49:18'),
(7, 'บย 5530 ภูเก็ต', 'Van 7', 'พี่มายด์', 10, 1, 1, 0, '2023-09-01 05:49:33', '2023-09-01 05:49:33'),
(8, 'ทม 9006 กทม', 'Van 8', 'ภูนาวา', 10, 1, 1, 0, '2023-09-01 05:49:51', '2023-09-01 05:49:51'),
(9, '', 'ดก 5981 เชียงใหม่', '', 0, 0, 1, 0, '2024-07-24 18:54:21', '2024-07-24 18:54:21'),
(10, '', 'พก 1035 ยะลา', '', 0, 0, 1, 0, '2024-07-24 18:59:11', '2024-07-24 18:59:11'),
(11, '', 'พก 1035 ยะลา', '', 0, 0, 1, 0, '2024-07-24 18:59:29', '2024-07-24 18:59:29'),
(12, '', 'กน 8930 กระบี่', '', 0, 0, 1, 0, '2024-07-24 21:01:19', '2024-07-24 21:01:19'),
(13, '', 'Sup 2', '', 0, 0, 1, 0, '2024-09-04 21:35:00', '2024-09-04 21:35:00');

-- --------------------------------------------------------

--
-- Table structure for table `cars_category`
--

CREATE TABLE `cars_category` (
  `id` int(11) NOT NULL,
  `name` varchar(100) COLLATE utf8mb4_unicode_ci NOT NULL,
  `slug` varchar(100) COLLATE utf8mb4_unicode_ci NOT NULL,
  `capacity` int(11) NOT NULL,
  `pic` varchar(100) COLLATE utf8mb4_unicode_ci NOT NULL,
  `created_at` datetime NOT NULL DEFAULT current_timestamp(),
  `updated_at` datetime NOT NULL DEFAULT current_timestamp(),
  `is_approved` int(11) NOT NULL,
  `is_deleted` int(11) NOT NULL
) ENGINE=InnoDB DEFAULT CHARSET=utf8mb4 COLLATE=utf8mb4_unicode_ci;

--
-- Dumping data for table `cars_category`
--

INSERT INTO `cars_category` (`id`, `name`, `slug`, `capacity`, `pic`, `created_at`, `updated_at`, `is_approved`, `is_deleted`) VALUES
(1, 'Van', 'Van', 0, '', '2023-02-23 01:57:20', '2023-02-23 01:57:20', 0, 0);

-- --------------------------------------------------------

--
-- Table structure for table `cars_type`
--

CREATE TABLE `cars_type` (
  `id` int(11) NOT NULL,
  `name` varchar(100) COLLATE utf8mb4_unicode_ci NOT NULL,
  `slug` varchar(100) COLLATE utf8mb4_unicode_ci NOT NULL,
  `car_category_id` int(11) NOT NULL DEFAULT 0,
  `created_at` datetime NOT NULL DEFAULT current_timestamp(),
  `updated_at` datetime NOT NULL DEFAULT current_timestamp(),
  `is_approved` int(11) NOT NULL,
  `is_deleted` int(11) NOT NULL
) ENGINE=InnoDB DEFAULT CHARSET=utf8mb4 COLLATE=utf8mb4_unicode_ci;

-- --------------------------------------------------------

--
-- Table structure for table `category_items`
--

CREATE TABLE `category_items` (
  `id` int(11) NOT NULL,
  `is_approved` int(11) NOT NULL,
  `name` varchar(100) COLLATE utf8mb4_unicode_ci NOT NULL,
  `created_at` datetime NOT NULL,
  `is_deleted` int(11) NOT NULL
) ENGINE=InnoDB DEFAULT CHARSET=utf8mb4 COLLATE=utf8mb4_unicode_ci;

--
-- Dumping data for table `category_items`
--

INSERT INTO `category_items` (`id`, `is_approved`, `name`, `created_at`, `is_deleted`) VALUES
(1, 1, 'Day Trip', '2021-11-16 03:45:00', 0),
(2, 1, 'City Tour', '2021-11-16 03:45:12', 0),
(3, 1, 'Island Tour', '2021-11-16 03:46:43', 0),
(5, 1, 'Activity', '2023-01-04 02:50:07', 0),
(6, 1, 'HALF DAY', '2023-01-04 03:35:35', 0);

-- --------------------------------------------------------

--
-- Table structure for table `colors`
--

CREATE TABLE `colors` (
  `id` int(11) NOT NULL,
  `name` varchar(80) NOT NULL,
  `name_th` varchar(80) NOT NULL,
  `hex_code` varchar(80) NOT NULL,
  `is_approved` int(11) NOT NULL DEFAULT 1,
  `created_at` datetime NOT NULL
) ENGINE=InnoDB DEFAULT CHARSET=utf8mb4;

--
-- Dumping data for table `colors`
--

INSERT INTO `colors` (`id`, `name`, `name_th`, `hex_code`, `is_approved`, `created_at`) VALUES
(1, 'Orange', 'สีส้ม', '#FF9F43', 1, '2023-10-18 08:57:12'),
(2, 'Red', 'สีแดง', '#EA5455', 1, '2023-10-18 08:57:12'),
(3, 'Pink', 'สีชมพู', '#FF69B4', 1, '2023-10-18 08:57:12'),
(4, 'Green', 'สีเขียว', '#c4df9a', 1, '2023-10-18 08:57:12'),
(5, 'Blue', 'สีน้ำเงิน', '#0019F0', 1, '2023-10-18 08:57:12'),
(6, 'Brown', 'สีน้ำตาล', '#8B4513', 1, '2023-10-18 08:57:12'),
(7, 'Yellow', 'สีเหลือง', '#FFFF00', 1, '2023-10-18 08:57:12'),
(8, 'White', 'สีขาว', '#FFFFFF', 1, '2023-10-18 08:57:12'),
(9, 'Sky', 'สีฟ้า', '#00FFFF', 1, '2023-10-18 08:57:12'),
(10, 'Grey', 'สีเทา', '#818181', 1, '2023-10-18 08:57:12');

-- --------------------------------------------------------

--
-- Table structure for table `companies`
--

CREATE TABLE `companies` (
  `id` int(11) NOT NULL,
  `tat_license` varchar(100) COLLATE utf8mb4_unicode_ci NOT NULL,
  `name` varchar(200) COLLATE utf8mb4_unicode_ci NOT NULL,
  `email` varchar(100) COLLATE utf8mb4_unicode_ci NOT NULL,
  `telephone` varchar(100) COLLATE utf8mb4_unicode_ci NOT NULL,
  `address` text COLLATE utf8mb4_unicode_ci NOT NULL,
  `contact_person` text COLLATE utf8mb4_unicode_ci NOT NULL,
  `note` text COLLATE utf8mb4_unicode_ci NOT NULL,
  `logo` varchar(50) COLLATE utf8mb4_unicode_ci NOT NULL,
  `company_type_id` int(11) NOT NULL DEFAULT 0,
  `sale_id` int(11) NOT NULL COMMENT 'TB users',
  `is_approved` int(11) NOT NULL DEFAULT 0,
  `is_deleted` int(11) NOT NULL DEFAULT 0,
  `created_at` datetime NOT NULL DEFAULT current_timestamp(),
  `updated_at` datetime NOT NULL DEFAULT current_timestamp()
) ENGINE=InnoDB DEFAULT CHARSET=utf8mb4 COLLATE=utf8mb4_unicode_ci;

--
-- Dumping data for table `companies`
--

INSERT INTO `companies` (`id`, `tat_license`, `name`, `email`, `telephone`, `address`, `contact_person`, `note`, `logo`, `company_type_id`, `sale_id`, `is_approved`, `is_deleted`, `created_at`, `updated_at`) VALUES
(1, '9999999', 'Walk-in', '', '', '', '', 'Walk in, Call in, Online', '', 3, 0, 1, 0, '2023-02-03 09:16:44', '2023-02-03 09:16:44'),
(2, '0', 'Charter Marine', 'charter.marine@email.com', '', '', '', '', '', 2, 0, 1, 0, '2023-02-03 09:16:44', '2023-02-03 09:16:44'),
(3, '0', 'Rassada Travel', 'rassadapier@gmail.com', '0655328995', '', '', '', '', 2, 0, 1, 0, '2023-02-03 09:16:44', '2023-02-03 09:16:44'),
(4, '', '109 Thailand Travel', '', '0952655144 / 0809464562', '206/23 Ratch Rat-U-Thit 200 Pee Rd., Patong Beach, Kathu ,Phuket', '', '', '', 2, 0, 1, 0, '2023-02-03 09:16:44', '2023-02-03 09:16:44'),
(5, '', '888 Travel & Transport', '', '0867434319', '1 Prachannukhro Rd., Patong Beach ,Kathu ,Phuket', '', '', '', 2, 0, 1, 0, '2023-02-03 09:16:44', '2023-02-03 09:16:44'),
(6, '', 'A.Leader Travel Phuket', '', '0805269393', '237/1 Rat-U-Thit Rd.,T.Patong ,Kathu ,Phuket', '', '', '', 2, 0, 1, 0, '2023-02-03 09:16:44', '2023-02-03 09:16:44'),
(7, '', 'Abetter Travel & Tour', '', '', '110/185 Taweewong Rd.,Patong Beach,', '', '', '', 2, 0, 1, 0, '2023-02-03 09:16:44', '2023-02-03 09:16:44'),
(8, '', 'Absolute World LLC', '', '076302050', '97 ถนนหมื่นเงิน ตำบลป่าตอง อำเภอกะทู้ จังหวัดภูเก็ต', '', '', '', 2, 0, 1, 0, '2023-02-03 09:16:44', '2023-02-03 09:16:44'),
(9, '', 'Ake Unzeen / คุณเอก', '', '', '', '', '', '', 2, 0, 1, 0, '2023-02-03 09:16:44', '2023-02-03 09:16:44'),
(10, '', 'Amity Center Tour', '', '0950742373', '13 Sawaddirak Rd.,Patong , Kathu , Phuket', '', '', '', 2, 0, 1, 0, '2023-02-03 09:16:44', '2023-02-03 09:16:44'),
(11, '', 'Anantara & Avani Tour', '', '', '', '', '', '', 2, 0, 1, 0, '2023-02-03 09:16:44', '2023-02-03 09:16:44'),
(12, '', 'Andaman Guide & Tour', '', '076314263-269', '22 M.2 Cheung Thalay, Thalang , Phuket', '', '', '', 2, 0, 1, 0, '2023-02-03 09:16:44', '2023-02-03 09:16:44'),
(13, '', 'Andaman Speed Boat (บังฉีด)', '', '', '', '', '', '', 2, 0, 1, 0, '2023-02-03 09:16:44', '2023-02-03 09:16:44'),
(14, '', 'Andaman thailand', '', '', '', '', '', '', 2, 0, 1, 0, '2023-02-03 09:16:44', '2023-02-03 09:16:44'),
(15, '', 'Anna', '', '', '', '', '', '', 2, 0, 1, 0, '2023-02-03 09:16:44', '2023-02-03 09:16:44'),
(16, '', 'Arena Tour & Travel', '', '', '', '', '', '', 2, 0, 1, 0, '2023-02-03 09:16:44', '2023-02-03 09:16:44'),
(17, '', 'AS Tour And Travel', '', '', '188/2 Thaweewong Rd., Patong, Kathu, Phuket', '', '', '', 2, 0, 1, 0, '2023-02-03 09:16:44', '2023-02-03 09:16:44'),
(18, '', 'Asia Bar Travel And Tour', '', '', '250/1 Patak Rd., Karon Beack ,Phuket', '', '', '', 2, 0, 1, 0, '2023-02-03 09:16:44', '2023-02-03 09:16:44'),
(19, '', 'Asia Planet', '', '', '', '', '', '', 2, 0, 1, 0, '2023-02-03 09:16:44', '2023-02-03 09:16:44'),
(20, '', 'Asia Sensation', '', '', '', '', '', '', 2, 0, 1, 0, '2023-02-03 09:16:44', '2023-02-03 09:16:44'),
(21, '', 'AYO Travel', '', '0849917829', '191/44 Rat-U-Thit 200 Pee Rd., T.Patong ,Kathu ,Phuket', '', '', '', 2, 0, 1, 0, '2023-02-03 09:16:44', '2023-02-03 09:16:44'),
(22, '', 'B&B Guest House Car Rent', '', '0642406334', '64/1 Soi Kepsup Taweewong Rd., Patong Beach ,Kathu ,Phuket', '', '', '', 2, 0, 1, 0, '2023-02-03 09:16:44', '2023-02-03 09:16:44'),
(23, '', 'Bena Tour & Travel', '', '0948010055', '11/1 Soi Patak 24 , Karon , Muang ,Phuket', '', '', '', 2, 0, 1, 0, '2023-02-03 09:16:44', '2023-02-03 09:16:44'),
(24, '', 'Best Friend', '', '', '', '', '', '', 2, 0, 1, 0, '2023-02-03 09:16:44', '2023-02-03 09:16:44'),
(25, '', 'Bird Beach Blue Travel', '', '0990928746', '169/106 Phang-Muang Sai Kor Rd., T.Patong ,Kathu , Phuket', '', '', '', 2, 0, 1, 0, '2023-02-03 09:16:44', '2023-02-03 09:16:44'),
(26, '', 'Blue Ocean', '', '0936270628', '168 Patak Rd., T.Karon Phuket', '', '', '', 2, 0, 1, 0, '2023-02-03 09:16:44', '2023-02-03 09:16:44'),
(27, '', 'Book a Bed', '', '0936932888 / 076354434', '2/15 Dibuk Rd., Talad Yai., Muang Phuket', '', '', '', 2, 0, 1, 0, '2023-02-03 09:16:44', '2023-02-03 09:16:44'),
(28, '', 'BST', '', '', '', '', '', '', 2, 0, 1, 0, '2023-02-03 09:16:44', '2023-02-03 09:16:44'),
(29, '', 'Cee & U Tour / Amara Tour', '', '0835932124', '188/Taweewong Rd.,Patong Beach,Kathu ,Phuket', '', '', '', 2, 0, 1, 0, '2023-02-03 09:16:44', '2023-02-03 09:16:44'),
(30, '', 'Cetus Travel And Tour Co., Ltd.', '', '076637788', '60/182 Suriyaporn Village Soi 1/1 Moo 1 , Chaofa-East Rd., Chalong , Muang , Phuket', '', '', '', 2, 0, 1, 0, '2023-02-03 09:16:44', '2023-02-03 09:16:44'),
(31, '', 'Charter Marine Co., Ltd', '', '096 265 9549 / 082 561 4959 / 099 245 4425', '64/217 หมู่ 7 ต.รัษฎา Changwat Phuket, Phuket', '', '', '', 2, 0, 1, 0, '2023-02-03 09:16:44', '2023-02-03 09:16:44'),
(32, '', 'CHARTER MARINE CO.,LTD', '', '', '', '', '', '', 2, 0, 1, 0, '2023-02-03 09:16:44', '2023-02-03 09:16:44'),
(33, '', 'Chokethavee Car Rent & Tour', '', '', '', '', '', '', 2, 0, 1, 0, '2023-02-03 09:16:44', '2023-02-03 09:16:44'),
(34, '', 'CK Tour & Travel', '', '0811666136', '18 Taweewong Rd., T.Patong ,Kathu ,Phuket', '', '', '', 2, 0, 1, 0, '2023-02-03 09:16:44', '2023-02-03 09:16:44'),
(35, '', 'Colossal', '', '', '', '', '', '', 2, 0, 1, 0, '2023-02-03 09:16:44', '2023-02-03 09:16:44'),
(36, '', 'CSN Tour', '', '', '', '', '', '', 2, 0, 1, 0, '2023-02-03 09:16:44', '2023-02-03 09:16:44'),
(37, '', 'Cystal Sea', '', '', '', '', '', '', 2, 0, 1, 0, '2023-02-03 09:16:44', '2023-02-03 09:16:44'),
(38, '', 'Delima Travel & Tour', '', '0896495746', '96/17 Moo 3 ,Kamala Beach , Kathu , Phuket', '', '', '', 2, 0, 1, 0, '2023-02-03 09:16:44', '2023-02-03 09:16:44'),
(39, '', 'Dream D Travel LTD.', '', '', '', '', '', '', 2, 0, 1, 0, '2023-02-03 09:16:44', '2023-02-03 09:16:44'),
(40, '', 'Enjoy Tour & Travel', '', '0924454494', '204/18 Rat-U-Thit 200 Pee Rd.,Patong Beach ,Kathu ,Phuket', '', '', '', 2, 0, 1, 0, '2023-02-03 09:16:44', '2023-02-03 09:16:44'),
(41, '', 'Es.S Phuket Co.,LTD.(Phuket)', '', '', '98/197 M.4 Thepkrasattri Rd., A.Muang T.Koh Kaew, Phuket', '', '', '', 2, 0, 1, 0, '2023-02-03 09:16:44', '2023-02-03 09:16:44'),
(42, '', 'Fan & Fram Travel', '', '0980109056', '171 Soi Sansabai, Rat-U-Thit 200 Pee Rd., Patong Beach ,Kathu ,Phuket', '', '', '', 2, 0, 1, 0, '2023-02-03 09:16:44', '2023-02-03 09:16:44'),
(43, '', 'Freelance', '', '', '', '', '', '', 2, 0, 1, 0, '2023-02-03 09:16:44', '2023-09-21 06:51:03'),
(44, '', 'Freelance Courtyard', '', '', '', '', '', '', 2, 0, 1, 0, '2023-02-03 09:16:44', '2023-09-21 06:53:19'),
(45, '', 'Freelance Denis', '', '', '', '', '', '', 2, 0, 1, 0, '2023-02-03 09:16:44', '2023-09-21 06:50:18'),
(46, '', 'Freelance G.Phon', '', '', '', '', '', '', 2, 0, 1, 0, '2023-02-03 09:16:44', '2023-09-21 06:54:45'),
(47, '', 'Freelance G.เกรียงกมล', '', '', '', '', '', '', 2, 0, 1, 0, '2023-02-03 09:16:44', '2023-09-21 06:55:00'),
(48, '', 'Freelance G.แจ๊ค', '', '', '', '', '', '', 2, 0, 1, 0, '2023-02-03 09:16:44', '2023-09-21 06:55:24'),
(49, '', 'Freelance G.ออย', '', '', '', '', '', '', 2, 0, 1, 0, '2023-02-03 09:16:44', '2023-09-21 06:54:16'),
(50, '', 'Freelance Panphuree Residance', '', '', '', '', '', '', 2, 0, 1, 0, '2023-02-03 09:16:44', '2023-09-21 07:05:27'),
(51, '', 'Freelance Patong Paragon', '', '', '', '', '', '', 2, 0, 1, 0, '2023-02-03 09:16:44', '2023-09-21 07:05:43'),
(52, '', 'Freelance Sakchai', '', '', '', '', '', '', 2, 0, 1, 0, '2023-02-03 09:16:44', '2023-09-21 07:06:38'),
(53, '', 'Freelance Tony', '', '', '', '', '', '', 2, 0, 1, 0, '2023-02-03 09:16:44', '2023-09-21 06:52:28'),
(54, '', 'Freelance Vicky Vietnam', '', '', '', '', '', '', 2, 0, 1, 0, '2023-02-03 09:16:44', '2023-09-21 07:06:57'),
(55, '', 'Freelance ไกค์เกรียงกมล', '', '', '', '', '', '', 2, 0, 1, 0, '2023-02-03 09:16:44', '2023-09-21 06:53:02'),
(56, '', 'Freelance พี่ชัย', '', '', '', '', '', '', 2, 0, 1, 0, '2023-02-03 09:16:44', '2023-09-21 07:06:05'),
(57, '', 'Freelance พี่ตี๋', '', '', '', '', '', '', 2, 0, 1, 0, '2023-02-03 09:16:44', '2023-09-21 07:06:22'),
(58, '', 'Frontier Tour & Travel Service', '', '', '', '', '', '', 2, 0, 1, 0, '2023-02-03 09:16:44', '2023-02-03 09:16:44'),
(59, '', 'G.แหวน', '', '', '', '', '', '', 2, 0, 1, 0, '2023-02-03 09:16:44', '2023-02-03 09:16:44'),
(60, '', 'Ginny Tour & Travel', '', '', '179/85-87 Soi Sansabai , PhangMuang Sai Kor Rd ., Patong , Kathu , Phuket', '', '', '', 2, 0, 1, 0, '2023-02-03 09:16:44', '2023-02-03 09:16:44'),
(61, '', 'Going Holiday Travel', '', '0815358540', '2/14 Sirirach Rd., Patong , Kathu ,Phuket', '', '', '', 2, 0, 1, 0, '2023-02-03 09:16:44', '2023-02-03 09:16:44'),
(62, '', 'Good Day Vacation Co.,Ltd', '', '0994232804', '81/153 Moo 3 Supalai Premo , Sai 4/2 ,Rassada ,Muang ,Phuket', '', '', '', 2, 0, 1, 0, '2023-02-03 09:16:44', '2023-02-03 09:16:44'),
(63, '', 'Great Vacation', '', '0872803689', '105/56 M.3 Cherntalay , Surin Beach, Thalang ,Phuket', '', '', '', 2, 0, 1, 0, '2023-02-03 09:16:44', '2023-02-03 09:16:44'),
(64, '', 'Green Frog Tour&Travel', '', '0814761325', '210/29 Rat-U-Thit 200 Pee Rd., Patong Kathu Phuket', '', '', '', 2, 0, 1, 0, '2023-02-03 09:16:44', '2023-02-03 09:16:44'),
(65, '', 'Hala Walla Tour', '', '0803242946', '21 Sirirat Rd., Patong ,Kathu ,Phuket', '', '', '', 2, 0, 1, 0, '2023-02-03 09:16:44', '2023-02-03 09:16:44'),
(66, '', 'Hasanai Tour', '', '0626623888 / 0898115548', '108/4 Taweewong Rd., T.Patong ,Kathu ,Phuket', '', '', '', 2, 0, 1, 0, '2023-02-03 09:16:44', '2023-02-03 09:16:44'),
(67, '', 'Heyday Travel', '', '', '70/3 Bangla Rd., Patong Beach, Kathu Phuket', '', '', '', 2, 0, 1, 0, '2023-02-03 09:16:44', '2023-02-03 09:16:44'),
(68, '', 'ICY Travel And Tour', '', '0993577588', '179/8 Phang Muang Sai Kor Rd., T.Patong , A.Kathu ,Phuket', '', '', '', 2, 0, 1, 0, '2023-02-03 09:16:44', '2023-02-03 09:16:44'),
(69, '', 'IN & OUT Phuket', '', '076261794', '101/178 T.Rassada, A.Muang ,Phuket', '', '', '', 2, 0, 1, 0, '2023-02-03 09:16:44', '2023-02-03 09:16:44'),
(70, '', 'J.S.888', '', '', '', '', '', '', 2, 0, 1, 0, '2023-02-03 09:16:44', '2023-02-03 09:16:44'),
(71, '', 'JBY Tour', '', '', 'T.Patong A.Kathu, Phuket', '', '', '', 2, 0, 1, 0, '2023-02-03 09:16:44', '2023-02-03 09:16:44'),
(72, '', 'Jolly Voyage', '', '', '35/891 Moo 2 Koh Kaew , Mueang District , Phuket Thailand', '', '', '', 2, 0, 1, 0, '2023-02-03 09:16:44', '2023-02-03 09:16:44'),
(73, '', 'JS888', '', '', '', '', '', '', 2, 0, 1, 0, '2023-02-03 09:16:44', '2023-02-03 09:16:44'),
(74, '', 'JTS (Phuket) Co.,Ltd.', '', '0876209102', '128/182 Pracha U-Thit Rd.,Ratsada, Muang, Phuket', '', '', '', 2, 0, 1, 0, '2023-02-03 09:16:44', '2023-02-03 09:16:44'),
(75, '', 'Jupiter', '', '', '', '', '', '', 2, 0, 1, 0, '2023-02-03 09:16:44', '2023-02-03 09:16:44'),
(76, '', 'K.B.Phuket Tour & Travel', '', '', '71 Phisikoranee Rd., Patong, Kathu, Phuket', '', '', '', 2, 0, 1, 0, '2023-02-03 09:16:44', '2023-02-03 09:16:44'),
(77, '', 'K.T. Smile Tour', '', '', '27/2 Kata Noi Rd., Tumbon Karon, Muang , Phuket', '', '', '', 2, 0, 1, 0, '2023-02-03 09:16:44', '2023-02-03 09:16:44'),
(78, '', 'Kanok Phuket Co.,LTD.', '', '', '35/24 M.3 T.Vichit A.Muang Phuket', '', '', '', 2, 0, 1, 0, '2023-02-03 09:16:44', '2023-02-03 09:16:44'),
(79, '', 'Koh ko Travel', '', '', '', '', '', '', 2, 0, 1, 0, '2023-02-03 09:16:44', '2023-02-03 09:16:44'),
(80, '', 'Krabi S.P. Transport', '', '0980833665', '55/1 Moo 2 , Khlong Kamao , Nuea Khlong ,Karbi', '', '', '', 2, 0, 1, 0, '2023-02-03 09:16:44', '2023-02-03 09:16:44'),
(81, '', 'Leisure Hoppers', '', '', '', '', '', '', 2, 0, 1, 0, '2023-02-03 09:16:44', '2023-02-03 09:16:44'),
(82, '', 'Let\'s Go Andaman Sea Co.,LTD', '', '0847138200 / 0915997445', '63 Sainamyen Rd.,Patong ,Kathu ,Phuket', '', '', '', 2, 0, 1, 0, '2023-02-03 09:16:44', '2023-02-03 09:16:44'),
(83, '', 'Let\'s Go Travel', '', '0616192201 / 0906219195', '204/14 Rat-U-Thit 200 Pee.,Patong Beach , Kathu , Phuket', '', '', '', 2, 0, 1, 0, '2023-02-03 09:16:44', '2023-02-03 09:16:44'),
(84, '', 'Let\'s Go Vacation Ltd., Part', '', '076604046 / 0980176277', '27/85 Moo 8 ,T,Chalong, A.Muang ,Phuket', '', '', '', 2, 0, 1, 0, '2023-02-03 09:16:44', '2023-02-03 09:16:44'),
(85, '', 'Love Nine Andaman Tour', '', '0983394921 / 0899715856', '188/2-3 Phungmuang Sai Kor Rd.,T.Patong , A.Kathu ,Phuket', '', '', '', 2, 0, 1, 0, '2023-02-03 09:16:44', '2023-02-03 09:16:44'),
(86, '', 'M N D Tour', '', '', '', '', '', '', 2, 0, 1, 0, '2023-02-03 09:16:44', '2023-02-03 09:16:44'),
(87, '', 'Maikhao Tour And Transport', '', '0878941474 / 0849935113', '57/5 Moo 4 ,T.Maikhao , Thalang District , Phuket', '', '', '', 2, 0, 1, 0, '2023-02-03 09:16:44', '2023-02-03 09:16:44'),
(88, '', 'Maria Eva Tour', '', '0887518299 / 0834620533', '203/4 T.Chengtalay , A.Thalang , Phuket', '', '', '', 2, 0, 1, 0, '2023-02-03 09:16:44', '2023-02-03 09:16:44'),
(89, '', 'Mariam Patong Tour & Travel', '', '0623891893', '215 Rat-U-Thit 200 Pee ,Patong Beach ,Kathu ,Phuket', '', '', '', 2, 0, 1, 0, '2023-02-03 09:16:44', '2023-02-03 09:16:44'),
(90, '', 'Matha Tour', '', '0824221498', '126 Thaveewong Rd.,Patong Beach ,Kathu ,Phuket', '', '', '', 2, 0, 1, 0, '2023-02-03 09:16:44', '2023-02-03 09:16:44'),
(91, '', 'Montree Phuket Hotel', '', '', '', '', '', '', 2, 0, 1, 0, '2023-02-03 09:16:44', '2023-02-03 09:16:44'),
(92, '', 'Movenpick Resort Bangtao Beach Phuket', '', '076310400', '35 Moo 4 CherngTalay, Thalang , Phuket', '', '', '', 2, 0, 1, 0, '2023-02-03 09:16:44', '2023-02-03 09:16:44'),
(93, '', 'Multi Travel', '', '', '104/7 Soi Post Office, Thaweewong Rd., Patong, Kathu, Phuket', '', '', '', 2, 0, 1, 0, '2023-02-03 09:16:44', '2023-02-03 09:16:44'),
(94, '', 'N U Tour & Travel', '', '', '8 Sawatdirak Rd., Patong Beash, Kathu, Phuket', '', '', '', 2, 0, 1, 0, '2023-02-03 09:16:44', '2023-02-03 09:16:44'),
(95, '', 'Nadiya Travel', '', '076685138', '94/1 Thaweewong Rd., Patong Beach ,Kathu , Phuket', '', '', '', 2, 0, 1, 0, '2023-02-03 09:16:44', '2023-02-03 09:16:44'),
(96, '', 'Nay&Non Travel', '', '0814153847', '24 Bangla Rd., Patong Beach , Kathu ,Phuket', '', '', '', 2, 0, 1, 0, '2023-02-03 09:16:44', '2023-02-03 09:16:44'),
(97, '', 'Nice N Easy Travel And Tour', '', '', '528/1 Patak Rd., Karon, Muang, Phuket', '', '', '', 2, 0, 1, 0, '2023-02-03 09:16:44', '2023-02-03 09:16:44'),
(98, '', 'Nice Travel', '', '', '', '', '', '', 2, 0, 1, 0, '2023-02-03 09:16:44', '2023-02-03 09:16:44'),
(99, '', 'Nicky Sunbeam Tour & Travel', '', '0872675513', '3/8 Sawatdirak Rd., T.Patong , A.Kathu ,Phuket', '', '', '', 2, 0, 1, 0, '2023-02-03 09:16:44', '2023-02-03 09:16:44'),
(100, '', 'NP Journey Tour', '', '', '59/160 Moo 7 T.Rassada Muang Phuket', '', '', '', 2, 0, 1, 0, '2023-02-03 09:16:44', '2023-02-03 09:16:44'),
(101, '', 'Orange-G-Travel', '', '', '39/30 M.1 Saiyuan Rd., Rawai Muang Phuket', '', '', '', 2, 0, 1, 0, '2023-02-03 09:16:44', '2023-02-03 09:16:44'),
(102, '', 'Orathai Travel / Tanyarat', '', '0821061598', '186/15 Taweewong RD.,Patong Beach ,', '', '', '', 2, 0, 1, 0, '2023-02-03 09:16:44', '2023-02-03 09:16:44'),
(103, '', 'Passa Tour', '', '0952861871', '230 Rat-U-Thit 200 Pee Rd.,T.Patong , A.Kathu ,Phuket', '', '', '', 2, 0, 1, 0, '2023-02-03 09:16:44', '2023-02-03 09:16:44'),
(104, '', 'PATONG CHEERY', '', '', '', '', '', '', 2, 0, 1, 0, '2023-02-03 09:16:44', '2023-02-03 09:16:44'),
(105, '', 'Patong KL tour', '', '084-3068366', '308 soi PrabaRamee 6 ,Prabaramee Rd., T.Patong,A.Kathu,Phuket', '', '', '', 2, 0, 1, 0, '2023-02-03 09:16:44', '2023-02-03 09:16:44'),
(106, '', 'Patong Surpise Tour', '', '0619542241', '799 Rat-U-Thit Rd.,Patong Beach ,Kathu ,Phuket', '', '', '', 2, 0, 1, 0, '2023-02-03 09:16:44', '2023-02-03 09:16:44'),
(107, '', 'Phuket All In One Tour', '', '', '219 Prabaramee Rd., Patong ,Kathu ,Phuket', '', '', '', 2, 0, 1, 0, '2023-02-03 09:16:44', '2023-02-03 09:16:44'),
(108, '', 'Phuket All in one tour', '', '0952743157 / 0830346297', '53/1 Prabaramee Rd., Patong , Kathu , Phuket', '', '', '', 2, 0, 1, 0, '2023-02-03 09:16:44', '2023-02-03 09:16:44'),
(109, '', 'Phuket Amazing Trip Co.,Ltd.', '', '076390622 / 0946569987', '9 Kedkwan Rd., Karon ,Muang ,Phuket', '', '', '', 2, 0, 1, 0, '2023-02-03 09:16:44', '2023-02-03 09:16:44'),
(110, '', 'Phuket Area Tour / Phuket Area Tour 1', '', '0657364888', '21 Taweewong Rd., Patong Beach , Phuket , Kathu ,Phuket', '', '', '', 2, 0, 1, 0, '2023-02-03 09:16:44', '2023-02-03 09:16:44'),
(111, '', 'Phuket Aren Tour', '', '', '', '', '', '', 2, 0, 1, 0, '2023-02-03 09:16:44', '2023-02-03 09:16:44'),
(112, '', 'Phuket Athena Tour', '', '', '134 Thaweewong Rd., Patong Beach., Kathu, Phuket', '', '', '', 2, 0, 1, 0, '2023-02-03 09:16:44', '2023-02-03 09:16:44'),
(113, '', 'Phuket Attraction', '', '0945919524', '60 Thaweewong  Rd., T.Patong ,A.Kathu ,Phuket', '', '', '', 2, 0, 1, 0, '2023-02-03 09:16:44', '2023-02-03 09:16:44'),
(114, '', 'Phuket Buzz Tour', '', '095425555 / 0640252255', '211 Prabaramee Rd., T.Patong , A.Kathu, Phuket', '', '', '', 2, 0, 1, 0, '2023-02-03 09:16:44', '2023-02-03 09:16:44'),
(115, '', 'Phuket Dee Dee Tour', '', '', '', '', '', '', 2, 0, 1, 0, '2023-02-03 09:16:44', '2023-02-03 09:16:44'),
(116, '', 'Phuket Gevalin Business And Travel LTD.,Part', '', '', '', '', '', '', 2, 0, 1, 0, '2023-02-03 09:16:44', '2023-02-03 09:16:44'),
(117, '', 'Phuket Happiness Trip', '', '0848395733 / 076314859', '889 Turtle Village Building ,Moo 3 ,Tumbon ,Maikhao ,Thalang District Phuket', '', '', '', 2, 0, 1, 0, '2023-02-03 09:16:44', '2023-02-03 09:16:44'),
(118, '', 'Phuket Island T Service', '', '0824251898', '41 Prabaramee Rd.,Patong Beach ,Kathu ,Phuket', '', '', '', 2, 0, 1, 0, '2023-02-03 09:16:44', '2023-02-03 09:16:44'),
(119, '', 'Phuket Kiang Service & Tour', '', '076217843', '54/1 Phuket Rd., Muang , Phuket', '', '', '', 2, 0, 1, 0, '2023-02-03 09:16:44', '2023-02-03 09:16:44'),
(120, '', 'Phuket Kiang Sevice & Tour', '', '', '54/1 ถนนภูเก็ต ตำบลตลาดใหญ่ อำเภอเมือง จังหวัดภูเก็ต', '', '', '', 2, 0, 1, 0, '2023-02-03 09:16:44', '2023-02-03 09:16:44'),
(121, '', 'Phuket Marhaba Tour', '', '0804144495', '64/478 Moo 7 , Rassada Muang , Phuket', '', '', '', 2, 0, 1, 0, '2023-02-03 09:16:44', '2023-02-03 09:16:44'),
(122, '', 'Phuket Master Tour', '', '0993161174', '54 Bangla, Patong Beach ,Kathu ,Phuket', '', '', '', 2, 0, 1, 0, '2023-02-03 09:16:44', '2023-02-03 09:16:44'),
(123, '', 'Phuket N&N Travel', '', '0899732672', '188/9 Taweewong Rd., T.Patong ,Kathu ,Phuket', '', '', '', 2, 0, 1, 0, '2023-02-03 09:16:44', '2023-02-03 09:16:44'),
(124, '', 'Phuket Nine Sea', '', '0818946059', '35/73 Moo 3 , T.Rassada ,Muang Phuket', '', '', '', 2, 0, 1, 0, '2023-02-03 09:16:44', '2023-02-03 09:16:44'),
(125, '', 'Phuket Pimpat Travel', '', '0898722796', '7 Sawasdirak Rd., Patong Beach , Phuket', '', '', '', 2, 0, 1, 0, '2023-02-03 09:16:44', '2023-02-03 09:16:44'),
(126, '', 'Phuket Shanti Travel Co., Ltd', '', '0825192688 / 0649287463', '51 Rat-U-Thit 200 Pee Rd., Patong Beach , Kathu , Phuket', '', '', '', 2, 0, 1, 0, '2023-02-03 09:16:44', '2023-02-03 09:16:44'),
(127, '', 'Phuket Tour 1', '', '0987899629 / 0952899456', '5/5 Mai House Patong Hill , Prabaramee Rd., Patong , Kathu , Phuket', '', '', '', 2, 0, 1, 0, '2023-02-03 09:16:44', '2023-02-03 09:16:44'),
(128, '', 'Phuket Travelrin', '', '', '', '', '', '', 2, 0, 1, 0, '2023-02-03 09:16:44', '2023-02-03 09:16:44'),
(129, '', 'Phuket Triple one Tour', '', '0897293134', '134 Taweewong Rd., T. Patong ,Kathu , Phuket', '', '', '', 2, 0, 1, 0, '2023-02-03 09:16:44', '2023-02-03 09:16:44'),
(130, '', 'Pijita Tour And Travel', '', '0844450852 / 0828264149', '237/3 Rat-U-Thit 200 Pee ., Patong Beach ,Kathu , Phuket', '', '', '', 2, 0, 1, 0, '2023-02-03 09:16:44', '2023-02-03 09:16:44'),
(131, '', 'Pijitra Tour And Travel', '', '', '237/3 Rat-U-Thit 200 Pee ., Patong Beach ,Kathu , Phuket', '', '', '', 2, 0, 1, 0, '2023-02-03 09:16:44', '2023-02-03 09:16:44'),
(132, '', 'Pimnapat Tour', '', '0817174468 / 0937483772', '184-21 Phungmuang Sai Kor Rd.,Patong ,Kathu ,Phuket', '', '', '', 2, 0, 1, 0, '2023-02-03 09:16:44', '2023-02-03 09:16:44'),
(133, '', 'PK 168', '', '0628964251 / 0864539985', '237/6 Rat-U-Thit 200 Pee Rd.,Patong ,Kathu ,Phuket Thailand', '', '', '', 2, 0, 1, 0, '2023-02-03 09:16:44', '2023-02-03 09:16:44'),
(134, '', 'PMS. Tour & Travel', '', '0896494087', '18 Taweewong Rd., Patong Beach , Kathu ,Phuket', '', '', '', 2, 0, 1, 0, '2023-02-03 09:16:44', '2023-02-03 09:16:44'),
(135, '', 'PNT', '', '', '', '', '', '', 2, 0, 1, 0, '2023-02-03 09:16:44', '2023-02-03 09:16:44'),
(136, '', 'Poom Pui International', '', '0898716571', '189/28 Rat-U-Thit 200 Pee Rd., Patong ,', '', '', '', 2, 0, 1, 0, '2023-02-03 09:16:44', '2023-02-03 09:16:44'),
(137, '', 'PP. SABAI Marine', '', '076530339 / 0635484533', '229/74 ถนน สุรินทร์ ตำบล ตลาดใหญ่ อำเภอเมือง จังหวัดภูเก็ต', '', '', '', 2, 0, 1, 0, '2023-02-03 09:16:44', '2023-02-03 09:16:44'),
(138, '', 'Pracha Udomsupamongkol', '', '', 'ส่วนตัว', '', '', '', 2, 0, 1, 0, '2023-02-03 09:16:44', '2023-02-03 09:16:44'),
(139, '', 'Prapimpan Tour', '', '', '30/15 M.1  Rawai Muang Phuket', '', '', '', 2, 0, 1, 0, '2023-02-03 09:16:44', '2023-02-03 09:16:44'),
(140, '', 'Prompt Travel', '', '', '', '', '', '', 2, 0, 1, 0, '2023-02-03 09:16:44', '2023-02-03 09:16:44'),
(141, '', 'QBIC', '', '', '', '', '', '', 2, 0, 1, 0, '2023-02-03 09:16:44', '2023-02-03 09:16:44'),
(142, '', 'Rassada Travel', '', '', '', '', '', '', 2, 0, 1, 0, '2023-02-03 09:16:44', '2023-02-03 09:16:44'),
(143, '', 'Rawai T & P Travel', '', '0805295905', '53/3 Moo 6 Viset Rd., T.Rawai , A.Muang ,Phuket', '', '', '', 2, 0, 1, 0, '2023-02-03 09:16:44', '2023-02-03 09:16:44'),
(144, '', 'Russo', '', '0930089192', '24 Prachanukhro Rd.,T.Patong ,Kathu ,Phuket', '', '', '', 2, 0, 1, 0, '2023-02-03 09:16:44', '2023-02-03 09:16:44'),
(145, '', 'S & P Karon Travel', '', '076396545 / 0817978982 / 0864767754', '677 Patak Rd., Karon ,Muang , Phuket', '', '', '', 2, 0, 1, 0, '2023-02-03 09:16:44', '2023-02-03 09:16:44'),
(146, '', 'Sea Boss Travel', '', '0936435556', '98/41-42 Patak Rd., Karon Beach , Muang , Phuket', '', '', '', 2, 0, 1, 0, '2023-02-03 09:16:44', '2023-02-03 09:16:44'),
(147, '', 'Sea Cono Phuket Tour / Nawarat Phuket Tour / HKT', '', '076530559 / 0635484533', '179/85-87 Phangmuang Sai Kor Rd.,', '', '', '', 2, 0, 1, 0, '2023-02-03 09:16:44', '2023-02-03 09:16:44'),
(148, '', 'Sea Pearl Andaman Tour And Travel', '', '', '188/2 Thaweewong Rd., Patong Beach, Kathu, Phuket', '', '', '', 2, 0, 1, 0, '2023-02-03 09:16:44', '2023-02-03 09:16:44'),
(149, '', 'Siam Adventure', '', '', '', '', '', '', 2, 0, 1, 0, '2023-02-03 09:16:44', '2023-02-03 09:16:44'),
(150, '', 'Somchay Jakkapat Tour', '', '0961528581 / 0878973865', '52/8 M.6 , Rawai , A.Muang , Phuket', '', '', '', 2, 0, 1, 0, '2023-02-03 09:16:44', '2023-02-03 09:16:44'),
(151, '', 'South Expedia Travel & Tour', '', '0815973063', '179/13 PhungMuang Sai Kor Rd., T.Patong , A.Kathu ,Phuket', '', '', '', 2, 0, 1, 0, '2023-02-03 09:16:44', '2023-02-03 09:16:44'),
(152, '', 'SS. Travel And Tour', '', '076333452 / 0878866992', '100/29 Kata Rd., Kata Beach ,Phuket', '', '', '', 2, 0, 1, 0, '2023-02-03 09:16:44', '2023-02-03 09:16:44'),
(153, '', 'Sunflower Phuket Travel', '', '0979494557', 'Rat-U-Thit 200 Pee Rd., Patong Beach ,Kathu , Phuket', '', '', '', 2, 0, 1, 0, '2023-02-03 09:16:44', '2023-02-03 09:16:44'),
(154, '', 'Sunmar Tour & Travel', '', '0833881644', '182 Phungmuang Sai Kor Rd., Patong Beach , Kathu , Phuket', '', '', '', 2, 0, 1, 0, '2023-02-03 09:16:44', '2023-02-03 09:16:44'),
(155, '', 'T&Y Travel Service', '', '', '191/44 (ฺB-7) Rat-U-Thai 200 Pee Rd., Patong, Kathu, Phuket', '', '', '', 2, 0, 1, 0, '2023-02-03 09:16:44', '2023-02-03 09:16:44'),
(156, '', 'Tanyarat Travel', '', '0981586885', '74 Kata Rd., Karon ,Muang , Phuket', '', '', '', 2, 0, 1, 0, '2023-02-03 09:16:44', '2023-02-03 09:16:44'),
(157, '', 'TC3 3 Travel', '', '', '', '', '', '', 2, 0, 1, 0, '2023-02-03 09:16:44', '2023-02-03 09:16:44'),
(158, '', 'Team Holiday (Zumo)', '', '0836364406', '80/51 Moo 5 ,Vichitsongkram Rd ., Muang Phuket', '', '', '', 2, 0, 1, 0, '2023-02-03 09:16:44', '2023-02-03 09:16:44'),
(159, '', 'Thai Adventure Club', '', '0989607968', '113/255 Moo 7 , Kathu , Phuket', '', '', '', 2, 0, 1, 0, '2023-02-03 09:16:44', '2023-02-03 09:16:44'),
(160, '', 'Thai Guide Travel', '', '0848979056', '436/7 ถนน จักรเพชร ตำบล วังบูรพาภิรมณ์ อำเภอพระนคร จังหวัดกรุงเทพมหานคร', '', '', '', 2, 0, 1, 0, '2023-02-03 09:16:44', '2023-02-03 09:16:44'),
(161, '', 'Thai Trip Travel', '', '', '', '', '', '', 2, 0, 1, 0, '2023-02-03 09:16:44', '2023-02-03 09:16:44'),
(162, '', 'Thailand Andaman', '', '', '', '', '', '', 2, 0, 1, 0, '2023-02-03 09:16:44', '2023-02-03 09:16:44'),
(163, '', 'Thai-Riffic Tour Phuket', '', '0613655479 / 0661462661', '110/185 Thaweewong Rd., Patong , Kathu , Phuket', '', '', '', 2, 0, 1, 0, '2023-02-03 09:16:44', '2023-02-03 09:16:44'),
(164, '', 'Thanom Tour & Travel', '', '0936043508', '171/14 Soi San Sabai, Rat-U-Thit 200 Pee Rd.,T.Patong ,A.Kathu , Phuket', '', '', '', 2, 0, 1, 0, '2023-02-03 09:16:44', '2023-02-03 09:16:44'),
(165, '', 'The Malika', '', '0854128484', '74 Talad Yai ,T. Takuathung Rd., Amphoe Muang Phuket', '', '', '', 2, 0, 1, 0, '2023-02-03 09:16:44', '2023-02-03 09:16:44'),
(166, '', 'The Season Travel', '', '', '206 Rat-U-Thi 200 Pee Rd., Patong Beach, Phuket', '', '', '', 2, 0, 1, 0, '2023-02-03 09:16:44', '2023-02-03 09:16:44'),
(167, '', 'The Star @ Picha Travel', '', '0816271492', '100/995 Kata Rd., Karon Muang ,Phuket', '', '', '', 2, 0, 1, 0, '2023-02-03 09:16:44', '2023-02-03 09:16:44'),
(168, '', 'The Travel Enterprises (Thailand) Co.,Ltd.', '', '0891956825 / 0887654611', '98/184 Phra Phuket Keaw Rd., The Velley Project 1 Kathu Phuket', '', '', '', 2, 0, 1, 0, '2023-02-03 09:16:44', '2023-02-03 09:16:44'),
(169, '', 'The Vijitt Resort', '', '076363600', '16 Moo 2 , Viset Rd ., Rawai , Muang , Phuket', '', '', '', 2, 0, 1, 0, '2023-02-03 09:16:44', '2023-02-03 09:16:44'),
(170, '', 'The Winner Tour', '', '0862725187', '498 Patak Rd., Karon Beach , Maung ,Phuket', '', '', '', 2, 0, 1, 0, '2023-02-03 09:16:44', '2023-02-03 09:16:44'),
(171, '', 'Touch Andaman', '', '', '', '', '', '', 2, 0, 1, 0, '2023-02-03 09:16:44', '2023-02-03 09:16:44'),
(172, '', 'Tourich Thailand', '', '', '100 M.6 Kathu, Phuket', '', '', '', 2, 0, 1, 0, '2023-02-03 09:16:44', '2023-02-03 09:16:44'),
(173, '', 'Travel Phuket Groupiese Tour', '', '0869460916 / 0616189899 / ', '35/39 Moo 5 Bangyai Rd., Wichit, Muang, Phuket', '', '', '', 2, 0, 1, 0, '2023-02-03 09:16:44', '2023-02-03 09:16:44'),
(174, '', 'Twinpalms Montazure', '', '076316500', '', '', '', '', 2, 0, 1, 0, '2023-02-03 09:16:44', '2023-02-03 09:16:44'),
(175, '', 'Unzeen / คุณเอก', '', '', '', '', '', '', 2, 0, 1, 0, '2023-02-03 09:16:44', '2023-02-03 09:16:44'),
(176, '', 'V.Buddy Tour', '', '0825344515', '7 Prachanukronh Rd., T.Patong ,Kathu , Phuket', '', '', '', 2, 0, 1, 0, '2023-02-03 09:16:44', '2023-02-03 09:16:44'),
(177, '', 'VIA Holiday', '', '', '', '', '', '', 2, 0, 1, 0, '2023-02-03 09:16:44', '2023-02-03 09:16:44'),
(178, '', 'Vicky/\'s Tour', '', '', '85 Moo 3 , Nahad Rd., Kamala , Kathu , Phuket', '', '', '', 2, 0, 1, 0, '2023-02-03 09:16:44', '2023-02-03 09:16:44'),
(179, '', 'We Will Travel', '', '', '204/28 Ratchauthit 200 Pee Rd., Patong, Kuthu, Phuket 83150', '', '', '', 2, 0, 1, 0, '2023-02-03 09:16:44', '2023-02-03 09:16:44'),
(180, '', 'Ya Phuket Tour', '', '0872812697 / 0835915106', '188/4 Phang Muang Sai Kor Rd.,Patong Beach , Kathu, Phuket', '', '', '', 2, 0, 1, 0, '2023-02-03 09:16:44', '2023-02-03 09:16:44'),
(181, '', 'Yo Phuket', '', '', '', '', '', '', 2, 0, 1, 0, '2023-02-03 09:16:44', '2023-02-03 09:16:44'),
(182, '', 'Yupin', '', '', '', '', '', '', 2, 0, 1, 0, '2023-02-03 09:16:44', '2023-02-03 09:16:44'),
(183, '', 'Zabir Tour & Travel', '', '', '', '', '', '', 2, 0, 1, 0, '2023-02-03 09:16:44', '2023-02-03 09:16:44'),
(184, '', 'Zindy @ M Tour & Travel', '', '076296697 / 0858275927', '5/33 Sainumyen Rd., Patong , Kathu ,Phuket', '', '', '', 2, 0, 1, 0, '2023-02-03 09:16:44', '2023-02-03 09:16:44'),
(185, '', 'ภูเก็ตพัฒนา', '', '', '', '', '', '', 2, 0, 1, 0, '2023-02-03 09:16:44', '2023-02-03 09:16:44'),
(186, '', 'แอบโซลูทเวิร์ลด์ แอลแอลซี', '', '', '97 ถ.หมื่นเงิน ต.ป่าตอง อ.กะทู้ จ.ภูเก็ต', '', '', '', 2, 0, 1, 0, '2023-02-03 09:16:44', '2023-02-03 09:16:44'),
(187, '89/9939', 'System Shambhala', 'shambhala@gmail.com', '089-895-6695', '88 ถ. เจ้าฟ้าตะวันตก ตำบล วิชิต อำเภอเมืองภูเก็ต ภูเก็ต 83000', '', '', '', 2, 0, 1, 0, '2023-09-01 08:00:19', '2024-02-15 06:27:49'),
(188, '', 'Blue Bird', '', '', '', '', '', '', 2, 0, 1, 0, '2023-09-21 06:26:10', '2023-09-21 06:26:10'),
(189, '88/88888', 'Agent Test', '', '', '', '', '', '', 2, 0, 0, 1, '2023-09-21 11:10:48', '2023-09-21 11:15:02'),
(190, '', 'Sagol Gal-shai tour', '', '', '', '', '', '', 2, 0, 1, 0, '2023-09-23 04:51:20', '2023-09-23 04:51:20'),
(191, '', 'Smile Thai', '', '', '', '', '', '', 2, 0, 1, 0, '2023-09-23 05:02:45', '2023-09-23 05:02:45'),
(192, '', 'Sun Shine', '', '', '', '', '', '', 2, 0, 1, 0, '2023-09-23 05:10:20', '2023-09-23 05:10:20'),
(193, '', 'Travclan', '', '', '', '', '', '', 2, 0, 1, 0, '2023-09-23 06:12:03', '2023-09-23 06:12:03'),
(194, '', 'A Alisa', '', '', '', '', 'Cash only', '', 2, 0, 0, 1, '2023-10-04 05:11:08', '2023-10-04 05:13:34'),
(195, '', 'S Alisa Tour', '', '', '', '', 'Cash Only', '', 2, 0, 1, 0, '2023-10-04 05:14:36', '2023-10-04 05:14:36'),
(196, ' ', 'เทียนหม่า', '', '', '', '', '', '', 2, 0, 1, 0, '2023-12-12 05:31:51', '2023-12-12 05:31:51'),
(197, '', 'One Lee', '', '', '', '', '', '', 2, 0, 1, 0, '2023-12-16 05:52:58', '2023-12-16 05:52:58'),
(198, '', 'พี่ติ๋ง', '', '', '', '', '', '', 2, 0, 1, 0, '2023-12-17 09:45:02', '2023-12-17 09:45:02'),
(199, '', 'Good Doctor', '', '', '', '', '', '', 2, 0, 1, 0, '2024-07-24 16:01:19', '2024-07-24 16:01:19'),
(200, '', 'Golden Hours', '', '', '', '', '', '', 2, 0, 1, 0, '2024-07-24 16:21:38', '2024-07-24 16:21:38'),
(201, '', 'Banana Doctor', '', '', '', '', '', '', 2, 0, 1, 0, '2024-07-24 16:31:08', '2024-07-24 16:31:08');

-- --------------------------------------------------------

--
-- Table structure for table `companies_type`
--

CREATE TABLE `companies_type` (
  `id` int(11) NOT NULL,
  `name` varchar(50) COLLATE utf8mb4_unicode_ci NOT NULL
) ENGINE=InnoDB DEFAULT CHARSET=utf8mb4 COLLATE=utf8mb4_unicode_ci;

--
-- Dumping data for table `companies_type`
--

INSERT INTO `companies_type` (`id`, `name`) VALUES
(1, 'Supplier'),
(2, 'Agent'),
(3, 'Internet User');

-- --------------------------------------------------------

--
-- Table structure for table `company_rate`
--

CREATE TABLE `company_rate` (
  `id` int(11) NOT NULL,
  `company_id` int(11) NOT NULL DEFAULT 0,
  `product_period_id` int(11) NOT NULL DEFAULT 0,
  `product_rate_id` int(11) NOT NULL DEFAULT 0,
  `created_at` datetime NOT NULL DEFAULT current_timestamp()
) ENGINE=InnoDB DEFAULT CHARSET=utf8mb4 COLLATE=utf8mb4_unicode_ci;

--
-- Dumping data for table `company_rate`
--

INSERT INTO `company_rate` (`id`, `company_id`, `product_period_id`, `product_rate_id`, `created_at`) VALUES
(1, 187, 10, 1, '2023-09-26 05:34:24'),
(2, 187, 11, 2, '2023-09-26 05:34:25'),
(3, 187, 12, 3, '2023-09-26 05:34:25'),
(4, 187, 6, 4, '2023-09-26 05:34:25'),
(5, 187, 9, 5, '2023-12-19 04:27:10'),
(6, 187, 5, 6, '2023-12-19 04:27:10'),
(7, 187, 7, 7, '2023-12-19 04:27:10'),
(8, 187, 8, 8, '2023-12-19 04:27:11'),
(9, 187, 4, 9, '2023-12-19 04:27:11'),
(10, 187, 3, 10, '2023-12-19 04:27:11'),
(11, 187, 1, 11, '2023-12-19 04:27:11'),
(12, 187, 2, 12, '2023-12-19 04:27:12');

-- --------------------------------------------------------

--
-- Table structure for table `country`
--

CREATE TABLE `country` (
  `id` int(11) NOT NULL,
  `code` varchar(50) COLLATE utf8mb4_unicode_ci NOT NULL,
  `name_th` varchar(100) COLLATE utf8mb4_unicode_ci NOT NULL,
  `name_en` varchar(100) COLLATE utf8mb4_unicode_ci NOT NULL,
  `initials` varchar(50) COLLATE utf8mb4_unicode_ci NOT NULL,
  `is_approved` int(11) NOT NULL DEFAULT 0,
  `created_at` datetime NOT NULL
) ENGINE=InnoDB DEFAULT CHARSET=utf8mb4 COLLATE=utf8mb4_unicode_ci;

--
-- Dumping data for table `country`
--

INSERT INTO `country` (`id`, `code`, `name_th`, `name_en`, `initials`, `is_approved`, `created_at`) VALUES
(1, 'ABW', 'อารูบา', 'Aruba', 'AW', 1, '2021-09-28 04:17:05'),
(2, 'AFG', 'อัฟกานิสถาน', 'Afghanistan', 'AF', 1, '2021-09-28 04:17:05'),
(3, 'AGO', 'แองโกลา', 'Angola', 'AO', 1, '2021-09-28 04:17:05'),
(4, 'AIA', 'แองกวิลลา', 'Anguilla', 'AI', 1, '2021-09-28 04:17:05'),
(5, 'ALA', 'โอลันด์', 'Åland', 'AX', 1, '2021-09-28 04:17:05'),
(6, 'ALB', 'แอลเบเนีย', 'Albania', 'AL', 1, '2021-09-28 04:17:05'),
(7, 'AND', 'อันดอร์รา', 'Andorra', 'AD', 1, '2021-09-28 04:17:05'),
(8, 'ARE', 'สหรัฐอาหรับเอมิเรตส์\n', 'United Arab Emirates', 'AE', 1, '2021-09-28 04:17:05'),
(9, 'ARG', 'อาร์เจนตินา', 'Argentina', 'AR', 1, '2021-09-28 04:17:05'),
(10, 'ARM', 'อาร์เมเนีย', 'Armenia', 'AM', 1, '2021-09-28 04:17:05'),
(11, 'ASM', 'อเมริกันซามัว', 'American Samoa', 'AS', 1, '2021-09-28 04:17:05'),
(12, 'ATA', 'ทวิปแอนตาร์กติกา', 'Antarctica', 'AQ', 1, '2021-09-28 04:17:05'),
(13, 'ATF', 'ดินแดนทางตอนใต้ของฝรั่งเศส', 'French Southern Territories', 'TF', 1, '2021-09-28 04:17:05'),
(14, 'ATG', 'แอนติกาและบาร์บูดา', 'Antigua and Barbuda', 'AG', 1, '2021-09-28 04:17:05'),
(15, 'AUS', 'ออสเตรเลีย', 'Australia', 'AU', 1, '2021-09-28 04:17:05'),
(16, 'AUT', 'ออสเตรีย', 'Austria', 'AT', 1, '2021-09-28 04:17:05'),
(17, 'AZE', 'อาเซอร์ไบจาน', 'Azerbaijan', 'AZ', 1, '2021-09-28 04:17:05'),
(18, 'BDI', 'บุรุนดี', 'Burundi', 'BI', 1, '2021-09-28 04:17:05'),
(19, 'BEL', 'เบลเยียม', 'Belgium', 'BE', 1, '2021-09-28 04:17:05'),
(20, 'BEN', 'เบนิน', 'Benin', 'BJ', 1, '2021-09-28 04:17:05'),
(21, 'BES', 'โบแนร์', 'Bonaire', 'BQ', 1, '2021-09-28 04:17:05'),
(22, 'BFA', 'บูร์กินาฟาโซ', 'Burkina Faso', 'BF', 1, '2021-09-28 04:17:05'),
(23, 'BGD', 'บังคลาเทศ', 'Bangladesh', 'BD', 1, '2021-09-28 04:17:05'),
(24, 'BGR', 'บัลแกเรีย', 'Bulgaria', 'BG', 1, '2021-09-28 04:17:05'),
(25, 'BHR', 'บาห์เรน', 'Bahrain', 'BH', 1, '2021-09-28 04:17:05'),
(26, 'BHS', 'บาฮามาส', 'Bahamas', 'BS', 1, '2021-09-28 04:17:05'),
(27, 'BIH', 'บอสเนียและเฮอร์เซโก\n', 'Bosnia and Herzegovina', 'BA', 1, '2021-09-28 04:17:05'),
(28, 'BLM', 'Saint Barthélemy', 'Saint Barthélemy', 'BL', 1, '2021-09-28 04:17:05'),
(29, 'BLR', 'เบลารุส', 'Belarus', 'BY', 1, '2021-09-28 04:17:05'),
(30, 'BLZ', 'เบลีซ', 'Belize', 'BZ', 1, '2021-09-28 04:17:05'),
(31, 'BMU', 'เบอร์มิวดา', 'Bermuda', 'BM', 1, '2021-09-28 04:17:05'),
(32, 'BOL', 'โบลิเวีย', 'Bolivia', 'BO', 1, '2021-09-28 04:17:05'),
(33, 'BRA', 'บราซิล', 'Brazil', 'BR', 1, '2021-09-28 04:17:05'),
(34, 'BRB', 'บาร์เบโดส', 'Barbados', 'BB', 1, '2021-09-28 04:17:05'),
(35, 'BRN', 'บรูไน', 'Brunei', 'BN', 1, '2021-09-28 04:17:05'),
(36, 'BTN', 'ภูฏาน', 'Bhutan', 'BT', 1, '2021-09-28 04:17:05'),
(37, 'BVT', 'เกาะบูเว็ต', 'Bouvet Island', 'BV', 1, '2021-09-28 04:17:05'),
(38, 'BWA', 'บอตสวานา', 'Botswana', 'BW', 1, '2021-09-28 04:17:05'),
(39, 'CAF', 'สาธารณรัฐแอฟริกากลาง', 'Central African Republic', 'CF', 1, '2021-09-28 04:17:05'),
(40, 'CAN', 'แคนาดา', 'Canada', 'CA', 1, '2021-09-28 04:17:05'),
(41, 'CCK', 'เกาะโคโคส [คีลิง]', 'Cocos [Keeling] Islands', 'CC', 1, '2021-09-28 04:17:05'),
(42, 'CHE', 'สวิสเซอร์แลนด์', 'Switzerland', 'CH', 1, '2021-09-28 04:17:05'),
(43, 'CHL', 'ชิลี', 'Chile', 'CL', 1, '2021-09-28 04:17:05'),
(44, 'CHN', 'จีน', 'China', 'CN', 1, '2021-09-28 04:17:05'),
(45, 'CIV', 'ไอวอรี่โคสต์', 'Ivory Coast', 'CI', 1, '2021-09-28 04:17:05'),
(46, 'CMR', 'แคเมอรูน', 'Cameroon', 'CM', 1, '2021-09-28 04:17:05'),
(47, 'COD', 'สาธารณรัฐประชาธิปไตยคองโก', 'Democratic Republic of the Congo', 'CD', 1, '2021-09-28 04:17:05'),
(48, 'COG', 'สาธารณรัฐคองโก', 'Republic of the Congo', 'CG', 1, '2021-09-28 04:17:05'),
(49, 'COK', 'หมู่เกาะคุก', 'Cook Islands', 'CK', 1, '2021-09-28 04:17:05'),
(50, 'COL', 'โคลอมเบีย', 'Colombia', 'CO', 1, '2021-09-28 04:17:05'),
(51, 'COM', 'คอโมโรส', 'Comoros', 'KM', 1, '2021-09-28 04:17:05'),
(52, 'CPV', 'เคปเวิร์ด', 'Cape Verde', 'CV', 1, '2021-09-28 04:17:05'),
(53, 'CRI', 'คอสตาริกา\n', 'Costa Rica', 'CR', 1, '2021-09-28 04:17:05'),
(54, 'CUB', 'คิวบา', 'Cuba', 'CU', 1, '2021-09-28 04:17:05'),
(55, 'CUW', 'คูราเซา\n', 'Curacao', 'CW', 1, '2021-09-28 04:17:05'),
(56, 'CXR', 'เกาะคริสต์มาส', 'Christmas Island', 'CX', 1, '2021-09-28 04:17:05'),
(57, 'CYM', 'หมู่เกาะเคย์เเมน', 'Cayman Islands', 'KY', 1, '2021-09-28 04:17:05'),
(58, 'CYP', 'ไซปรัส', 'Cyprus', 'CY', 1, '2021-09-28 04:17:05'),
(59, 'CZE', 'สาธารณรัฐเช็ก', 'Czech Republic', 'CZ', 1, '2021-09-28 04:17:05'),
(60, 'DEU', 'เยอรมันนี', 'Germany', 'DE', 1, '2021-09-28 04:17:05'),
(61, 'DJI', 'จิบูตี', 'Djibouti', 'DJ', 1, '2021-09-28 04:17:05'),
(62, 'DMA', 'โดมินิกา', 'Dominica', 'DM', 1, '2021-09-28 04:17:05'),
(63, 'DNK', 'เดนมาร์ก', 'Denmark', 'DK', 1, '2021-09-28 04:17:05'),
(64, 'DOM', 'สาธารณรัฐโดมินิกัน\n', 'Dominican Republic', 'DO', 1, '2021-09-28 04:17:05'),
(65, 'DZA', 'แอลจีเรีย', 'Algeria', 'DZ', 1, '2021-09-28 04:17:05'),
(66, 'ECU', 'เอกวาดอร์', 'Ecuador', 'EC', 1, '2021-09-28 04:17:05'),
(67, 'EGY', 'อียิปต์', 'Egypt', 'EG', 1, '2021-09-28 04:17:05'),
(68, 'ERI', 'เอริเทรี', 'Eritrea', 'ER', 1, '2021-09-28 04:17:05'),
(69, 'ESH', 'ซาฮาร่าตะวันตก', 'Western Sahara', 'EH', 1, '2021-09-28 04:17:05'),
(70, 'ESP', 'สเปน', 'Spain', 'ES', 1, '2021-09-28 04:17:05'),
(71, 'EST', 'เอสโตเนีย', 'Estonia', 'EE', 1, '2021-09-28 04:17:05'),
(72, 'ETH', 'สาธารณรัฐเอธิโอเปีย', 'Ethiopia', 'ET', 1, '2021-09-28 04:17:05'),
(73, 'FIN', 'ฟินแลนด์', 'Finland', 'FI', 1, '2021-09-28 04:17:05'),
(74, 'FJI', 'ฟิจิ', 'Fiji', 'FJ', 1, '2021-09-28 04:17:05'),
(75, 'FLK', 'หมู่เกาะฟอล์คแลนด์', 'Falkland Islands', 'FK', 1, '2021-09-28 04:17:05'),
(76, 'FRA', 'ฝรั่งเศส', 'France', 'FR', 1, '2021-09-28 04:17:05'),
(77, 'FRO', 'หมู่เกาะแฟโร', 'Faroe Islands', 'FO', 1, '2021-09-28 04:17:05'),
(78, 'FSM', 'ไมโครนีเซีย', 'Micronesia', 'FM', 1, '2021-09-28 04:17:05'),
(79, 'GAB', 'กาบอง', 'Gabon', 'GA', 1, '2021-09-28 04:17:05'),
(80, 'GBR', 'อังกฤษ (สหราชอาณาจักร)', 'United Kingdom', 'GB', 1, '2021-09-28 04:17:05'),
(81, 'GEO', 'จอร์เจีย', 'Georgia', 'GE', 1, '2021-09-28 04:17:05'),
(82, 'GGY', 'เกิร์นซีย์', 'Guernsey', 'GG', 1, '2021-09-28 04:17:05'),
(83, 'GHA', 'เกิร์นซีย์', 'Ghana', 'GH', 1, '2021-09-28 04:17:05'),
(84, 'GIB', 'ยิบรอลตา', 'Gibraltar', 'GI', 1, '2021-09-28 04:17:05'),
(85, 'GIN', 'กินี', 'Guinea', 'GN', 1, '2021-09-28 04:17:05'),
(86, 'GLP', 'กัวเดลุฟ', 'Guadeloupe', 'GP', 1, '2021-09-28 04:17:05'),
(87, 'GMB', 'แกมเบีย', 'Gambia', 'GM', 1, '2021-09-28 04:17:05'),
(88, 'GNB', 'กินีบิสเซา', 'Guinea-Bissau', 'GW', 1, '2021-09-28 04:17:05'),
(89, 'GNQ', 'อิเควทอเรียลกินี', 'Equatorial Guinea', 'GQ', 1, '2021-09-28 04:17:05'),
(90, 'GRC', 'กรีซ', 'Greece', 'GR', 1, '2021-09-28 04:17:05'),
(91, 'GRD', 'เกรเนดา ', 'Grenada', 'GD', 1, '2021-09-28 04:17:05'),
(92, 'GRL', 'กรีนแลนด์', 'Greenland', 'GL', 1, '2021-09-28 04:17:05'),
(93, 'GTM', 'กัวเตมาลา', 'Guatemala', 'GT', 1, '2021-09-28 04:17:05'),
(94, 'GUF', 'เฟรนช์เกียนา', 'French Guiana', 'GF', 1, '2021-09-28 04:17:05'),
(95, 'GUM', 'เกาะกวม', 'Guam', 'GU', 1, '2021-09-28 04:17:05'),
(96, 'GUY', 'กายอานา', 'Guyana', 'GY', 1, '2021-09-28 04:17:05'),
(97, 'HKG', 'ฮ่องกง', 'Hong Kong', 'HK', 1, '2021-09-28 04:17:05'),
(98, 'HMD', 'เกาะเฮิร์ดและหมู่เกาะแมคโดนัลด์', 'Heard Island and McDonald Islands', 'HM', 1, '2021-09-28 04:17:05'),
(99, 'HND', 'ฮอนดูรัส', 'Honduras', 'HN', 1, '2021-09-28 04:17:05'),
(100, 'HRV', 'โครเอเชีย', 'Croatia', 'HR', 1, '2021-09-28 04:17:05'),
(101, 'HTI', 'เฮติ', 'Haiti', 'HT', 1, '2021-09-28 04:17:05'),
(102, 'HUN', 'ฮังการี', 'Hungary', 'HU', 1, '2021-09-28 04:17:05'),
(103, 'IDN', 'อินโดนีเซีย', 'Indonesia', 'ID', 1, '2021-09-28 04:17:05'),
(104, 'IMN', 'เกาะแมน', 'Isle of Man', 'IM', 1, '2021-09-28 04:17:05'),
(105, 'IND', 'อินเดีย', 'India', 'IN', 1, '2021-09-28 04:17:05'),
(106, 'IOT', 'หมู่เกาะบริติชเวอร์จิน', 'British Indian Ocean Territory', 'IO', 1, '2021-09-28 04:17:05'),
(107, 'IRL', 'ไอร์แลนด์', 'Ireland', 'IE', 1, '2021-09-28 04:17:05'),
(108, 'IRN', 'อิหร่าน', 'Iran', 'IR', 1, '2021-09-28 04:17:05'),
(109, 'IRQ', 'อิรัก', 'Iraq', 'IQ', 1, '2021-09-28 04:17:05'),
(110, 'ISL', 'ประเทศไอซ์แลนด์', 'Iceland', 'IS', 1, '2021-09-28 04:17:05'),
(111, 'ISR', 'อิสราเอล', 'Israel', 'IL', 1, '2021-09-28 04:17:05'),
(112, 'ITA', 'อิตาลี', 'Italy', 'IT', 1, '2021-09-28 04:17:05'),
(113, 'JAM', 'เกาะจาเมกา', 'Jamaica', 'JM', 1, '2021-09-28 04:17:05'),
(114, 'JEY', 'นิวเจอร์ซีย์', 'Jersey', 'JE', 1, '2021-09-28 04:17:05'),
(115, 'JOR', 'จอร์แดน', 'Jordan', 'JO', 1, '2021-09-28 04:17:05'),
(116, 'JPN', 'ญี่ปุ่น', 'Japan', 'JP', 1, '2021-09-28 04:17:05'),
(117, 'KAZ', 'คาซัคสถาน', 'Kazakhstan', 'KZ', 1, '2021-09-28 04:17:05'),
(118, 'KEN', 'เคนย่า', 'Kenya', 'KE', 1, '2021-09-28 04:17:05'),
(119, 'KGZ', 'คีร์กีสถาน', 'Kyrgyzstan', 'KG', 1, '2021-09-28 04:17:05'),
(120, 'KHM', 'กัมพูชา', 'Cambodia', 'KH', 1, '2021-09-28 04:17:05'),
(121, 'KIR', 'คิริบาส', 'Kiribati', 'KI', 1, '2021-09-28 04:17:05'),
(122, 'KNA', 'เซนต์คิตส์และเนวิส', 'Saint Kitts and Nevis', 'KN', 1, '2021-09-28 04:17:05'),
(123, 'KOR', 'เกาหลีใต้', 'South Korea', 'KR', 1, '2021-09-28 04:17:05'),
(124, 'KWT', 'คูเวต', 'Kuwait', 'KW', 1, '2021-09-28 04:17:05'),
(125, 'LAO', 'ลาว', 'Laos', 'LA', 1, '2021-09-28 04:17:05'),
(126, 'LBN', 'เลบานอน', 'Lebanon', 'LB', 1, '2021-09-28 04:17:05'),
(127, 'LBR', 'ประเทศไลบีเรีย', 'Liberia', 'LR', 1, '2021-09-28 04:17:05'),
(128, 'LBY', 'ลิบยา', 'Libya', 'LY', 1, '2021-09-28 04:17:05'),
(129, 'LCA', 'เซนต์ลูเซีย', 'Saint Lucia', 'LC', 1, '2021-09-28 04:17:05'),
(130, 'LIE', 'นสไตน์', 'Liechtenstein', 'LI', 1, '2021-09-28 04:17:05'),
(131, 'LKA', 'ศรีลังกา', 'Sri Lanka', 'LK', 1, '2021-09-28 04:17:05'),
(132, 'LSO', 'เลโซโท', 'Lesotho', 'LS', 1, '2021-09-28 04:17:05'),
(133, 'LTU', 'ลิธัวเนีย', 'Lithuania', 'LT', 1, '2021-09-28 04:17:05'),
(134, 'LUX', 'ลักเซมเบิร์ก', 'Luxembourg', 'LU', 1, '2021-09-28 04:17:05'),
(135, 'LVA', 'ลัตเวีย', 'Latvia', 'LV', 1, '2021-09-28 04:17:05'),
(136, 'MAC', 'มาเก๊า', 'Macao', 'MO', 1, '2021-09-28 04:17:05'),
(137, 'MAF', 'เซนต์มาร์ติน', 'Saint Martin', 'MF', 1, '2021-09-28 04:17:05'),
(138, 'MAR', 'โมร็อกโก', 'Morocco', 'MA', 1, '2021-09-28 04:17:05'),
(139, 'MCO', 'โมนาโก', 'Monaco', 'MC', 1, '2021-09-28 04:17:05'),
(140, 'MDA', 'มอลโดวา', 'Moldova', 'MD', 1, '2021-09-28 04:17:05'),
(141, 'MDG', 'มาดากัสการ์', 'Madagascar', 'MG', 1, '2021-09-28 04:17:05'),
(142, 'MDV', 'มัลดีฟส์', 'Maldives', 'MV', 1, '2021-09-28 04:17:05'),
(143, 'MEX', 'เม็กซิโก', 'Mexico', 'MX', 1, '2021-09-28 04:17:05'),
(144, 'MHL', 'หมู่เกาะมาร์แชลล์', 'Marshall Islands', 'MH', 1, '2021-09-28 04:17:05'),
(145, 'MKD', 'มาซิโดเนีย', 'Macedonia', 'MK', 1, '2021-09-28 04:17:05'),
(146, 'MLI', 'มาลี', 'Mali', 'ML', 1, '2021-09-28 04:17:05'),
(147, 'MLT', 'เกาะมอลตา', 'Malta', 'MT', 1, '2021-09-28 04:17:05'),
(148, 'MMR', 'พม่า', 'Myanmar [Burma]', 'MM', 1, '2021-09-28 04:17:05'),
(149, 'MNE', 'มอนเตเนโก', 'Montenegro', 'ME', 1, '2021-09-28 04:17:05'),
(150, 'MNG', 'มองโกเลีย', 'Mongolia', 'MN', 1, '2021-09-28 04:17:05'),
(151, 'MNP', 'หมู่เกาะนอร์เทิร์นมาเรียนา', 'Northern Mariana Islands', 'MP', 1, '2021-09-28 04:17:05'),
(152, 'MOZ', 'โมซัมบิก', 'Mozambique', 'MZ', 1, '2021-09-28 04:17:05'),
(153, 'MRT', 'มอริเตเนีย', 'Mauritania', 'MR', 1, '2021-09-28 04:17:05'),
(154, 'MSR', 'มอนต์เซอร์รัต', 'Montserrat', 'MS', 1, '2021-09-28 04:17:05'),
(155, 'MTQ', 'มาร์ตินีก', 'Martinique', 'MQ', 1, '2021-09-28 04:17:05'),
(156, 'MUS', 'มอริเชียส', 'Mauritius', 'MU', 1, '2021-09-28 04:17:05'),
(157, 'MWI', 'มาลาวี', 'Malawi', 'MW', 1, '2021-09-28 04:17:05'),
(158, 'MYS', 'มาเลเซีย', 'Malaysia', 'MY', 1, '2021-09-28 04:17:05'),
(159, 'MYT', 'มายอต', 'Mayotte', 'YT', 1, '2021-09-28 04:17:05'),
(160, 'NAM', 'นามิเบีย', 'Namibia', 'NA', 1, '2021-09-28 04:17:05'),
(161, 'NCL', 'นิวแคลิโดเนีย', 'New Caledonia', 'NC', 1, '2021-09-28 04:17:05'),
(162, 'NER', 'ไนเธอร์', 'Niger', 'NE', 1, '2021-09-28 04:17:05'),
(163, 'NFK', 'เกาะนอร์ฟอล์ก', 'Norfolk Island', 'NF', 1, '2021-09-28 04:17:05'),
(164, 'NGA', 'ไนจีเรีย', 'Nigeria', 'NG', 1, '2021-09-28 04:17:05'),
(165, 'NIC', 'นิการากัว', 'Nicaragua', 'NI', 1, '2021-09-28 04:17:05'),
(166, 'NIU', 'นีอูเอ', 'Niue', 'NU', 1, '2021-09-28 04:17:05'),
(167, 'NLD', 'เนเธอร์แลนด์', 'Netherlands', 'NL', 1, '2021-09-28 04:17:05'),
(168, 'NOR', 'นอร์เวย์', 'Norway', 'NO', 1, '2021-09-28 04:17:05'),
(169, 'NPL', 'เนปาล', 'Nepal', 'NP', 1, '2021-09-28 04:17:05'),
(170, 'NRU', 'นาอูรู', 'Nauru', 'NR', 1, '2021-09-28 04:17:05'),
(171, 'NZL', 'นิวซีแลนด์', 'New Zealand', 'NZ', 1, '2021-09-28 04:17:05'),
(172, 'OMN', 'โอมาน', 'Oman', 'OM', 1, '2021-09-28 04:17:05'),
(173, 'PAK', 'ปากีสถาน', 'Pakistan', 'PK', 1, '2021-09-28 04:17:05'),
(174, 'PAN', 'ปานามา', 'Panama', 'PA', 1, '2021-09-28 04:17:05'),
(175, 'PCN', 'หมู่เกาะพิตแคร์น', 'Pitcairn Islands', 'PN', 1, '2021-09-28 04:17:05'),
(176, 'PER', 'เปรู', 'Peru', 'PE', 1, '2021-09-28 04:17:05'),
(177, 'PHL', 'ฟิลิปปินส์', 'Philippines', 'PH', 1, '2021-09-28 04:17:05'),
(178, 'PLW', 'ปาเลา', 'Palau', 'PW', 1, '2021-09-28 04:17:05'),
(179, 'PNG', 'ปาปัวนิวกินี', 'Papua New Guinea', 'PG', 1, '2021-09-28 04:17:05'),
(180, 'POL', 'โปแลนด์', 'Poland', 'PL', 1, '2021-09-28 04:17:05'),
(181, 'PRI', 'เปอร์โตริโก', 'Puerto Rico', 'PR', 1, '2021-09-28 04:17:05'),
(182, 'PRK', 'เกาหลีเหนือ', 'North Korea', 'KP', 1, '2021-09-28 04:17:05'),
(183, 'PRT', 'โปรตุเกส', 'Portugal', 'PT', 1, '2021-09-28 04:17:05'),
(184, 'PRY', 'ปารากวัย', 'Paraguay', 'PY', 1, '2021-09-28 04:17:05'),
(185, 'PSE', 'ปาเลสไตน์', 'Palestine', 'PS', 1, '2021-09-28 04:17:05'),
(186, 'PYF', 'เฟรนช์โปลินีเซีย', 'French Polynesia', 'PF', 1, '2021-09-28 04:17:05'),
(187, 'QAT', 'กาตาร์', 'Qatar', 'QA', 1, '2021-09-28 04:17:05'),
(188, 'REU', 'เรอูนียง', 'Réunion', 'RE', 1, '2021-09-28 04:17:05'),
(189, 'ROU', 'โรมาเนีย', 'Romania', 'RO', 1, '2021-09-28 04:17:05'),
(190, 'RUS', 'รัสเซีย', 'Russia', 'RU', 1, '2021-09-28 04:17:05'),
(191, 'RWA', 'รวันดา', 'Rwanda', 'RW', 1, '2021-09-28 04:17:05'),
(192, 'SAU', 'ซาอุดิอาราเบีย', 'Saudi Arabia', 'SA', 1, '2021-09-28 04:17:05'),
(193, 'SDN', 'ซูดาน', 'Sudan', 'SD', 1, '2021-09-28 04:17:05'),
(194, 'SEN', 'เซเนกัล', 'Senegal', 'SN', 1, '2021-09-28 04:17:05'),
(195, 'SGP', 'สิงคโปร์', 'Singapore', 'SG', 1, '2021-09-28 04:17:05'),
(196, 'SGS', 'หมู่เกาะเซาท์จอร์เจียและหมู่เกาะเซาท์แซนด์วิช', 'South Georgia and the South Sandwich Islands', 'GS', 1, '2021-09-28 04:17:05'),
(197, 'SHN', 'เซนต์เฮเลนา', 'Saint Helena', 'SH', 1, '2021-09-28 04:17:05'),
(198, 'SJM', 'สฟาลบาร์และยานไมเอน', 'Svalbard and Jan Mayen', 'SJ', 1, '2021-09-28 04:17:05'),
(199, 'SLB', 'หมู่เกาะโซโลมอน', 'Solomon Islands', 'SB', 1, '2021-09-28 04:17:05'),
(200, 'SLE', 'เซียร์ราลีโอน', 'Sierra Leone', 'SL', 1, '2021-09-28 04:17:05'),
(201, 'SLV', 'เอลซัลวาดอร์', 'El Salvador', 'SV', 1, '2021-09-28 04:17:05'),
(202, 'SMR', 'ซานมาริโน', 'San Marino', 'SM', 1, '2021-09-28 04:17:05'),
(203, 'SOM', 'โซมาเลีย', 'Somalia', 'SO', 1, '2021-09-28 04:17:05'),
(204, 'SPM', 'เซนต์ปิแอร์และมีเกอลง', 'Saint Pierre and Miquelon', 'PM', 1, '2021-09-28 04:17:05'),
(205, 'SRB', 'เซอร์เบีย', 'Serbia', 'RS', 1, '2021-09-28 04:17:05'),
(206, 'SSD', 'ซูดานใต้', 'South Sudan', 'SS', 1, '2021-09-28 04:17:05'),
(207, 'STP', 'เซาตูเมและปรินซิปี', 'São Tomé and Príncipe', 'ST', 1, '2021-09-28 04:17:05'),
(208, 'SUR', 'ซูรินาเม', 'Suriname', 'SR', 1, '2021-09-28 04:17:05'),
(209, 'SVK', 'สโลวะเกีย', 'Slovakia', 'SK', 1, '2021-09-28 04:17:05'),
(210, 'SVN', 'สโลวีเนีย', 'Slovenia', 'SI', 1, '2021-09-28 04:17:05'),
(211, 'SWE', 'สวีเดน', 'Sweden', 'SE', 1, '2021-09-28 04:17:05'),
(212, 'SWZ', 'สวาซิแลนด์', 'Swaziland', 'SZ', 1, '2021-09-28 04:17:05'),
(213, 'SXM', 'เกาะเซนต์มาร์ติน', 'Sint Maarten', 'SX', 1, '2021-09-28 04:17:05'),
(214, 'SYC', 'เซเชลส์', 'Seychelles', 'SC', 1, '2021-09-28 04:17:05'),
(215, 'SYR', 'ซีเรีย', 'Syria', 'SY', 1, '2021-09-28 04:17:05'),
(216, 'TCA', 'หมู่เกาะเติกส์และหมู่เกาะเคคอส', 'Turks and Caicos Islands', 'TC', 1, '2021-09-28 04:17:05'),
(217, 'TCD', 'ชาด', 'Chad', 'TD', 1, '2021-09-28 04:17:05'),
(218, 'TGO', 'โตโก', 'Togo', 'TG', 1, '2021-09-28 04:17:05'),
(219, 'THA', 'ไทย', 'Thailand', 'TH', 1, '2021-09-28 04:17:05'),
(220, 'TJK', 'ทาจิกิสถาน', 'Tajikistan', 'TJ', 1, '2021-09-28 04:17:05'),
(221, 'TKL', 'โตเกเลา', 'Tokelau', 'TK', 1, '2021-09-28 04:17:05'),
(222, 'TKM', 'เติร์กเมนิสถาน', 'Turkmenistan', 'TM', 1, '2021-09-28 04:17:05'),
(223, 'TLS', 'ติมอร์ตะวันออก', 'East Timor', 'TL', 1, '2021-09-28 04:17:05'),
(224, 'TON', 'ตองกา', 'Tonga', 'TO', 1, '2021-09-28 04:17:05'),
(225, 'TTO', 'ตรินิแดดและโตเบโก', 'Trinidad and Tobago', 'TT', 1, '2021-09-28 04:17:05'),
(226, 'TUN', 'ตูนิเซีย', 'Tunisia', 'TN', 1, '2021-09-28 04:17:05'),
(227, 'TUR', 'ตุรกี', 'Turkey', 'TR', 1, '2021-09-28 04:17:05'),
(228, 'TUV', 'ตูวาลู', 'Tuvalu', 'TV', 1, '2021-09-28 04:17:05'),
(229, 'TWN', 'ไต้หวัน', 'Taiwan', 'TW', 1, '2021-09-28 04:17:05'),
(230, 'TZA', 'แทนซาเนีย', 'Tanzania', 'TZ', 1, '2021-09-28 04:17:05'),
(231, 'UGA', 'ยูกันดา', 'Uganda', 'UG', 1, '2021-09-28 04:17:05'),
(232, 'UKR', 'ยูเครน', 'Ukraine', 'UA', 1, '2021-09-28 04:17:05'),
(233, 'UMI', 'เกาะนอกรีตของสหรัฐฯ', 'U.S. Minor Outlying Islands', 'UM', 1, '2021-09-28 04:17:05'),
(234, 'URY', 'อุรุกวัย', 'Uruguay', 'UY', 1, '2021-09-28 04:17:05'),
(235, 'USA', 'สหรัฐอเมริกา', 'United States', 'US', 1, '2021-09-28 04:17:05'),
(236, 'UZB', 'อุซเบกิสถาน', 'Uzbekistan', 'UZ', 1, '2021-09-28 04:17:05'),
(237, 'VAT', 'เมืองวาติกัน', 'Vatican City', 'VA', 1, '2021-09-28 04:17:05'),
(238, 'VCT', 'เซนต์วินเซนต์และเกรนาดีนส์', 'Saint Vincent and the Grenadines', 'VC', 1, '2021-09-28 04:17:05'),
(239, 'VEN', 'เวเนซุเอลา', 'Venezuela', 'VE', 1, '2021-09-28 04:17:05'),
(240, 'VGB', 'หมู่เกาะบริติชเวอร์จิน', 'British Virgin Islands', 'VG', 1, '2021-09-28 04:17:05'),
(241, 'VIR', 'หมู่เกาะเวอร์จินของสหรัฐอเมริกา', 'U.S. Virgin Islands', 'VI', 1, '2021-09-28 04:17:05'),
(242, 'VNM', 'เวียดนาม', 'Vietnam', 'VN', 1, '2021-09-28 04:17:05'),
(243, 'VUT', 'วานูอาตู', 'Vanuatu', 'VU', 1, '2021-09-28 04:17:05'),
(244, 'WLF', 'วาลลิสและฟุตูนา', 'Wallis and Futuna', 'WF', 1, '2021-09-28 04:17:05'),
(245, 'WSM', 'ซามัว', 'Samoa', 'WS', 1, '2021-09-28 04:17:05'),
(246, 'XKX', 'โคโซโว', 'Kosovo', 'XK', 1, '2021-09-28 04:17:05'),
(247, 'YEM', 'เยเมน', 'Yemen', 'YE', 1, '2021-09-28 04:17:05'),
(248, 'ZAF', 'แอฟริกาใต้', 'South Africa', 'ZA', 1, '2021-09-28 04:17:05'),
(249, 'ZMB', 'แซมเบีย', 'Zambia', 'ZM', 1, '2021-09-28 04:17:05'),
(250, 'ZWE', 'ประเทศซิมบับเว', 'Zimbabwe', 'ZW', 1, '2021-09-28 04:17:05');

-- --------------------------------------------------------

--
-- Table structure for table `crews`
--

CREATE TABLE `crews` (
  `id` int(11) NOT NULL,
  `id_card` varchar(13) COLLATE utf8mb4_unicode_ci NOT NULL,
  `name` varchar(150) COLLATE utf8mb4_unicode_ci NOT NULL,
  `telephone` varchar(50) COLLATE utf8mb4_unicode_ci NOT NULL,
  `address` text COLLATE utf8mb4_unicode_ci NOT NULL,
  `sex` int(11) NOT NULL,
  `birth_date` date NOT NULL,
  `pic` varchar(50) COLLATE utf8mb4_unicode_ci NOT NULL,
  `is_approved` int(11) NOT NULL DEFAULT 0,
  `is_deleted` int(11) NOT NULL DEFAULT 0,
  `created_at` datetime NOT NULL DEFAULT current_timestamp(),
  `updated_at` datetime NOT NULL DEFAULT current_timestamp()
) ENGINE=InnoDB DEFAULT CHARSET=utf8mb4 COLLATE=utf8mb4_unicode_ci;

--
-- Dumping data for table `crews`
--

INSERT INTO `crews` (`id`, `id_card`, `name`, `telephone`, `address`, `sex`, `birth_date`, `pic`, `is_approved`, `is_deleted`, `created_at`, `updated_at`) VALUES
(1, '', 'น้องกาย', '', '', 0, '0000-00-00', '', 1, 0, '2024-07-25 11:19:46', '2024-07-25 11:19:46'),
(2, '', 'พี่ยา', '', '', 0, '0000-00-00', '', 1, 0, '2024-07-25 12:01:30', '2024-07-25 12:01:30'),
(3, '', 'พี่น้ำ', '089 485 3305', '', 2, '1993-06-11', '', 1, 0, '2024-07-25 13:43:01', '2024-07-25 13:43:01'),
(4, '', 'น้ำ', '', '', 0, '0000-00-00', '', 1, 0, '2024-08-29 13:49:59', '2024-08-29 13:49:59'),
(5, '', 'บี', '', '', 0, '0000-00-00', '', 1, 0, '2024-08-29 13:49:59', '2024-08-29 13:49:59');

-- --------------------------------------------------------

--
-- Table structure for table `currencys`
--

CREATE TABLE `currencys` (
  `id` int(11) NOT NULL,
  `name` varchar(100) COLLATE utf8mb4_unicode_ci NOT NULL,
  `created_at` datetime NOT NULL,
  `updated_at` datetime NOT NULL
) ENGINE=InnoDB DEFAULT CHARSET=utf8mb4 COLLATE=utf8mb4_unicode_ci;

--
-- Dumping data for table `currencys`
--

INSERT INTO `currencys` (`id`, `name`, `created_at`, `updated_at`) VALUES
(1, 'USD', '2022-06-10 08:43:27', '2022-06-10 08:43:27'),
(2, 'EUR', '2022-06-10 08:43:27', '2022-06-10 08:43:27'),
(3, 'JPY', '2022-06-10 08:43:27', '2022-06-10 08:43:27'),
(4, 'THB', '2022-06-10 08:43:27', '2022-06-10 08:43:27');

-- --------------------------------------------------------

--
-- Table structure for table `customers`
--

CREATE TABLE `customers` (
  `id` int(11) NOT NULL,
  `name` varchar(150) COLLATE utf8mb4_unicode_ci NOT NULL,
  `birth_date` date NOT NULL,
  `id_card` varchar(50) COLLATE utf8mb4_unicode_ci NOT NULL,
  `telephone` varchar(50) COLLATE utf8mb4_unicode_ci NOT NULL,
  `address` text COLLATE utf8mb4_unicode_ci NOT NULL,
  `age` int(11) NOT NULL COMMENT 'ad : 1 chd : 2 inf : 3 foc : 4',
  `type` int(11) NOT NULL COMMENT '1 : Thai 2 : Foreigner',
  `email` varchar(50) COLLATE utf8mb4_unicode_ci NOT NULL,
  `head` int(11) NOT NULL DEFAULT 0,
  `booking_id` int(11) NOT NULL DEFAULT 0,
  `nationality_id` int(11) NOT NULL DEFAULT 0,
  `created_at` datetime NOT NULL,
  `updated_at` datetime NOT NULL
) ENGINE=InnoDB DEFAULT CHARSET=utf8mb4 COLLATE=utf8mb4_unicode_ci;

--
-- Dumping data for table `customers`
--

INSERT INTO `customers` (`id`, `name`, `birth_date`, `id_card`, `telephone`, `address`, `age`, `type`, `email`, `head`, `booking_id`, `nationality_id`, `created_at`, `updated_at`) VALUES
(1, 'Name A', '0000-00-00', '', '095 495 2269', '', 1, 2, '', 1, 1, 0, '2023-09-18 07:13:27', '2023-09-22 08:09:39'),
(2, 'Name B', '0000-00-00', '', '', '', 2, 2, '', 0, 1, 0, '2023-09-18 07:13:27', '2023-09-22 08:09:39'),
(3, 'Name C', '0000-00-00', '', '', '', 3, 2, '', 0, 1, 0, '2023-09-18 07:13:27', '2023-09-22 08:09:39'),
(4, 'Name D', '0000-00-00', '', '', '', 3, 2, '', 0, 1, 0, '2023-09-18 07:13:27', '2023-09-22 08:09:39'),
(5, 'Kim Kyunglin', '0000-00-00', '', '', '', 1, 2, '', 1, 3, 0, '2023-09-18 07:35:37', '2023-10-04 05:19:03'),
(6, 'ไกด์ณัฏฐิกา', '0000-00-00', '', '093-1466981', '', 0, 2, '', 1, 6, 0, '2023-09-21 06:35:08', '2023-09-23 06:22:45'),
(7, 'G Rat', '0000-00-00', '', '', '', 0, 2, '', 1, 7, 0, '2023-09-21 06:38:11', '2023-09-23 06:19:01'),
(8, 'Matthew Reddington', '0000-00-00', '', '', '', 0, 0, '', 1, 8, 0, '2023-09-21 06:46:17', '2023-09-23 06:18:34'),
(9, 'Fabian Hointza', '0000-00-00', '', '', '', 0, 2, '', 1, 9, 0, '2023-09-21 07:12:14', '2023-09-23 06:17:59'),
(10, 'Daniel Ziaoure', '0000-00-00', '', '', '', 1, 2, '', 1, 10, 0, '2023-09-22 08:09:46', '2023-09-23 04:42:03'),
(11, 'Naif Alothman', '0000-00-00', '', '', '', 1, 2, '', 1, 11, 0, '2023-09-22 08:36:13', '2023-09-23 06:17:32'),
(12, 'Daniel Ziaoure', '0000-00-00', '', '', '', 1, 1, '', 0, 10, 0, '2023-09-22 08:50:54', '2023-09-23 04:42:03'),
(13, 'Elena Tutornistal', '0000-00-00', '', '', '', 1, 2, '', 1, 12, 0, '2023-09-23 04:45:38', '2023-09-23 04:45:38'),
(14, 'Vanessa Lopel', '0000-00-00', '', '', '', 1, 0, '', 1, 13, 0, '2023-09-23 04:47:09', '2023-09-23 04:47:09'),
(15, 'Ron', '0000-00-00', '', '', '', 1, 0, '', 1, 14, 0, '2023-09-23 04:53:56', '2023-09-23 04:59:01'),
(16, 'Gao Zhan', '0000-00-00', '', '', '', 1, 2, '', 1, 15, 0, '2023-09-23 05:06:29', '2023-09-23 05:06:29'),
(17, 'Tshana Wilson', '0000-00-00', '', '', '', 1, 2, '', 1, 16, 0, '2023-09-23 05:09:18', '2023-09-23 05:09:18'),
(18, 'Yue Yao', '0000-00-00', '', '', '', 0, 2, '', 1, 17, 0, '2023-09-23 05:12:02', '2023-09-23 05:12:02'),
(19, 'Van Nguyen', '0000-00-00', '', '061-73007359', '', 0, 2, '', 1, 18, 0, '2023-09-23 05:16:43', '2023-09-23 05:16:43'),
(20, 'Nghai Tran', '0000-00-00', '', '', '', 0, 0, '', 1, 19, 0, '2023-09-23 05:24:31', '2023-09-23 05:44:06'),
(21, 'Tran Phong', '0000-00-00', '', '097-068 7423', '', 1, 2, '', 1, 20, 0, '2023-09-23 05:52:55', '2023-09-23 05:52:55'),
(22, '', '0000-00-00', '', '', '', 0, 0, '', 0, 4, 0, '2023-09-23 06:01:05', '2023-09-23 06:01:05'),
(23, '', '0000-00-00', '', '', '', 0, 0, '', 0, 5, 0, '2023-09-23 06:01:43', '2023-09-23 06:01:43'),
(24, 'Jen Ngo', '0000-00-00', '', '', '', 0, 2, '', 1, 21, 0, '2023-09-23 06:08:16', '2023-09-23 06:08:16'),
(25, 'Tran Nguyen', '0000-00-00', '', '081-247 4323', '', 0, 2, '', 1, 22, 0, '2023-09-23 06:09:44', '2023-09-23 06:09:44'),
(26, 'Madhuchandra Chakraborty', '0000-00-00', '', '', '', 0, 2, '', 1, 23, 0, '2023-09-23 06:14:35', '2023-09-26 09:56:57'),
(27, '', '0000-00-00', '', '', '', 0, 0, '', 0, 2, 0, '2023-09-23 06:16:55', '2023-09-23 06:21:45'),
(28, 'Name A', '0000-00-00', '', '089 632 9962', '', 1, 2, '', 1, 24, 0, '2023-09-26 05:37:54', '2023-09-26 10:19:36'),
(29, 'Name B', '0000-00-00', '', '', '', 1, 2, '', 0, 24, 0, '2023-09-26 05:37:54', '2023-09-26 10:19:36'),
(30, 'Name C', '0000-00-00', '', '', '', 1, 1, '', 1, 25, 0, '2023-09-26 07:29:39', '2023-09-28 07:08:01'),
(31, 'Name D', '0000-00-00', '', '', '', 1, 1, '', 1, 26, 0, '2023-09-26 10:40:13', '2023-09-28 07:08:12'),
(32, 'Name E', '0000-00-00', '', '092 639 3362', '', 1, 1, '', 1, 27, 0, '2023-09-28 06:29:04', '2023-09-29 01:47:18'),
(33, 'Name H', '0000-00-00', '', '', '', 1, 1, '', 1, 28, 0, '2023-09-28 07:09:20', '2023-09-28 07:09:20'),
(34, 'Name H', '0000-00-00', '', '098 265 9950', '', 1, 1, '', 1, 29, 0, '2023-09-29 04:36:11', '2023-09-29 04:36:11'),
(35, 'Sahan', '0000-00-00', '', '', '', 1, 0, '', 1, 30, 0, '2023-10-04 05:11:09', '2023-10-04 05:11:09'),
(36, 'Kim Kyungjin', '0000-00-00', '', '', '', 1, 0, '', 1, 31, 0, '2023-10-04 05:14:12', '2023-10-04 05:16:41'),
(37, 'Alexander', '0000-00-00', '', '093-4251064', '', 1, 2, '', 1, 32, 0, '2023-10-04 05:22:15', '2023-10-04 05:27:12'),
(38, 'Houaru', '0000-00-00', '', '', '', 1, 0, '', 1, 33, 0, '2023-10-04 05:23:46', '2023-10-04 05:23:46'),
(39, 'MR Saeed', '0000-00-00', '', '', '', 1, 2, '', 1, 34, 0, '2023-10-04 05:23:49', '2023-10-04 05:26:44'),
(40, 'Mohammed', '0000-00-00', '', '', '', 1, 0, '', 1, 35, 0, '2023-10-04 05:25:18', '2023-10-04 05:26:14'),
(41, 'Willey Cameron', '0000-00-00', '', '', '', 1, 0, '', 1, 36, 0, '2023-10-04 05:28:14', '2023-10-04 05:28:14'),
(42, 'Willey', '0000-00-00', '', '', '', 1, 0, '', 0, 36, 0, '2023-10-04 05:28:14', '2023-10-04 05:28:14'),
(43, 'Maid Bliam', '0000-00-00', '', '', '', 1, 0, '', 1, 37, 0, '2023-10-04 05:29:16', '2023-10-04 05:29:16'),
(44, 'Tiana Streader', '0000-00-00', '', '', '', 1, 0, '', 1, 38, 0, '2023-10-04 05:30:15', '2023-10-04 05:30:15'),
(45, 'Giego Fernando', '0000-00-00', '', '', '', 1, 0, '', 1, 39, 0, '2023-10-04 05:30:15', '2023-10-04 05:30:15'),
(46, 'MUTHU KUMARAN', '0000-00-00', '', '', '', 1, 0, '', 1, 40, 0, '2023-10-04 05:31:56', '2023-10-04 05:31:56'),
(47, 'Bhengu Nompumele', '0000-00-00', '', '', '', 1, 0, '', 1, 41, 0, '2023-10-04 05:38:35', '2023-10-04 05:38:35'),
(48, 'Jaydeep', '0000-00-00', '', '', '', 1, 0, '', 1, 42, 0, '2023-10-04 05:42:38', '2023-10-04 05:42:38'),
(49, 'Song Thuong', '0000-00-00', '', '064-6304562', '', 1, 2, '', 1, 43, 0, '2023-10-04 05:42:51', '2023-10-04 05:42:51'),
(50, 'Hai Dading', '0000-00-00', '', '', '', 1, 0, '', 1, 44, 0, '2023-10-04 05:49:57', '2023-10-04 05:49:57'),
(51, 'Tran Minh Quan', '0000-00-00', '', '062-9573004', '', 1, 0, '', 1, 45, 0, '2023-10-04 05:51:39', '2023-10-04 05:51:39'),
(52, 'Thinh Tran', '0000-00-00', '', '094-9506708', '', 1, 0, '', 1, 46, 0, '2023-10-04 05:54:59', '2023-10-04 05:54:59'),
(53, 'Thanh Van', '0000-00-00', '', '', '', 1, 2, '', 1, 47, 0, '2023-10-04 06:02:41', '2023-10-04 06:08:28'),
(54, 'Amy Queen', '0000-00-00', '', '', '', 1, 2, '', 1, 48, 0, '2023-10-04 06:05:58', '2023-10-04 06:10:04'),
(55, 'Mayur Sharma', '0000-00-00', '', '', '', 1, 2, '', 1, 49, 0, '2023-10-04 06:15:03', '2023-10-04 06:15:03'),
(56, 'Loan Doan', '0000-00-00', '', '082-6537405', '', 1, 2, '', 1, 50, 0, '2023-10-04 06:18:08', '2023-10-04 06:18:08'),
(57, 'Mayur Sharma', '0000-00-00', '', '', '', 1, 2, '', 1, 51, 0, '2023-10-04 06:19:16', '2023-10-04 06:19:16'),
(58, 'Sudhanshu Kumar', '0000-00-00', '', '', '', 1, 2, '', 1, 52, 0, '2023-11-08 06:09:47', '2023-11-15 08:11:08'),
(59, 'Jitesh Jacob', '0000-00-00', '', '', '', 1, 2, '', 1, 53, 0, '2023-11-08 06:17:54', '2023-11-15 08:15:46'),
(60, 'Elvin Rejimone', '0000-00-00', '', '', '', 1, 2, '', 1, 54, 0, '2023-11-08 06:25:05', '2023-11-08 06:26:06'),
(61, 'Angad Singh Rihal', '0000-00-00', '', '', '', 1, 2, '', 1, 55, 0, '2023-11-08 06:29:51', '2023-11-08 06:29:51'),
(62, 'Yati Sharma', '0000-00-00', '', '', '', 1, 2, '', 1, 56, 0, '2023-11-08 06:32:03', '2023-11-08 06:32:03'),
(63, 'Subrat Bastia', '0000-00-00', '', '', '', 1, 2, '', 1, 57, 0, '2023-11-08 06:36:54', '2023-11-08 06:36:54'),
(64, 'Jagjit Singh', '0000-00-00', '', '', '', 1, 2, '', 1, 58, 0, '2023-11-08 06:43:27', '2023-11-08 06:43:27'),
(65, 'Kailash Devna', '0000-00-00', '', '', '', 1, 2, '', 1, 60, 0, '2023-11-08 06:46:26', '2023-11-08 06:46:26'),
(66, '', '0000-00-00', '', '', '', 0, 0, '', 0, 59, 0, '2023-11-08 06:47:39', '2023-11-08 06:47:39'),
(67, 'Varun Nonad Deshpande', '0000-00-00', '', '', '', 1, 2, '', 1, 61, 0, '2023-11-08 07:03:50', '2023-11-08 07:03:50'),
(68, 'Deepak Ahire', '0000-00-00', '', '', '', 1, 2, '', 1, 62, 0, '2023-11-08 07:07:00', '2023-11-08 07:07:00'),
(69, 'Kartik Patel', '0000-00-00', '', '', '', 1, 2, '', 1, 63, 0, '2023-11-08 07:11:23', '2023-11-08 07:14:43'),
(70, 'Swapnil', '0000-00-00', '', '', '', 1, 2, '', 0, 64, 0, '2023-11-08 07:21:44', '2023-11-08 07:21:44'),
(71, 'Deepika Vellingiri', '0000-00-00', '', '', '', 1, 2, '', 1, 65, 0, '2023-11-08 07:23:46', '2023-11-08 07:23:46'),
(72, 'Harsh Solanki', '0000-00-00', '', '', '', 1, 2, '', 1, 66, 0, '2023-11-08 07:25:31', '2023-11-08 07:25:31'),
(73, 'Sanjaykumar Sharma', '0000-00-00', '', '', '', 1, 2, '', 1, 67, 0, '2023-11-08 07:27:18', '2023-11-15 08:05:33'),
(74, 'Chetan Jaychand Gundesha', '0000-00-00', '', '', '', 1, 2, '', 1, 69, 0, '2023-11-10 05:46:19', '2023-11-10 05:46:19'),
(75, 'Kudamala Asha', '0000-00-00', '', '', '', 1, 2, '', 1, 70, 0, '2023-11-10 05:50:47', '2023-11-10 05:57:52'),
(76, '', '0000-00-00', '', '', '', 0, 0, '', 0, 68, 0, '2023-11-10 05:54:52', '2023-11-10 05:54:52'),
(77, 'Yash Jain', '0000-00-00', '', '', '', 1, 2, '', 1, 71, 0, '2023-11-10 05:59:21', '2023-11-10 06:03:33'),
(78, 'Ayush Aman', '0000-00-00', '', '', '', 1, 2, '', 1, 72, 0, '2023-11-10 06:02:50', '2023-11-10 06:02:50'),
(79, 'Lakshay Sharma', '0000-00-00', '', '', '', 1, 2, '', 1, 73, 0, '2023-11-10 06:05:36', '2023-11-10 06:05:36'),
(80, 'Yash Shah', '0000-00-00', '', '', '', 1, 2, '', 1, 74, 0, '2023-11-10 06:08:03', '2023-11-10 06:08:03'),
(81, 'Lakshay Sharma', '0000-00-00', '', '', '', 1, 2, '', 1, 75, 0, '2023-11-10 06:32:01', '2023-11-10 06:32:01'),
(82, 'Nirmal Singh', '0000-00-00', '', '', '', 1, 2, '', 1, 76, 0, '2023-11-10 06:38:06', '2023-11-10 06:38:06'),
(83, 'Parag Vinod Rai', '0000-00-00', '', '', '', 1, 2, '', 1, 77, 0, '2023-11-10 06:41:19', '2023-11-10 06:44:12'),
(84, 'Shanti Thangaraj', '0000-00-00', '', '', '', 1, 2, '', 1, 78, 0, '2023-11-10 06:53:43', '2023-11-10 06:53:43'),
(85, 'Parag Vinid Rai', '0000-00-00', '', '', '', 1, 2, '', 1, 79, 0, '2023-11-10 06:55:54', '2023-11-10 06:55:54'),
(86, 'Amulya Shridhar Shetty', '0000-00-00', '', '', '', 1, 2, '', 1, 80, 0, '2023-11-10 06:58:34', '2023-11-10 06:58:34'),
(87, 'Rajat Ajay', '0000-00-00', '', '', '', 1, 2, '', 1, 81, 0, '2023-11-10 07:00:25', '2023-11-10 07:00:25'),
(88, 'Sagar Sethi', '0000-00-00', '', '', '', 1, 2, '', 1, 82, 0, '2023-11-10 07:04:59', '2023-11-10 07:04:59'),
(89, 'Sanjaykumar ', '0000-00-00', '', '', '', 1, 0, '', 1, 83, 0, '2023-11-15 08:04:43', '2023-11-15 08:04:43'),
(90, 'Saji Punnamanil Varghese', '0000-00-00', '', '', '', 1, 0, '', 1, 84, 0, '2023-11-15 09:25:11', '2023-11-15 09:25:11'),
(91, 'Angel Cyril Yesuraja', '0000-00-00', '', '', '', 1, 0, '', 1, 85, 0, '2023-11-15 13:30:49', '2023-11-16 10:49:20'),
(92, 'Angel Cyril Yesuraja', '0000-00-00', '', '', '', 1, 0, '', 1, 87, 0, '2023-11-15 13:32:48', '2023-11-15 13:32:48'),
(93, 'mr.a', '0000-00-00', '', '089 152 6621', '', 1, 2, '', 1, 88, 0, '2023-11-20 08:22:22', '2023-11-20 08:35:21'),
(94, 'Martin', '0000-00-00', '', '0952316625', '', 1, 2, '', 1, 89, 0, '2023-11-20 08:28:12', '2023-11-20 08:35:13'),
(95, 'Ashok Kumar Arora', '0000-00-00', '', '', '', 1, 2, '', 1, 90, 0, '2023-11-30 01:25:25', '2023-11-30 01:25:25'),
(96, '', '0000-00-00', '', '', '', 1, 2, '', 1, 91, 0, '2023-12-02 06:28:31', '2023-12-02 06:28:31'),
(97, 'Baishali Lakar', '0000-00-00', '', '', '', 1, 2, '', 1, 92, 0, '2023-12-02 12:08:10', '2023-12-14 04:46:03'),
(98, 'Taruna Pradhan', '0000-00-00', '', '', '', 1, 2, '', 1, 93, 0, '2023-12-05 04:04:35', '2023-12-05 04:04:35'),
(99, 'Chetan Prabhakar', '0000-00-00', '', '', '', 1, 2, '', 1, 94, 0, '2023-12-05 04:07:19', '2023-12-05 04:07:19'),
(100, 'Himani Juneja', '0000-00-00', '', '', '', 1, 2, '', 0, 95, 0, '2023-12-05 04:13:39', '2023-12-05 04:13:39'),
(101, 'Mohit Gupta', '0000-00-00', '', '', '', 1, 1, '', 1, 96, 0, '2023-12-05 09:42:31', '2024-09-28 01:26:55'),
(102, 'Mohit Gupta', '0000-00-00', '', '', '', 1, 1, '', 1, 97, 0, '2023-12-05 09:43:46', '2024-09-28 01:26:42'),
(103, 'Huy Hoan', '0000-00-00', '', '', '', 1, 2, '', 1, 98, 0, '2023-12-06 06:11:03', '2023-12-06 06:11:03'),
(104, 'Shivant Dhindra', '0000-00-00', '', '', '', 1, 2, '', 1, 99, 0, '2023-12-06 12:46:46', '2023-12-06 12:46:46'),
(105, 'Akshay Ravindra Kharat', '0000-00-00', '', '', '', 1, 2, '', 1, 100, 0, '2023-12-07 12:36:44', '2023-12-07 12:36:44'),
(106, 'Tanmay Khamir Shah', '0000-00-00', '', '', '', 1, 2, '', 1, 101, 0, '2023-12-07 13:11:45', '2023-12-13 02:08:55'),
(107, 'คุณไทดื', '0000-00-00', '', '081-2715696', '', 1, 2, '', 1, 102, 0, '2023-12-07 13:17:23', '2023-12-07 13:17:23'),
(108, 'Navneet Goenka', '0000-00-00', '', '', '', 1, 2, '', 1, 103, 0, '2023-12-08 05:27:41', '2023-12-08 05:27:41'),
(109, 'Huyen Nguyen', '0000-00-00', '', '', '', 1, 2, '', 1, 104, 0, '2023-12-08 13:16:39', '2023-12-08 13:16:39'),
(110, 'Harminder Singh Kharbanda', '0000-00-00', '', '', '', 1, 2, '', 1, 105, 0, '2023-12-12 04:25:23', '2023-12-12 04:28:18'),
(111, 'Karandeep Singh', '0000-00-00', '', '', '', 1, 2, '', 1, 106, 0, '2023-12-12 04:33:43', '2023-12-12 04:33:43'),
(112, 'Karandeep Singh', '0000-00-00', '', '', '', 1, 2, '', 1, 107, 0, '2023-12-12 04:34:53', '2023-12-12 04:34:53'),
(113, 'Wu Yucen', '0000-00-00', '', '', '', 1, 2, '', 1, 108, 0, '2023-12-12 05:37:30', '2023-12-12 05:37:30'),
(114, 'Ravi Kumar', '0000-00-00', '', '', '', 1, 2, '', 1, 109, 0, '2023-12-12 14:31:23', '2023-12-12 14:31:23'),
(115, 'Prashant Kamble', '0000-00-00', '', '', '', 1, 2, '', 1, 110, 0, '2023-12-12 14:36:46', '2023-12-12 14:36:46'),
(116, 'Ajay Jain', '0000-00-00', '', '', '', 1, 2, '', 1, 111, 0, '2023-12-12 14:39:06', '2023-12-12 14:39:06'),
(117, 'Sameer Ajay Ghanekar', '0000-00-00', '', '', '', 1, 2, '', 1, 112, 0, '2023-12-12 14:41:28', '2023-12-12 14:41:28'),
(118, 'Amit Gupta', '0000-00-00', '', '', '', 1, 2, '', 1, 113, 0, '2023-12-12 14:43:27', '2023-12-12 14:43:27'),
(119, 'Jeet Dilip Kumar', '0000-00-00', '', '', '', 1, 2, '', 1, 114, 0, '2023-12-12 14:45:09', '2023-12-12 14:45:09'),
(120, 'Jeet Dilip Kumar', '0000-00-00', '', '', '', 1, 2, '', 1, 115, 0, '2023-12-12 14:47:19', '2023-12-12 14:47:19'),
(121, 'Raj Popatbhai', '0000-00-00', '', '', '', 1, 2, '', 1, 116, 0, '2023-12-12 14:49:05', '2023-12-13 05:35:18'),
(122, 'Harshal Aruntao', '0000-00-00', '', '', '', 1, 2, '', 1, 117, 0, '2023-12-13 05:25:44', '2023-12-13 05:25:44'),
(123, 'Heet Mayankumar', '0000-00-00', '', '', '', 1, 2, '', 1, 118, 0, '2023-12-13 12:16:22', '2023-12-13 12:16:22'),
(124, 'Suraj Gopal Kamble', '0000-00-00', '', '', '', 1, 2, '', 1, 119, 0, '2023-12-13 13:03:58', '2023-12-13 13:03:58'),
(125, 'Vishal Bhati', '0000-00-00', '', '', '', 1, 2, '', 1, 120, 0, '2023-12-14 08:38:00', '2023-12-14 08:38:00'),
(126, 'Animesh', '0000-00-00', '', '', '', 1, 2, '', 1, 121, 0, '2023-12-14 09:06:34', '2023-12-14 09:06:34'),
(127, 'Animesh Pradeep Naik', '0000-00-00', '', '', '', 1, 2, '', 1, 122, 0, '2023-12-14 12:03:07', '2023-12-14 12:03:47'),
(128, 'Ronak Lalit Shah', '0000-00-00', '', '', '', 1, 2, '', 0, 123, 0, '2023-12-14 12:07:58', '2023-12-14 12:07:58'),
(129, 'Anna Czechowska', '0000-00-00', '', '', '', 1, 2, '', 1, 124, 0, '2023-12-14 12:57:06', '2023-12-14 12:57:06'),
(130, 'Alby Jacob Punnathara', '0000-00-00', '', '', '', 1, 2, '', 0, 125, 0, '2023-12-14 14:26:59', '2023-12-14 14:26:59'),
(131, 'Karan Bindal', '0000-00-00', '', '', '', 1, 2, '', 1, 126, 0, '2023-12-16 05:46:19', '2023-12-16 05:46:19'),
(132, 'Li Zhu', '0000-00-00', '', '', '', 1, 2, '', 1, 127, 0, '2023-12-16 05:54:30', '2023-12-16 05:55:54'),
(133, 'Julia Goliasz', '0000-00-00', '', '', '', 1, 2, '', 1, 128, 0, '2023-12-16 09:25:04', '2023-12-16 09:27:55'),
(134, 'พี่ติ่ง ', '0000-00-00', '', ' 083-5965888', '', 1, 2, '', 1, 129, 0, '2023-12-17 09:46:34', '2023-12-17 09:46:34'),
(135, 'Eweline Kucharczyk', '0000-00-00', '', '', '', 1, 2, '', 1, 130, 0, '2023-12-17 09:53:22', '2023-12-17 09:53:22'),
(136, 'Diana', '0000-00-00', '', '', '', 1, 2, '', 1, 131, 0, '2023-12-18 12:07:23', '2023-12-18 12:08:38'),
(137, 'คุณซี', '0000-00-00', '', '095 012 2265', '', 1, 1, '', 1, 132, 0, '2023-12-19 04:10:44', '2023-12-19 04:22:48'),
(138, 'คุญเอ', '0000-00-00', '', '', '', 1, 1, '', 0, 132, 0, '2023-12-19 04:12:02', '2023-12-19 04:22:48'),
(139, 'tan', '0000-00-00', '', '', '', 1, 2, '', 1, 133, 0, '2023-12-21 04:27:09', '2023-12-21 04:27:09'),
(140, 'aaaaa', '0000-00-00', '', '', '', 1, 2, '', 1, 135, 0, '2023-12-21 04:35:36', '2023-12-21 04:35:36'),
(141, '', '0000-00-00', '', '', '', 1, 2, '', 1, 136, 0, '2023-12-21 04:40:47', '2023-12-21 04:40:47'),
(142, '', '0000-00-00', '', '', '', 1, 2, '', 1, 137, 0, '2023-12-21 04:47:28', '2024-02-02 09:28:53'),
(143, 'aaaa', '0000-00-00', '', '', '', 1, 2, '', 1, 138, 0, '2024-01-14 05:37:50', '2024-01-14 05:37:50'),
(144, '', '0000-00-00', '', '', '', 1, 2, '', 1, 139, 0, '2024-01-14 05:39:54', '2024-01-14 05:39:54'),
(145, 'Name A', '0000-00-00', '', '089 452 1103', '', 1, 2, '', 1, 140, 0, '2024-02-14 11:38:33', '2024-02-14 11:53:44'),
(146, 'Name B', '0000-00-00', '', '095 652 1154', '', 1, 2, '', 1, 141, 0, '2024-02-14 11:39:37', '2024-02-14 11:54:31'),
(147, 'Name C', '0000-00-00', '', '065 845 2216', '', 1, 2, '', 1, 142, 0, '2024-02-14 11:40:47', '2024-02-14 11:54:38'),
(148, 'Name D', '0000-00-00', '', '095 231 2265', '', 1, 2, '', 1, 143, 0, '2024-02-14 11:41:39', '2024-02-14 11:57:06'),
(149, 'Name E', '0000-00-00', '', '062 652 3265', '', 1, 2, '', 1, 144, 0, '2024-02-14 11:44:33', '2024-02-14 11:54:54'),
(150, 'Name F', '0000-00-00', '', '098 458 2216', '', 1, 2, '', 1, 145, 0, '2024-02-14 11:49:20', '2024-02-14 11:55:17'),
(151, 'qqqqqqq', '0000-00-00', '', '', '', 1, 2, '', 1, 146, 0, '2024-05-01 04:50:46', '2024-05-01 04:50:46'),
(152, 'Name A', '0000-00-00', '', '089 452 1154', '', 1, 2, '', 1, 147, 0, '2024-07-03 02:24:02', '2024-07-03 02:24:02'),
(153, 'Name B', '0000-00-00', '', '089 565 4850', '', 1, 2, '', 1, 148, 0, '2024-07-03 02:24:47', '2024-07-03 02:24:47'),
(154, 'Name C-1', '0000-00-00', '', '', '', 1, 1, '', 1, 149, 0, '2024-07-03 02:27:06', '2024-07-03 02:27:06'),
(155, 'Name C-2', '0000-00-00', '', '', '', 1, 1, '', 0, 149, 0, '2024-07-03 02:27:06', '2024-07-03 02:27:06'),
(156, 'aaaa', '0000-00-00', '', '', '', 1, 2, '', 1, 150, 0, '2024-07-03 03:01:56', '2024-07-03 03:01:56'),
(157, 'aaaaaa', '0000-00-00', '', '', '', 1, 0, '', 1, 151, 0, '2024-07-21 02:41:45', '2024-08-14 20:01:11'),
(158, 'qqqqqqq', '0000-00-00', '', '5555555555', '', 1, 0, '', 1, 152, 0, '2024-07-22 07:11:48', '2024-08-14 20:04:21'),
(159, 'Name B1', '0000-00-00', '', '089 015 8848', '', 1, 0, '', 1, 153, 0, '2024-07-24 16:01:19', '2024-07-24 19:41:14'),
(160, 'Name B2', '0000-00-00', '', '', '', 1, 0, '', 0, 153, 0, '2024-07-24 16:01:19', '2024-07-24 19:41:14'),
(161, 'Name D1', '0000-00-00', '', '+662163250015', '', 1, 0, '', 1, 154, 195, '2024-07-24 16:23:17', '2024-07-24 16:53:35'),
(162, 'Name D2', '0000-00-00', '', '', '', 1, 0, '', 0, 154, 195, '2024-07-24 16:23:17', '2024-07-24 16:53:35'),
(163, 'Name D1', '0000-00-00', '', '+662163250015', '', 1, 2, '', 1, 155, 0, '2024-07-24 16:24:07', '2024-07-24 16:24:07'),
(164, 'Name D2', '0000-00-00', '', '', '', 1, 2, '', 0, 155, 0, '2024-07-24 16:24:07', '2024-07-24 16:24:07'),
(165, 'Name U1', '0000-00-00', '', '089 485 0088', '', 1, 1, '', 1, 160, 0, '2024-07-29 18:37:47', '2024-09-22 11:09:41'),
(166, 'Name U2', '0000-00-00', '', '', '', 1, 0, '', 0, 160, 182, '2024-07-29 18:37:47', '2024-07-29 18:37:47'),
(167, 'Name I1', '0000-00-00', '', '087 985 9969', '', 1, 1, '', 1, 161, 0, '2024-07-29 18:40:03', '2024-09-18 10:21:31'),
(168, 'Name A-2', '0000-00-00', '', '089 485 0058', '', 1, 1, '', 1, 162, 0, '2024-08-27 17:18:50', '2024-09-12 20:10:32'),
(169, 'Name B-2', '0000-00-00', '', '', '', 1, 0, '', 0, 162, 182, '2024-08-27 17:18:50', '2024-09-04 16:04:40'),
(170, 'Name C-2', '0000-00-00', '', '', '', 2, 0, '', 0, 162, 182, '2024-08-27 17:18:50', '2024-09-04 16:04:40'),
(171, 'Name A-3', '0000-00-00', '', '089 959 0018', '', 1, 0, '', 1, 163, 211, '2024-08-27 17:30:02', '2024-08-30 11:54:17'),
(172, 'Name B-3', '0000-00-00', '', '', '', 1, 0, '', 0, 163, 211, '2024-08-27 17:30:02', '2024-08-30 11:54:17'),
(173, 'Name C-3', '0000-00-00', '', '', '', 3, 0, '', 0, 163, 211, '2024-08-27 17:30:02', '2024-08-30 11:54:17'),
(174, 'Name F1', '0000-00-00', '', '089 598 0689', '', 1, 1, '', 1, 164, 0, '2024-08-29 11:49:00', '2024-09-16 19:21:19'),
(175, 'Name A1', '0000-00-00', '', '', '', 1, 0, '', 0, 164, 0, '2024-08-29 11:49:00', '2024-09-04 15:15:51'),
(176, 'Name A', '0000-00-00', '', '', '', 1, 1, '', 1, 165, 0, '2024-09-04 17:21:31', '2024-09-22 11:04:25'),
(177, 'Name 5', '0000-00-00', '', '', '', 1, 1, '', 1, 166, 0, '2024-09-04 17:23:57', '2024-09-22 11:04:15'),
(178, 'คุณซี', '0000-00-00', '', '089 234 1159', '', 1, 1, '', 1, 167, 0, '2024-09-12 13:17:30', '2024-10-03 11:01:18'),
(179, 'Name E', '0000-00-00', '', '097 843 0900', '', 1, 1, '', 1, 168, 0, '2024-09-13 16:56:19', '2024-09-22 11:09:51'),
(180, 'Name on transfer', '0000-00-00', '', '0947189221', '', 1, 0, '', 1, 169, 0, '2024-09-22 11:31:30', '2024-09-22 11:31:30'),
(181, 'Name on transfer 1', '0000-00-00', '', '0968547781', '', 1, 1, '', 1, 170, 0, '2024-09-22 11:36:00', '2024-09-22 16:00:28'),
(182, 'Name!p', '0000-00-00', '', '0984583244', '', 1, 0, '', 1, 171, 0, '2024-09-26 12:16:45', '2024-09-26 12:16:45');

-- --------------------------------------------------------

--
-- Table structure for table `days`
--

CREATE TABLE `days` (
  `id` int(11) NOT NULL,
  `name` varchar(100) COLLATE utf8mb4_unicode_ci NOT NULL,
  `name_eng` varchar(100) COLLATE utf8mb4_unicode_ci NOT NULL,
  `created_at` datetime NOT NULL
) ENGINE=InnoDB DEFAULT CHARSET=utf8mb4 COLLATE=utf8mb4_unicode_ci;

--
-- Dumping data for table `days`
--

INSERT INTO `days` (`id`, `name`, `name_eng`, `created_at`) VALUES
(1, 'อาทิตย์', 'Sunday', '2021-12-09 07:32:35'),
(2, 'จันทร์', 'Monday', '2021-12-09 07:32:35'),
(3, 'อังคาร', 'Tuesday', '2021-12-09 07:32:35'),
(4, 'พุธ', 'Wednesday', '2021-12-09 07:32:35'),
(5, 'พฤหัสบดี', 'Thursday', '2021-12-09 07:32:35'),
(6, 'ศุกร์', 'Friday', '2021-12-09 07:32:35'),
(7, 'เสาร์', 'Saturday', '2021-12-09 07:32:35');

-- --------------------------------------------------------

--
-- Table structure for table `department`
--

CREATE TABLE `department` (
  `id` int(11) NOT NULL,
  `name` varchar(100) COLLATE utf8_unicode_ci NOT NULL,
  `refcode` varchar(100) COLLATE utf8_unicode_ci NOT NULL,
  `slug` varchar(100) COLLATE utf8_unicode_ci NOT NULL,
  `is_approved` int(11) NOT NULL,
  `is_deleted` int(11) NOT NULL,
  `created_at` datetime NOT NULL,
  `updated_at` datetime NOT NULL
) ENGINE=InnoDB DEFAULT CHARSET=utf8 COLLATE=utf8_unicode_ci;

--
-- Dumping data for table `department`
--

INSERT INTO `department` (`id`, `name`, `refcode`, `slug`, `is_approved`, `is_deleted`, `created_at`, `updated_at`) VALUES
(1, 'Sale', '001', '001', 1, 0, '2022-08-31 14:11:46', '2022-08-31 14:11:46'),
(2, 'Account', '002', '002', 1, 0, '2022-08-31 14:12:01', '2022-08-31 14:12:01'),
(3, 'Reservation', '003', '003', 1, 0, '2022-11-23 10:36:37', '2022-11-23 10:36:37'),
(4, 'Operator', '004', '004', 1, 0, '2022-11-23 10:36:37', '2022-11-23 10:36:37');

-- --------------------------------------------------------

--
-- Table structure for table `drivers`
--

CREATE TABLE `drivers` (
  `id` int(11) NOT NULL,
  `id_card` varchar(13) COLLATE utf8mb4_unicode_ci NOT NULL,
  `name` varchar(50) COLLATE utf8mb4_unicode_ci NOT NULL,
  `telephone` varchar(50) COLLATE utf8mb4_unicode_ci NOT NULL,
  `address` text COLLATE utf8mb4_unicode_ci NOT NULL,
  `sex` int(11) NOT NULL,
  `birth_date` date NOT NULL,
  `issue_date` date NOT NULL,
  `expire_date` date NOT NULL,
  `pic` varchar(50) COLLATE utf8mb4_unicode_ci NOT NULL,
  `pic_dl` varchar(50) COLLATE utf8mb4_unicode_ci NOT NULL,
  `is_approved` int(11) NOT NULL DEFAULT 0,
  `is_deleted` int(11) NOT NULL DEFAULT 0,
  `created_at` datetime NOT NULL DEFAULT current_timestamp(),
  `updated_at` datetime NOT NULL DEFAULT current_timestamp()
) ENGINE=InnoDB DEFAULT CHARSET=utf8mb4 COLLATE=utf8mb4_unicode_ci;

--
-- Dumping data for table `drivers`
--

INSERT INTO `drivers` (`id`, `id_card`, `name`, `telephone`, `address`, `sex`, `birth_date`, `issue_date`, `expire_date`, `pic`, `pic_dl`, `is_approved`, `is_deleted`, `created_at`, `updated_at`) VALUES
(1, '', 'เบญ', '', '', 1, '2023-01-04', '2023-01-04', '2023-01-04', '', '', 1, 0, '2023-01-04 06:11:36', '2023-01-04 06:11:50'),
(2, '', 'พล', '', '', 1, '2023-01-04', '2023-01-04', '2023-01-04', '', '', 1, 0, '2023-01-04 06:12:21', '2023-01-04 06:12:21'),
(3, '', 'สอง', '', '', 1, '2023-01-04', '2023-01-04', '2023-01-04', '', '', 1, 0, '2023-01-04 06:12:38', '2023-01-04 06:12:38'),
(4, '', 'อ๊อด', '', '', 1, '2023-01-04', '2023-01-04', '2023-01-04', '', '', 1, 0, '2023-01-04 06:13:03', '2023-01-04 06:13:03'),
(5, '', 'นาฮีม', '', '', 1, '2023-01-04', '2023-01-04', '2023-01-04', '', '', 1, 0, '2023-01-04 06:13:19', '2024-07-24 18:28:43'),
(6, '', 'ลุงพล', '', '', 0, '0000-00-00', '0000-00-00', '0000-00-00', '', '', 1, 0, '2024-07-24 18:54:21', '2024-07-24 18:54:21'),
(7, '', 'ลุงนงค์', '', '', 0, '0000-00-00', '0000-00-00', '0000-00-00', '', '', 1, 0, '2024-07-24 18:59:11', '2024-07-24 18:59:11'),
(8, '', 'ลุงนงค์', '', '', 0, '0000-00-00', '0000-00-00', '0000-00-00', '', '', 1, 0, '2024-07-24 18:59:29', '2024-07-24 18:59:29'),
(9, '', 'น้านูล', '', '', 0, '0000-00-00', '0000-00-00', '0000-00-00', '', '', 1, 0, '2024-07-24 21:01:19', '2024-07-24 21:01:19'),
(10, '', 'Jon Stewart Doe', '6019521325', '1600 Amphitheatre Parkway\r\nApartment 1', 1, '1989-07-19', '2024-07-25', '2024-07-25', '', '', 1, 0, '2024-07-25 13:20:06', '2024-07-25 13:23:11');

-- --------------------------------------------------------

--
-- Table structure for table `drivers_assistant`
--

CREATE TABLE `drivers_assistant` (
  `id` int(11) NOT NULL,
  `id_card` varchar(13) COLLATE utf8mb4_unicode_ci NOT NULL,
  `first_name` varchar(50) COLLATE utf8mb4_unicode_ci NOT NULL,
  `last_name` varchar(50) COLLATE utf8mb4_unicode_ci NOT NULL,
  `nickname` varchar(50) COLLATE utf8mb4_unicode_ci NOT NULL,
  `telephone` varchar(50) COLLATE utf8mb4_unicode_ci NOT NULL,
  `address` text COLLATE utf8mb4_unicode_ci NOT NULL,
  `sex` int(11) NOT NULL,
  `birth_date` date NOT NULL,
  `pic` varchar(50) COLLATE utf8mb4_unicode_ci NOT NULL,
  `is_approved` int(11) NOT NULL DEFAULT 0,
  `is_deleted` int(11) NOT NULL DEFAULT 0,
  `created_at` datetime NOT NULL DEFAULT current_timestamp(),
  `updated_at` datetime NOT NULL DEFAULT current_timestamp()
) ENGINE=InnoDB DEFAULT CHARSET=utf8mb4 COLLATE=utf8mb4_unicode_ci;

-- --------------------------------------------------------

--
-- Table structure for table `extra_charges`
--

CREATE TABLE `extra_charges` (
  `id` int(11) NOT NULL,
  `name` varchar(200) COLLATE utf8mb4_unicode_ci NOT NULL,
  `unit` varchar(50) COLLATE utf8mb4_unicode_ci NOT NULL,
  `rate_adult` double(9,2) NOT NULL,
  `rate_child` double(9,2) NOT NULL,
  `rate_infant` double(9,2) NOT NULL,
  `rate_total` double(9,2) NOT NULL,
  `detail` text COLLATE utf8mb4_unicode_ci NOT NULL,
  `pic` varchar(50) COLLATE utf8mb4_unicode_ci NOT NULL,
  `is_approved` int(11) NOT NULL DEFAULT 0,
  `is_deleted` int(11) NOT NULL DEFAULT 0,
  `created_at` datetime NOT NULL,
  `updated_at` datetime NOT NULL
) ENGINE=InnoDB DEFAULT CHARSET=utf8mb4 COLLATE=utf8mb4_unicode_ci;

--
-- Dumping data for table `extra_charges`
--

INSERT INTO `extra_charges` (`id`, `name`, `unit`, `rate_adult`, `rate_child`, `rate_infant`, `rate_total`, `detail`, `pic`, `is_approved`, `is_deleted`, `created_at`, `updated_at`) VALUES
(1, 'เรือหางยาว', 'ลำ', 400.00, 400.00, 400.00, 1800.00, '', '', 1, 0, '2023-09-01 06:08:26', '2023-09-28 06:18:19'),
(2, 'FIN', 'คู่', 0.00, 0.00, 0.00, 150.00, '', '', 1, 0, '2023-09-01 06:28:58', '2023-09-28 06:18:51'),
(3, 'เลื่อนวัน', '', 200.00, 200.00, 200.00, 0.00, '', '', 1, 0, '2023-09-01 06:29:45', '2023-09-01 06:29:45'),
(4, 'อาหาร', '', 300.00, 250.00, 0.00, 0.00, '', '', 1, 0, '2023-09-01 06:30:16', '2023-09-01 06:30:16'),
(5, 'กระเป่า', 'ใบ', 0.00, 0.00, 0.00, 100.00, '', '', 1, 0, '2023-09-01 06:31:08', '2023-09-28 06:19:00'),
(6, 'รถตู้ Private', '', 0.00, 0.00, 0.00, 1600.00, '', '', 1, 0, '2023-09-01 06:31:47', '2023-09-01 06:31:47'),
(7, 'เกาะไข่', '', 0.00, 0.00, 0.00, 10.00, '', '', 1, 0, '2023-09-01 06:32:26', '2023-09-01 06:32:26'),
(8, 'ไกด์อังกฤษ', 'คน', 0.00, 0.00, 0.00, 1500.00, '', '', 1, 0, '2023-09-01 06:32:54', '2023-09-28 06:19:24'),
(9, 'ไกด์จีน ', 'คน', 0.00, 0.00, 0.00, 1800.00, '', '', 1, 0, '2023-09-01 06:33:07', '2023-09-28 06:19:16'),
(10, 'อุทยานพีพี', '', 400.00, 200.00, 0.00, 0.00, '', '', 1, 0, '2023-09-01 07:46:13', '2023-09-01 07:46:13'),
(11, 'อุทยานเจมส์บอน', '', 300.00, 150.00, 0.00, 0.00, '', '', 1, 0, '2023-09-01 07:46:28', '2023-09-01 07:46:28'),
(12, 'อุทยานสิมิลัน ', '', 500.00, 300.00, 0.00, 0.00, '', '', 1, 0, '2023-09-01 07:46:46', '2023-09-01 07:46:46'),
(13, 'เรือหางยาว/เหมาลำ', '', 0.00, 0.00, 0.00, 1800.00, '', '', 0, 1, '2023-09-27 02:35:56', '2023-09-28 06:18:13');

-- --------------------------------------------------------

--
-- Table structure for table `guides`
--

CREATE TABLE `guides` (
  `id` int(11) NOT NULL,
  `name` varchar(100) COLLATE utf8mb4_unicode_ci NOT NULL,
  `telephone` varchar(50) COLLATE utf8mb4_unicode_ci NOT NULL,
  `pic` varchar(50) COLLATE utf8mb4_unicode_ci NOT NULL,
  `is_approved` int(11) NOT NULL DEFAULT 0,
  `is_deleted` int(11) NOT NULL DEFAULT 0,
  `created_at` datetime NOT NULL DEFAULT current_timestamp(),
  `updated_at` datetime NOT NULL DEFAULT current_timestamp()
) ENGINE=InnoDB DEFAULT CHARSET=utf8mb4 COLLATE=utf8mb4_unicode_ci;

--
-- Dumping data for table `guides`
--

INSERT INTO `guides` (`id`, `name`, `telephone`, `pic`, `is_approved`, `is_deleted`, `created_at`, `updated_at`) VALUES
(1, 'แหวน', '080 036 3301', '', 1, 0, '2023-09-01 05:37:13', '2023-09-01 05:37:13'),
(2, 'บังโสม', '096 637 1212', '', 1, 0, '2023-09-01 05:38:18', '2023-09-01 05:38:18'),
(3, 'มิกซ์ (FL)', '088 636 1476', '', 1, 0, '2023-09-01 05:38:59', '2023-09-01 05:38:59'),
(4, 'เต้', '093 578 3309', '', 1, 0, '2023-09-01 05:39:21', '2023-09-01 05:39:21'),
(5, 'เบสท์', '099 406 8898', '', 1, 0, '2023-09-01 05:39:58', '2023-09-01 05:39:58'),
(6, 'Worm FL', '', '', 1, 0, '2023-09-01 05:40:42', '2023-09-01 05:40:42'),
(7, 'Mos FL', '', '', 1, 0, '2023-09-01 05:40:55', '2023-09-01 05:40:55'),
(8, 'Mos FL', '', '', 0, 1, '2023-09-01 05:41:02', '2023-09-01 05:42:48'),
(9, 'พีค FL', '', '', 1, 0, '2023-09-01 05:41:26', '2023-09-01 05:41:26'),
(10, 'ปีเตอร์ FL จีน', '', '', 1, 0, '2023-09-01 05:41:57', '2023-09-01 05:41:57'),
(11, 'Path FL', '', '', 1, 0, '2023-09-01 05:42:15', '2023-09-01 05:42:15'),
(12, 'น้องจี', '', '', 1, 0, '2024-07-24 18:54:21', '2024-07-24 18:54:21'),
(13, 'พี่กุ๊ก', '', '', 1, 0, '2024-07-24 18:59:11', '2024-07-24 18:59:11'),
(14, 'พี่กุ๊ก', '', '', 1, 0, '2024-07-24 18:59:29', '2024-07-24 18:59:29'),
(15, 'พี่เก๋', '', '', 1, 0, '2024-07-24 21:01:19', '2024-07-24 21:01:19'),
(16, 'พี่นา', '', '', 1, 0, '2024-07-25 11:15:47', '2024-07-25 11:15:47'),
(17, 'คุณแดน', '', '', 1, 0, '2024-08-29 13:49:59', '2024-08-29 13:49:59');

-- --------------------------------------------------------

--
-- Table structure for table `guide_language`
--

CREATE TABLE `guide_language` (
  `id` int(11) NOT NULL,
  `guide_id` int(11) NOT NULL,
  `language_id` int(11) NOT NULL,
  `created_at` datetime NOT NULL DEFAULT current_timestamp()
) ENGINE=InnoDB DEFAULT CHARSET=utf8mb4 COLLATE=utf8mb4_unicode_ci;

--
-- Dumping data for table `guide_language`
--

INSERT INTO `guide_language` (`id`, `guide_id`, `language_id`, `created_at`) VALUES
(1, 1, 1, '2023-09-01 05:37:13'),
(2, 1, 2, '2023-09-01 05:37:13'),
(3, 1, 3, '2023-09-01 05:37:13'),
(4, 1, 4, '2023-09-01 05:37:13'),
(5, 2, 1, '2023-09-01 05:38:18'),
(6, 2, 2, '2023-09-01 05:38:18'),
(7, 2, 3, '2023-09-01 05:38:18'),
(8, 2, 4, '2023-09-01 05:38:19'),
(9, 3, 1, '2023-09-01 05:38:59'),
(10, 3, 2, '2023-09-01 05:38:59'),
(11, 3, 3, '2023-09-01 05:38:59'),
(12, 3, 4, '2023-09-01 05:38:59'),
(13, 4, 1, '2023-09-01 05:39:21'),
(14, 4, 2, '2023-09-01 05:39:21'),
(15, 4, 3, '2023-09-01 05:39:21'),
(16, 4, 4, '2023-09-01 05:39:22'),
(17, 5, 1, '2023-09-01 05:39:58'),
(18, 5, 2, '2023-09-01 05:39:58'),
(19, 5, 3, '2023-09-01 05:39:58'),
(20, 5, 4, '2023-09-01 05:39:58'),
(21, 6, 1, '2023-09-01 05:40:42'),
(22, 6, 2, '2023-09-01 05:40:43'),
(23, 6, 3, '2023-09-01 05:40:43'),
(24, 6, 4, '2023-09-01 05:40:43'),
(25, 8, 1, '2023-09-01 05:41:02'),
(26, 8, 2, '2023-09-01 05:41:02'),
(27, 8, 3, '2023-09-01 05:41:02'),
(28, 8, 4, '2023-09-01 05:41:03'),
(29, 9, 1, '2023-09-01 05:41:27'),
(30, 9, 2, '2023-09-01 05:41:27'),
(31, 9, 3, '2023-09-01 05:41:27'),
(32, 9, 4, '2023-09-01 05:41:27'),
(33, 10, 1, '2023-09-01 05:41:57'),
(34, 10, 2, '2023-09-01 05:41:57'),
(35, 10, 3, '2023-09-01 05:41:57'),
(36, 10, 4, '2023-09-01 05:41:57'),
(37, 11, 1, '2023-09-01 05:42:15'),
(38, 11, 2, '2023-09-01 05:42:15'),
(39, 11, 3, '2023-09-01 05:42:15'),
(40, 11, 4, '2023-09-01 05:42:15');

-- --------------------------------------------------------

--
-- Table structure for table `history_booking`
--

CREATE TABLE `history_booking` (
  `id` int(11) NOT NULL,
  `history_type` varchar(225) COLLATE utf8mb4_unicode_ci NOT NULL,
  `bookings_id` int(11) NOT NULL,
  `bookings_number` int(11) NOT NULL,
  `booking_status_id` int(11) NOT NULL,
  `description` text COLLATE utf8mb4_unicode_ci NOT NULL,
  `users` int(11) NOT NULL,
  `ip_address` varchar(225) COLLATE utf8mb4_unicode_ci NOT NULL,
  `created_at` datetime NOT NULL
) ENGINE=InnoDB DEFAULT CHARSET=utf8mb4 COLLATE=utf8mb4_unicode_ci;

-- --------------------------------------------------------

--
-- Table structure for table `history_type`
--

CREATE TABLE `history_type` (
  `id` int(11) NOT NULL,
  `name` varchar(100) COLLATE utf8mb4_unicode_ci NOT NULL,
  `name_class` varchar(100) COLLATE utf8mb4_unicode_ci NOT NULL
) ENGINE=InnoDB DEFAULT CHARSET=utf8mb4 COLLATE=utf8mb4_unicode_ci;

--
-- Dumping data for table `history_type`
--

INSERT INTO `history_type` (`id`, `name`, `name_class`) VALUES
(1, 'Create', 'badge-light-success'),
(2, 'Edit', 'badge-light-info'),
(3, 'Canceled', 'badge-light-danger');

-- --------------------------------------------------------

--
-- Table structure for table `hotel`
--

CREATE TABLE `hotel` (
  `id` int(11) NOT NULL,
  `name` varchar(150) COLLATE utf8mb4_unicode_ci NOT NULL,
  `name_th` varchar(150) COLLATE utf8mb4_unicode_ci NOT NULL,
  `address` text COLLATE utf8mb4_unicode_ci NOT NULL,
  `telephone` varchar(50) COLLATE utf8mb4_unicode_ci NOT NULL,
  `email` varchar(120) COLLATE utf8mb4_unicode_ci NOT NULL,
  `zone_id` int(11) NOT NULL,
  `is_approved` int(11) NOT NULL DEFAULT 1,
  `is_deleted` int(11) NOT NULL DEFAULT 0,
  `created_at` datetime NOT NULL,
  `updated_at` datetime NOT NULL
) ENGINE=InnoDB DEFAULT CHARSET=utf8mb4 COLLATE=utf8mb4_unicode_ci;

--
-- Dumping data for table `hotel`
--

INSERT INTO `hotel` (`id`, `name`, `name_th`, `address`, `telephone`, `email`, `zone_id`, `is_approved`, `is_deleted`, `created_at`, `updated_at`) VALUES
(1, 'WESTIN SIRAY BAY RESORT AND SPA PHUKET เดอะ เวสทิน สิเหร่ เบย์ รีสอร์ท แอนด์ สปา ภูเก็ต', 'WESTIN SIRAY BAY RESORT AND SPA PHUKET เดอะ เวสทิน สิเหร่ เบย์ รีสอร์ท แอนด์ สปา ภูเก็ต', '', '', '', 1, 1, 0, '2023-09-01 04:55:02', '2023-09-01 04:55:02'),
(2, 'The Tide Beachfront  Siray  Phuket เดอะ ไทย์', 'The Tide Beachfront  Siray  Phuket เดอะ ไทย์', '', '', '', 1, 1, 0, '2023-09-01 04:55:02', '2023-09-01 04:55:02'),
(3, 'BOAT LAGOON RESORT โบ๊ทลากูน ภูเก็ต รีสอร์ท', 'BOAT LAGOON RESORT โบ๊ทลากูน ภูเก็ต รีสอร์ท', '', '', '', 2, 1, 0, '2023-09-01 04:55:02', '2023-09-01 04:55:02'),
(4, 'CORAL ISLAND RESORT คอรัล ไอส์แลนด์ รีสอร์ท', 'CORAL ISLAND RESORT คอรัล ไอส์แลนด์ รีสอร์ท', '', '', '', 2, 0, 1, '2023-09-01 04:55:02', '2023-09-22 05:42:16'),
(5, 'METROPOLE HOTEL, PHUKET โรงแรมเมโทรโพลภูเก็ต', 'METROPOLE HOTEL, PHUKET โรงแรมเมโทรโพลภูเก็ต', '', '', '', 2, 0, 1, '2023-09-01 04:55:02', '2023-09-22 05:55:45'),
(6, 'MILLENNIUM AUTO GROUP CO.,LTD. มิลเลนเนียม ออโต้ กรุ๊ป สาขาภูเก็ต', 'MILLENNIUM AUTO GROUP CO.,LTD. มิลเลนเนียม ออโต้ กรุ๊ป สาขาภูเก็ต', '', '', '', 2, 0, 1, '2023-09-01 04:55:02', '2023-09-22 05:58:17'),
(7, 'NOVOTEL PHUKET CITY PHOKEETHRA โรงแรมโนโวเทล ภูเก็ต ซิตี้ โภคีธรา', 'NOVOTEL PHUKET CITY PHOKEETHRA โรงแรมโนโวเทล ภูเก็ต ซิตี้ โภคีธรา', '', '', '', 2, 1, 0, '2023-09-01 04:55:02', '2023-09-01 04:55:02'),
(8, 'THE PAGO DESIGN PHUKETโรงแรม เดอะ พาโก้ ดีไซด์ ภูเก็ต', 'THE PAGO DESIGN PHUKETโรงแรม เดอะ พาโก้ ดีไซด์ ภูเก็ต', '', '', '', 2, 0, 1, '2023-09-01 04:55:02', '2023-09-22 06:47:53'),
(9, 'PEARL HOTEL โรงแรมเพิร์ล', 'PEARL HOTEL โรงแรมเพิร์ล', '', '', '', 2, 1, 0, '2023-09-01 04:55:03', '2023-09-01 04:55:03'),
(10, 'PHUKET MERLIN HOTEL โรงแรม ภูเก็ตเมอร์ลิน', 'PHUKET MERLIN HOTEL โรงแรม ภูเก็ตเมอร์ลิน', '', '', '', 2, 0, 1, '2023-09-01 04:55:03', '2023-09-22 06:07:19'),
(11, 'RAMADA PLAZA CHAO FAH รามาดา พลาซ่า เจ้าฟ้า', 'RAMADA PLAZA CHAO FAH รามาดา พลาซ่า เจ้าฟ้า', '', '', '', 2, 1, 0, '2023-09-01 04:55:03', '2023-09-01 04:55:03'),
(12, 'RECENTA PHUKET SUANLUANG รีเซนต้า ภูเก็ต สวนหลวง', 'RECENTA PHUKET SUANLUANG รีเซนต้า ภูเก็ต สวนหลวง', '', '', '', 2, 1, 0, '2023-09-01 04:55:03', '2023-09-01 04:55:03'),
(13, 'RECENTA STYLE PHUKET TOWN รีเซนต้า สไตล์ ภูเก็ตทาวน์', 'RECENTA STYLE PHUKET TOWN รีเซนต้า สไตล์ ภูเก็ตทาวน์', '', '', '', 2, 1, 0, '2023-09-01 04:55:03', '2023-09-01 04:55:03'),
(14, 'RECENTA SUITE PHUKET SUANLUANG รีเซนต้า สวีท ภูเก็ต สวนหลวง', 'RECENTA SUITE PHUKET SUANLUANG รีเซนต้า สวีท ภูเก็ต สวนหลวง', '', '', '', 2, 1, 0, '2023-09-01 04:55:03', '2023-09-01 04:55:03'),
(15, 'ROYAL PHUKET CITY HOTEL โรงแรมรอยัลภูเก็ตซิตี้', 'ROYAL PHUKET CITY HOTEL โรงแรมรอยัลภูเก็ตซิตี้', '', '', '', 2, 1, 0, '2023-09-01 04:55:03', '2023-09-01 04:55:03'),
(16, 'SEABED GRAND HOTEL PHUKET โรงแรมซีเบด แกรนด์ ภูเก็ต ', 'SEABED GRAND HOTEL PHUKET โรงแรมซีเบด แกรนด์ ภูเก็ต ', '', '', '', 2, 0, 1, '2023-09-01 04:55:03', '2023-09-22 06:18:12'),
(17, 'SINO HOUSE ซิโนเฮาส์', 'SINO HOUSE ซิโนเฮาส์', '', '', '', 2, 0, 1, '2023-09-01 04:55:03', '2023-09-22 06:19:01'),
(18, 'TINT @ PHUKET TOWN เดอะ ทินท์ แอท ภูเก็ตทาวน์', 'TINT @ PHUKET TOWN เดอะ ทินท์ แอท ภูเก็ตทาวน์', '', '', '', 2, 1, 0, '2023-09-01 04:55:03', '2023-09-01 04:55:03'),
(19, 'VILLAGE COCONUT ISLAND เดอะ วิลเลจ โคโคนัท ไอส์แลนด์', 'VILLAGE COCONUT ISLAND เดอะ วิลเลจ โคโคนัท ไอส์แลนด์', '', '', '', 2, 0, 1, '2023-09-01 04:55:03', '2023-09-22 07:51:53'),
(20, 'WEB CONNECTION CO.,LTD. เว็บ คอนเน็คชั่น จำกัด', 'WEB CONNECTION CO.,LTD. เว็บ คอนเน็คชั่น จำกัด', '', '', '', 2, 0, 1, '2023-09-01 04:55:03', '2023-09-22 07:50:58'),
(21, '99 OLDTOWN BOUTIQUE GUESTHOUSE 99 โอลด์ทาวน์ บูติค เกสต์เฮ้าส์', '99 OLDTOWN BOUTIQUE GUESTHOUSE 99 โอลด์ทาวน์ บูติค เกสต์เฮ้าส์', '', '', '', 2, 1, 0, '2023-09-01 04:55:03', '2023-09-01 04:55:03'),
(22, 'Ang Pao Hotel อั่งเปา โฮเทล', 'Ang Pao Hotel อั่งเปา โฮเทล', '', '', '', 2, 0, 1, '2023-09-01 04:55:03', '2023-09-22 05:25:27'),
(23, 'Bhukitta Boutique Hotel บูกิตตา บูทีค โฮเทล', 'Bhukitta Boutique Hotel บูกิตตา บูทีค โฮเทล', '', '', '', 2, 1, 0, '2023-09-01 04:55:03', '2023-09-01 04:55:03'),
(24, 'Bloo Hostel Phuket บลู โฮสเทล ภูเก็ต', 'Bloo Hostel Phuket บลู โฮสเทล ภูเก็ต', '', '', '', 2, 1, 0, '2023-09-01 04:55:03', '2023-09-01 04:55:03'),
(25, 'Blu Monkey Bed & Breakfast บลู มังกี้ เบด แอนด์ เบรคฟาสต์ ภูเก็ต', 'Blu Monkey Bed & Breakfast บลู มังกี้ เบด แอนด์ เบรคฟาสต์ ภูเก็ต', '', '', '', 2, 1, 0, '2023-09-01 04:55:03', '2023-09-01 04:55:03'),
(26, 'Blu Monkey Boutique Phuket Town บลูมังกี้ บูทิก ภูเก็ตทาวน์', 'Blu Monkey Boutique Phuket Town บลูมังกี้ บูทิก ภูเก็ตทาวน์', '', '', '', 2, 1, 0, '2023-09-01 04:55:03', '2023-09-01 04:55:03'),
(27, 'Blu Monkey Hub & Hotel Phuket บลูมังกี้ ฮับ แอนด์ โฮเทล ภูเก็ต', 'Blu Monkey Hub & Hotel Phuket บลูมังกี้ ฮับ แอนด์ โฮเทล ภูเก็ต', '', '', '', 2, 1, 0, '2023-09-01 04:55:03', '2023-09-01 04:55:03'),
(28, 'BOAT LAGOON RESORT โบ๊ทลากูน ภูเก็ต รีสอร์ท', 'BOAT LAGOON RESORT โบ๊ทลากูน ภูเก็ต รีสอร์ท', '', '', '', 2, 0, 1, '2023-09-01 04:55:03', '2023-09-22 05:34:02'),
(29, 'Book a Bed Poshtel บุ๊ค อะ เบด พอช เทล', 'Book a Bed Poshtel บุ๊ค อะ เบด พอช เทล', '', '', '', 2, 1, 0, '2023-09-01 04:55:03', '2023-09-01 04:55:03'),
(30, 'CA Hotel and Residence ซีเอ โฮเทล แอนด์ เรสซิเดนซ์ ', 'CA Hotel and Residence ซีเอ โฮเทล แอนด์ เรสซิเดนซ์ ', '', '', '', 2, 1, 0, '2023-09-01 04:55:03', '2023-09-01 04:55:03'),
(31, 'Casa blanca Boutique hotel คาซาบลังกา บูติก โฮเต็ล', 'Casa blanca Boutique hotel คาซาบลังกา บูติก โฮเต็ล', '', '', '', 2, 1, 0, '2023-09-01 04:55:03', '2023-09-01 04:55:03'),
(32, 'Chino Town at Yaowarat Phuket ชิโนทาวน์ แอท เยาวราช ภูเก็ต', 'Chino Town at Yaowarat Phuket ชิโนทาวน์ แอท เยาวราช ภูเก็ต', '', '', '', 2, 1, 0, '2023-09-01 04:55:04', '2023-09-01 04:55:04'),
(33, 'Chino Town Gallery Alley ชิโนทาวน์ แกลเลอรี แอลลีย์', 'Chino Town Gallery Alley ชิโนทาวน์ แกลเลอรี แอลลีย์', '', '', '', 2, 1, 0, '2023-09-01 04:55:04', '2023-09-01 04:55:04'),
(34, 'CHINOTEL โรงแรม ชิโนเทล', 'CHINOTEL โรงแรม ชิโนเทล', '', '', '', 2, 1, 0, '2023-09-01 04:55:04', '2023-09-01 04:55:04'),
(35, 'Courtyard by Marriott Phuket Town คอร์ทยาร์ด แมริออท ภูเก็ต ทาวน์', 'Courtyard by Marriott Phuket Town คอร์ทยาร์ด แมริออท ภูเก็ต ทาวน์', '', '', '', 2, 1, 0, '2023-09-01 04:55:04', '2023-09-01 04:55:04'),
(36, 'Ecoloft Hotel อีโคลอฟต์ โฮเต็ล', 'Ecoloft Hotel อีโคลอฟต์ โฮเต็ล', '', '', '', 2, 1, 0, '2023-09-01 04:55:04', '2023-09-01 04:55:04'),
(37, 'FULFILL HOSTEL ฟูลฟิล ภูเก็ต โฮสเทล', 'FULFILL HOSTEL ฟูลฟิล ภูเก็ต โฮสเทล', '', '', '', 2, 1, 0, '2023-09-01 04:55:04', '2023-09-01 04:55:04'),
(38, 'Grand Supicha City Hotel โรงแรมแกรนด์ สุพิชฌาย์ ซิตี้ ', 'Grand Supicha City Hotel โรงแรมแกรนด์ สุพิชฌาย์ ซิตี้ ', '', '', '', 2, 1, 0, '2023-09-01 04:55:04', '2023-09-01 04:55:04'),
(39, 'Greenleaf Hostel กรีน ลีฟ โฮสเทล ', 'Greenleaf Hostel กรีน ลีฟ โฮสเทล ', '', '', '', 2, 1, 0, '2023-09-01 04:55:04', '2023-09-01 04:55:04'),
(40, 'I Pavilion Hotel Phuket โรงแรมไอ พาวิลเลี่ยน ภูเก็ต', 'I Pavilion Hotel Phuket โรงแรมไอ พาวิลเลี่ยน ภูเก็ต', '', '', '', 2, 1, 0, '2023-09-01 04:55:04', '2023-09-01 04:55:04'),
(41, 'ibis Styles Phuket City ไอบิส สไตล์ ภูเก็ต ซีตี้', 'ibis Styles Phuket City ไอบิส สไตล์ ภูเก็ต ซีตี้', '', '', '', 2, 1, 0, '2023-09-01 04:55:04', '2023-09-01 04:55:04'),
(42, 'Ideo Phuket Hotel โรงแรมไอดีโอ ภูเก็ต', 'Ideo Phuket Hotel โรงแรมไอดีโอ ภูเก็ต', '', '', '', 2, 1, 0, '2023-09-01 04:55:04', '2023-09-01 04:55:04'),
(43, 'lamoon resotel โรงแรมลามูนรีโซเทล', 'lamoon resotel โรงแรมลามูนรีโซเทล', '', '', '', 2, 1, 0, '2023-09-01 04:55:04', '2023-09-01 04:55:04'),
(44, 'Lub Sbuy House Hotel โรงแรม หลับสบายเฮ้าส์ โฮเทล', 'Lub Sbuy House Hotel โรงแรม หลับสบายเฮ้าส์ โฮเทล', '', '', '', 2, 1, 0, '2023-09-01 04:55:04', '2023-09-01 04:55:04'),
(45, 'Mayfa Hotel โรงแรมเมธ์ฟ้า', 'Mayfa Hotel โรงแรมเมธ์ฟ้า', '', '', '', 2, 0, 1, '2023-09-01 04:55:04', '2023-09-22 05:57:47'),
(46, 'MEI ZHOU PHUKET HOTEL โรงแรมเหม่ยโจว ภูเก็ต ', 'MEI ZHOU PHUKET HOTEL โรงแรมเหม่ยโจว ภูเก็ต ', '', '', '', 2, 1, 0, '2023-09-01 04:55:04', '2023-09-01 04:55:04'),
(47, 'Modern Thai Suites Hotel โมเดิร์นไทย สวีท', 'Modern Thai Suites Hotel โมเดิร์นไทย สวีท', '', '', '', 2, 1, 0, '2023-09-01 04:55:04', '2023-09-01 04:55:04'),
(48, 'My stays phuket มายสเตย์ ภูเก็ต ', 'My stays phuket มายสเตย์ ภูเก็ต ', '', '', '', 2, 1, 0, '2023-09-01 04:55:04', '2023-09-01 04:55:04'),
(49, 'Phuketa Hotel โรงแรมภูคีตา ', 'Phuketa Hotel โรงแรมภูคีตา ', '', '', '', 2, 1, 0, '2023-09-01 04:55:04', '2023-09-01 04:55:04'),
(50, 'PRIME TOWN POSH & PORT HOTEL PHUKET ไพรม์ ทาวน์ - พอร์ช แอนด์ พอร์ต โฮเต็ล ภูเก็ต ', 'PRIME TOWN POSH & PORT HOTEL PHUKET ไพรม์ ทาวน์ - พอร์ช แอนด์ พอร์ต โฮเต็ล ภูเก็ต ', '', '', '', 2, 1, 0, '2023-09-01 04:55:04', '2023-09-01 04:55:04'),
(51, 'Ratana Hotel Rassada โรงแรมรัตนา รัษฎา ', 'Ratana Hotel Rassada โรงแรมรัตนา รัษฎา ', '', '', '', 2, 1, 0, '2023-09-01 04:55:04', '2023-09-01 04:55:04'),
(52, 'Ratana Hotel Sakdidet โรงแรมรัตนา ศักดิเดช', 'Ratana Hotel Sakdidet โรงแรมรัตนา ศักดิเดช', '', '', '', 2, 1, 0, '2023-09-01 04:55:04', '2023-09-01 04:55:04'),
(53, 'Rome Place Hotel โรงแรมโรมเพลส ภูเก็ต', 'Rome Place Hotel โรงแรมโรมเพลส ภูเก็ต', '', '', '', 2, 0, 1, '2023-09-01 04:55:04', '2023-09-22 06:16:49'),
(54, 'Seabed Grand Hotel Phuket ซีเบด แกรนด์ โฮเทล ภูเก็ต', 'Seabed Grand Hotel Phuket ซีเบด แกรนด์ โฮเทล ภูเก็ต', '', '', '', 2, 1, 0, '2023-09-01 04:55:04', '2023-09-01 04:55:04'),
(55, 'Sino House Phuket โรงแรมชิโนเฮ้าส์ ', 'Sino House Phuket โรงแรมชิโนเฮ้าส์ ', '', '', '', 2, 1, 0, '2023-09-01 04:55:05', '2023-09-01 04:55:05'),
(56, 'Sino Imperial Phuket  Hotel ชิโน อิมพีเรียล ภูเก็ต โฮเทล', 'Sino Imperial Phuket  Hotel ชิโน อิมพีเรียล ภูเก็ต โฮเทล', '', '', '', 2, 1, 0, '2023-09-01 04:55:05', '2023-09-01 04:55:05'),
(57, 'Sino Inn Phuket Hotel โรงแรมชิโน อินน์', 'Sino Inn Phuket Hotel โรงแรมชิโน อินน์', '', '', '', 2, 1, 0, '2023-09-01 04:55:05', '2023-09-01 04:55:05'),
(58, 'Sleep Sheep Phuket สลีปชีป ภูเก็ต โฮสเทล', 'Sleep Sheep Phuket สลีปชีป ภูเก็ต โฮสเทล', '', '', '', 2, 1, 0, '2023-09-01 04:55:05', '2023-09-01 04:55:05'),
(59, 'Sound Gallery House ซาวด์ แกลเลอรี เฮาส์ ', 'Sound Gallery House ซาวด์ แกลเลอรี เฮาส์ ', '', '', '', 2, 0, 1, '2023-09-01 04:55:05', '2023-09-22 06:19:37'),
(60, 'SP Mansion Hotel โรงแรม เอสพี แมนชั่น', 'SP Mansion Hotel โรงแรม เอสพี แมนชั่น', '', '', '', 2, 1, 0, '2023-09-01 04:55:05', '2023-09-01 04:55:05'),
(61, 'Supicha pool access hotel สุพิชฌาย์ พูล แอคเซส โฮเต็ล ', 'Supicha pool access hotel สุพิชฌาย์ พูล แอคเซส โฮเต็ล ', '', '', '', 2, 1, 0, '2023-09-01 04:55:05', '2023-09-01 04:55:05'),
(62, 'The Arbern Hotel x Bistro ดิ อาร์เบิร์น โฮเทล x บิสโทร', 'The Arbern Hotel x Bistro ดิ อาร์เบิร์น โฮเทล x บิสโทร', '', '', '', 2, 1, 0, '2023-09-01 04:55:05', '2023-09-01 04:55:05'),
(63, 'The Besavana Phuket Hotel เดอะ บีสวาน่า ภูเก็ต ', 'The Besavana Phuket Hotel เดอะ บีสวาน่า ภูเก็ต ', '', '', '', 2, 1, 0, '2023-09-01 04:55:05', '2023-09-01 04:55:05'),
(64, 'The Blanket Hotel เดอะ แบล็งเก็ต โฮเต็ล ', 'The Blanket Hotel เดอะ แบล็งเก็ต โฮเต็ล ', '', '', '', 2, 1, 0, '2023-09-01 04:55:05', '2023-09-01 04:55:05'),
(65, 'The Malika Hotel โรงแรมเดอะ มาลิกา ', 'The Malika Hotel โรงแรมเดอะ มาลิกา ', '', '', '', 2, 1, 0, '2023-09-01 04:55:05', '2023-09-01 04:55:05'),
(66, 'The Memory At On On Hotel โรงแรมเดอะเมมโมรี แอท ออนออน ', 'The Memory At On On Hotel โรงแรมเดอะเมมโมรี แอท ออนออน ', '', '', '', 2, 1, 0, '2023-09-01 04:55:05', '2023-09-01 04:55:05'),
(67, 'The Pago Design Hotel โรงแรม เดอะ พาโก้ ดีไซด์ ภูเก็ต', 'The Pago Design Hotel โรงแรม เดอะ พาโก้ ดีไซด์ ภูเก็ต', '', '', '', 2, 1, 0, '2023-09-01 04:55:05', '2023-09-01 04:55:05'),
(68, 'The Topaz Residence เดอะ โทแพ็ส เรสซิเดนซ์', 'The Topaz Residence เดอะ โทแพ็ส เรสซิเดนซ์', '', '', '', 2, 1, 0, '2023-09-01 04:55:05', '2023-09-01 04:55:05'),
(69, 'VAPA HOTEL วาปา โฮเทล', 'VAPA HOTEL วาปา โฮเทล', '', '', '', 2, 1, 0, '2023-09-01 04:55:05', '2023-09-01 04:55:05'),
(70, 'Xinlor House ซินหล่อ เฮ้า', 'Xinlor House ซินหล่อ เฮ้า', '', '', '', 2, 1, 0, '2023-09-01 04:55:05', '2023-09-01 04:55:05'),
(71, 'ARECA RESORT & SPA อาริกา รีสอร์ต แอนด์ สปา', 'ARECA RESORT & SPA อาริกา รีสอร์ต แอนด์ สปา', '', '', '', 3, 1, 0, '2023-09-01 04:55:05', '2023-09-01 04:55:05'),
(72, 'PRINCE OF SONGKLA UNIVERSITY, PHUKET CAMPUS มหาวิทยาลัยสงขลานครินทร์ วิทยาเขตภูเก็ต', 'PRINCE OF SONGKLA UNIVERSITY, PHUKET CAMPUS มหาวิทยาลัยสงขลานครินทร์ วิทยาเขตภูเก็ต', '', '', '', 3, 1, 0, '2023-09-01 04:55:05', '2023-09-01 04:55:05'),
(73, 'The Palms Residence เดอะ ปาล์ม เรสซิเดนซ์ ', 'The Palms Residence เดอะ ปาล์ม เรสซิเดนซ์ ', '', '', '', 3, 1, 0, '2023-09-01 04:55:05', '2023-09-01 04:55:05'),
(74, 'The Par Phuket โรงแรมเดอะพาร์ ภูเก็ต', 'The Par Phuket โรงแรมเดอะพาร์ ภูเก็ต', '', '', '', 3, 1, 0, '2023-09-01 04:55:05', '2023-09-01 04:55:05'),
(75, 'THE RACHA เดอะ ราชา', 'THE RACHA เดอะ ราชา', '', '', '', 4, 0, 1, '2023-09-01 04:55:05', '2023-09-22 06:48:30'),
(76, 'Anchan Boutique Hotel อัญชัน บูติค โฮเทล', 'Anchan Boutique Hotel อัญชัน บูติค โฮเทล', '', '', '', 4, 1, 0, '2023-09-01 04:55:06', '2023-09-01 04:55:06'),
(77, 'Aochalong Villa Resort & Spa อ่าวฉลอง วิลล่า รีสอร์ท แอนด์ วิลล่า', 'Aochalong Villa Resort & Spa อ่าวฉลอง วิลล่า รีสอร์ท แอนด์ วิลล่า', '', '', '', 4, 1, 0, '2023-09-01 04:55:06', '2023-09-01 04:55:06'),
(78, 'Arch39 Beachfront Phuket อาร์ค39 ภูเก็ต บีชฟรอนต์ ภูเก็ต', 'Arch39 Beachfront Phuket อาร์ค39 ภูเก็ต บีชฟรอนต์ ภูเก็ต', '', '', '', 4, 1, 0, '2023-09-01 04:55:06', '2023-09-01 04:55:06'),
(79, 'Baba House Hotel โรงแรมบาบ๋าเฮ้าส์', 'Baba House Hotel โรงแรมบาบ๋าเฮ้าส์', '', '', '', 4, 1, 0, '2023-09-01 04:55:06', '2023-09-01 04:55:06'),
(80, 'COCO VILLE PHUKET RESORT โคโค่วิลล์ ภูเก็ต รีสอร์ท ', 'COCO VILLE PHUKET RESORT โคโค่วิลล์ ภูเก็ต รีสอร์ท ', '', '', '', 4, 0, 1, '2023-09-01 04:55:06', '2023-09-22 05:41:43'),
(81, 'Phuket Marine Poshtel ภูเก็ต มารีน พอชเทล', 'Phuket Marine Poshtel ภูเก็ต มารีน พอชเทล', '', '', '', 4, 0, 1, '2023-09-01 04:55:06', '2023-09-22 06:05:57'),
(82, 'The Blue Hotel โรงแรมเดอะ บลู ', 'The Blue Hotel โรงแรมเดอะ บลู ', '', '', '', 4, 1, 0, '2023-09-01 04:55:06', '2023-09-01 04:55:06'),
(83, 'THE ELYSIUM RESIDENCE ดิ เอลิเซียม เรสซิเดนซ์', 'THE ELYSIUM RESIDENCE ดิ เอลิเซียม เรสซิเดนซ์', '', '', '', 4, 0, 1, '2023-09-01 04:55:06', '2023-09-22 06:22:52'),
(84, 'The Lake Chalong Resort Phuket เดอะ เลค ฉลอง รีสอร์ท', 'The Lake Chalong Resort Phuket เดอะ เลค ฉลอง รีสอร์ท', '', '', '', 4, 1, 0, '2023-09-01 04:55:06', '2023-09-01 04:55:06'),
(85, 'The Racha เดอะราชา', 'The Racha เดอะราชา', '', '', '', 4, 0, 1, '2023-09-01 04:55:06', '2023-09-22 06:49:08'),
(86, 'The Thames Pool Access Resort   เดอะ เทมส์ พูลแอคเซส รีสอร์ท', 'The Thames Pool Access Resort   เดอะ เทมส์ พูลแอคเซส รีสอร์ท', '', '', '', 4, 0, 1, '2023-09-01 04:55:06', '2023-09-22 06:56:32'),
(87, 'Villa Zolitude Resort & Spa  วิลล่า โซนิจูด', 'Villa Zolitude Resort & Spa  วิลล่า โซนิจูด', '', '', '', 4, 1, 0, '2023-09-01 04:55:06', '2023-09-01 04:55:06'),
(88, 'Vipa House - Phuket  วิภา เฮ้า', 'Vipa House - Phuket  วิภา เฮ้า', '', '', '', 4, 0, 1, '2023-09-01 04:55:06', '2023-09-22 07:02:35'),
(89, 'Wanawalai Luxury Villa วนาวลัย ลักซ์ชัวรี วิลล่า', 'Wanawalai Luxury Villa วนาวลัย ลักซ์ชัวรี วิลล่า', '', '', '', 4, 0, 1, '2023-09-01 04:55:06', '2023-09-22 07:51:32'),
(90, 'MISSION HILLS PHUKET GOLF RESORT มิชชั่น ฮิลล์ ภูเก็ต กอล์ฟ รีสอร์ท', 'MISSION HILLS PHUKET GOLF RESORT มิชชั่น ฮิลล์ ภูเก็ต กอล์ฟ รีสอร์ท', '', '', '', 5, 0, 1, '2023-09-01 04:55:06', '2023-09-22 05:55:21'),
(91, 'NAKA ISLAND นาคา ไอส์แลนด์ ', 'NAKA ISLAND นาคา ไอส์แลนด์ ', '', '', '', 5, 0, 1, '2023-09-01 04:55:06', '2023-09-22 05:59:33'),
(92, 'SUPALAI SCENIC BAY RESORT & SPA ศุภาลัย ซีนิค เบย์ รีสอร์ท แอนด์ สปา', 'SUPALAI SCENIC BAY RESORT & SPA ศุภาลัย ซีนิค เบย์ รีสอร์ท แอนด์ สปา', '', '', '', 5, 0, 1, '2023-09-01 04:55:06', '2023-09-22 06:21:29'),
(93, 'THANYAPURA RETREAT ธัญญปุระ รีเทรด', 'THANYAPURA RETREAT ธัญญปุระ รีเทรด', '', '', '', 5, 1, 0, '2023-09-01 04:55:06', '2023-09-01 04:55:06'),
(94, 'THANYAPURA SPORTS HOTEL ธัญญปุระ สปอร์ต', 'THANYAPURA SPORTS HOTEL ธัญญปุระ สปอร์ต', '', '', '', 5, 1, 0, '2023-09-01 04:55:06', '2023-09-01 04:55:06'),
(95, '8IK88 RESORT 8IK88 รีสอร์ท', '8IK88 RESORT 8IK88 รีสอร์ท', '', '', '', 5, 0, 1, '2023-09-01 04:55:06', '2023-09-22 05:24:19'),
(96, 'Boutique Resort บูติค รีสอร์ท', 'Boutique Resort บูติค รีสอร์ท', '', '', '', 5, 0, 1, '2023-09-01 04:55:06', '2023-09-22 05:36:05'),
(97, 'CASADA SUITTE Pool Villas คาซาดา สวีท พูลวิลลา', 'CASADA SUITTE Pool Villas คาซาดา สวีท พูลวิลลา', '', '', '', 5, 0, 1, '2023-09-01 04:55:06', '2023-09-22 05:40:07'),
(98, 'Chandara Resort & Spa จันทร์ดารา รีสอร์ท แอนด์ สปา ', 'Chandara Resort & Spa จันทร์ดารา รีสอร์ท แอนด์ สปา ', '', '', '', 5, 0, 1, '2023-09-01 04:55:07', '2023-09-22 05:41:12'),
(99, 'COMO Point Yamu โคโม พอยท์ ยามู', 'COMO Point Yamu โคโม พอยท์ ยามู', '', '', '', 5, 1, 0, '2023-09-01 04:55:07', '2023-09-01 04:55:07'),
(100, 'Gold chariot โกลด์ ชาริออท', 'Gold chariot โกลด์ ชาริออท', '', '', '', 5, 0, 1, '2023-09-01 04:55:07', '2023-09-22 05:44:32'),
(101, 'Hanuman V.I.P Hostel หนุมาน วีไอพี โฮสเทล ', 'Hanuman V.I.P Hostel หนุมาน วีไอพี โฮสเทล ', '', '', '', 5, 0, 1, '2023-09-01 04:55:07', '2023-09-22 05:46:06'),
(102, 'Poolrada Boutique Hotel พูลรดา บูทีค โฮเทล ', 'Poolrada Boutique Hotel พูลรดา บูทีค โฮเทล ', '', '', '', 5, 0, 1, '2023-09-01 04:55:07', '2023-09-22 06:07:50'),
(103, 'Rattana Residence Thalang รัตนา เรสซิเดนซ์ ถลาง', 'Rattana Residence Thalang รัตนา เรสซิเดนซ์ ถลาง', '', '', '', 5, 0, 1, '2023-09-01 04:55:07', '2023-09-22 06:09:32'),
(104, 'Supalai Scenic Bay Resort And Spa ศุภาลัย ซีนิค เบย์ รีสอร์ท แอนด์ สปา ', 'Supalai Scenic Bay Resort And Spa ศุภาลัย ซีนิค เบย์ รีสอร์ท แอนด์ สปา ', '', '', '', 5, 1, 0, '2023-09-01 04:55:07', '2023-09-01 04:55:07'),
(105, 'Thanyapura Sports and Health Resort ธัญญปุระ สปอร์ต แอนด์ เฮลท์ รีสอร์ท ', 'Thanyapura Sports and Health Resort ธัญญปุระ สปอร์ต แอนด์ เฮลท์ รีสอร์ท ', '', '', '', 5, 1, 0, '2023-09-01 04:55:07', '2023-09-01 04:55:07'),
(106, 'The Naka Island, A Luxury Collection Resort & Spa, Phuket เดอะ นาคา ไอส์แลนด์ อะ ลักชัวรี คอลเลกชั่น รีสอร์ต แอนด์ สปา ภูเก็ต', 'The Naka Island, A Luxury Collection Resort & Spa, Phuket เดอะ นาคา ไอส์แลนด์ อะ ลักชัวรี คอลเลกชั่น รีสอร์ต แอนด์ สปา ภูเก็ต', '', '', '', 5, 0, 1, '2023-09-01 04:55:07', '2023-09-22 06:45:15'),
(107, 'The Rubber Hotel  เดอะ รับเบอร์ โฮเทล', 'The Rubber Hotel  เดอะ รับเบอร์ โฮเทล', '', '', '', 5, 0, 1, '2023-09-01 04:55:07', '2023-09-22 06:50:35'),
(108, 'Villa Amaravida  วิลล่า  อมาราวิดา', 'Villa Amaravida  วิลล่า  อมาราวิดา', '', '', '', 5, 0, 1, '2023-09-01 04:55:07', '2023-09-22 07:02:00'),
(109, 'Villa Leelawadee วิลล่า ลีลาวดี', 'Villa Leelawadee วิลล่า ลีลาวดี', '', '', '', 5, 0, 1, '2023-09-01 04:55:07', '2023-09-22 07:52:48'),
(110, 'Villa Padma  วิลล่า พาดม่า', 'Villa Padma  วิลล่า พาดม่า', '', '', '', 5, 0, 1, '2023-09-01 04:55:07', '2023-09-22 07:52:32'),
(111, 'Villa Sawarin   วิลล่า ซาวาริน', 'Villa Sawarin   วิลล่า ซาวาริน', '', '', '', 5, 0, 1, '2023-09-01 04:55:07', '2023-09-22 07:52:07'),
(112, 'Yipmunta  ยิปมันตรา', 'Yipmunta  ยิปมันตรา', '', '', '', 5, 0, 1, '2023-09-01 04:55:07', '2023-09-22 07:02:49'),
(113, 'V Villas Phuket  วี  วิลล่า ภูเก็ต', 'V Villas Phuket  วี  วิลล่า ภูเก็ต', '', '', '', 6, 1, 0, '2023-09-01 04:55:07', '2023-09-01 04:55:07'),
(114, 'ANDAMAN WHITE BEACH RESORT อันดามัน ไวท์ บีช รีสอร์ท', 'ANDAMAN WHITE BEACH RESORT อันดามัน ไวท์ บีช รีสอร์ท', '', '', '', 7, 1, 0, '2023-09-01 04:55:07', '2023-09-01 04:55:07'),
(115, 'DOUBLE TREE BY HILTON PHUKET BANTHAI RESORT ดับเบิ้ลทรี บาย ฮิลตัน ภูเก็ต บ้านไทย รีสอร์ท', 'DOUBLE TREE BY HILTON PHUKET BANTHAI RESORT ดับเบิ้ลทรี บาย ฮิลตัน ภูเก็ต บ้านไทย รีสอร์ท', '', '', '', 7, 0, 1, '2023-09-01 04:55:07', '2023-09-22 05:43:58'),
(116, 'Casa Sakoo Resort คาซา สาคู รีสอร์ท', 'Casa Sakoo Resort คาซา สาคู รีสอร์ท', '', '', '', 7, 0, 1, '2023-09-01 04:55:07', '2023-09-22 05:38:38'),
(117, 'Naithonburi Beach Resort ในทอน บุรี บีช รีสอร์ท ', 'Naithonburi Beach Resort ในทอน บุรี บีช รีสอร์ท ', '', '', '', 7, 1, 0, '2023-09-01 04:55:07', '2023-09-01 04:55:07'),
(118, 'PULLMAN PHUKET ARCADIA NAITHON BEACH พูลแมน ภูเก็ต อาเคเดีย ในทอน บีช รีสอร์ท', 'PULLMAN PHUKET ARCADIA NAITHON BEACH พูลแมน ภูเก็ต อาเคเดีย ในทอน บีช รีสอร์ท', '', '', '', 7, 1, 0, '2023-09-01 04:55:07', '2023-09-01 04:55:07'),
(119, 'The lifeco Phuket   เดอะ ลิฟีโก  ภูเก็ต', 'The lifeco Phuket   เดอะ ลิฟีโก  ภูเก็ต', '', '', '', 7, 0, 1, '2023-09-01 04:55:08', '2023-09-22 06:23:57'),
(120, 'Trisara Phuket', 'ตรีสรา ภูเก็ต', '', '', '', 7, 1, 0, '2023-09-01 04:55:08', '2023-09-22 07:01:28'),
(121, 'Villa Paradiso  วิลล่า พาราดิโซ', 'Villa Paradiso  วิลล่า พาราดิโซ', '', '', '', 7, 0, 1, '2023-09-01 04:55:08', '2023-09-22 07:52:21'),
(122, 'DEWA PHUKET RESORT & VILLAS  โรงแรมเดวาภูเก็ต รีสอร์ท แอนด์ วิลล่า', 'DEWA PHUKET RESORT & VILLAS  โรงแรมเดวาภูเก็ต รีสอร์ท แอนด์ วิลล่า', '', '', '', 8, 1, 0, '2023-09-01 04:55:08', '2023-09-01 04:55:08'),
(123, 'NAI YANG BEACH RESORT & SPA ในยางบีช รีสอร์ท แอนด์ สปา', 'NAI YANG BEACH RESORT & SPA ในยางบีช รีสอร์ท แอนด์ สปา', '', '', '', 8, 1, 0, '2023-09-01 04:55:08', '2023-09-01 04:55:08'),
(124, 'PHUKET MARRIOTT RESORT AND SPA NAI YANG BEACH โรงแรมภูเก็ต แมริออท รีสอร์ต แอนด์ สปา หาดในยาง', 'PHUKET MARRIOTT RESORT AND SPA NAI YANG BEACH โรงแรมภูเก็ต แมริออท รีสอร์ต แอนด์ สปา หาดในยาง', '', '', '', 8, 1, 0, '2023-09-01 04:55:08', '2023-09-01 04:55:08'),
(125, 'THE SLATE เดอะซเลท ภูเก็ต', 'THE SLATE เดอะซเลท ภูเก็ต', '', '', '', 8, 0, 1, '2023-09-01 04:55:08', '2023-09-22 06:52:19'),
(126, 'ATOM PHUKET HOTEL อะตอม ภูเก็ต โฮเทล', 'ATOM PHUKET HOTEL อะตอม ภูเก็ต โฮเทล', '', '', '', 8, 1, 0, '2023-09-01 04:55:08', '2023-09-01 04:55:08'),
(127, 'Lesprit de Naiyang เลสปรี เดอ ในยาง', 'Lesprit de Naiyang เลสปรี เดอ ในยาง', '', '', '', 8, 1, 0, '2023-09-01 04:55:08', '2023-09-01 04:55:08'),
(128, 'Marina Express Aviator Phuket Airport มารีนา เอ็กซ์เพรส เอวิเอเตอร์ ภูเก็ต แอร์พอร์ต ', 'Marina Express Aviator Phuket Airport มารีนา เอ็กซ์เพรส เอวิเอเตอร์ ภูเก็ต แอร์พอร์ต ', '', '', '', 8, 1, 0, '2023-09-01 04:55:08', '2023-09-01 04:55:08'),
(129, 'Maya Phuket มายา ภูเก็ต แอร์พอร์ต โฮเต็ล ', 'Maya Phuket มายา ภูเก็ต แอร์พอร์ต โฮเต็ล ', '', '', '', 8, 1, 0, '2023-09-01 04:55:08', '2023-09-01 04:55:08'),
(130, 'NAI YANG PARK RESORT ในยาง พาร์ค รีสอร์ท ', 'NAI YANG PARK RESORT ในยาง พาร์ค รีสอร์ท ', '', '', '', 8, 1, 0, '2023-09-01 04:55:08', '2023-09-22 05:56:42'),
(131, 'PENSIRI HOUSE เพ็ญศิริ เฮาส์ ', 'PENSIRI HOUSE เพ็ญศิริ เฮาส์ ', '', '', '', 8, 0, 1, '2023-09-01 04:55:08', '2023-09-22 06:03:32'),
(132, 'Phuket Airport Place ภูเก็ต แอร์พอร์ท เพลส ', 'Phuket Airport Place ภูเก็ต แอร์พอร์ท เพลส ', '', '', '', 8, 1, 0, '2023-09-01 04:55:08', '2023-09-01 04:55:08'),
(133, 'The Slate Phuket เดอะ ซเลท ภูเก็ต', 'The Slate Phuket เดอะ ซเลท ภูเก็ต', '', '', '', 8, 1, 0, '2023-09-01 04:55:08', '2023-09-01 04:55:08'),
(134, 'Hotel all seasons Naiharn Phuket โรงแรม ออล ซีซั่น ในหาน ภูเก็ต', 'Hotel all seasons Naiharn Phuket โรงแรม ออล ซีซั่น ในหาน ภูเก็ต', '', '', '', 9, 1, 0, '2023-09-01 04:55:08', '2023-09-01 04:55:08'),
(135, 'NAI HARN PHUKET ในหาน ภูเก็ต', 'NAI HARN PHUKET ในหาน ภูเก็ต', '', '', '', 9, 1, 0, '2023-09-01 04:55:08', '2023-09-01 04:55:08'),
(136, 'SUNSURI PHUKET HOTEL สันติ์สุริย์ ภูเก็ต', 'SUNSURI PHUKET HOTEL สันติ์สุริย์ ภูเก็ต', '', '', '', 9, 1, 0, '2023-09-01 04:55:08', '2023-09-01 04:55:08'),
(137, 'Naiharn Beach Resort ในหาน บีช รีสอร์ท ', 'Naiharn Beach Resort ในหาน บีช รีสอร์ท ', '', '', '', 9, 0, 1, '2023-09-01 04:55:08', '2023-09-22 05:55:03'),
(138, 'THE NAI HARN เดอะในหาน ', 'THE NAI HARN เดอะในหาน ', '', '', '', 9, 0, 1, '2023-09-01 04:55:08', '2023-09-22 06:44:07'),
(139, 'Wyndham Grand Nai Harn Beach Phuket วินดอม แกรน ในหาน ภูเก็ต ', 'Wyndham Grand Nai Harn Beach Phuket วินดอม แกรน ในหาน ภูเก็ต ', '', '', '', 9, 1, 0, '2023-09-01 04:55:08', '2023-09-01 04:55:08'),
(140, 'Baan Yin Dee Boutique Resort บ้านยินดี บูทิค รีสอร์ท', 'Baan Yin Dee Boutique Resort บ้านยินดี บูทิค รีสอร์ท', '', '', '', 10, 1, 0, '2023-09-01 04:55:09', '2023-09-01 04:55:09'),
(141, 'PHUKET MARRIOTT RESORT AND SPA , MERLIN BEACH โรงแรมภูเก็ต แมริออท รีสอร์ทแอนด์สปา เมอร์ลินบีช ', 'PHUKET MARRIOTT RESORT AND SPA , MERLIN BEACH โรงแรมภูเก็ต แมริออท รีสอร์ทแอนด์สปา เมอร์ลินบีช ', '', '', '', 10, 1, 0, '2023-09-01 04:55:09', '2023-09-01 04:55:09'),
(142, 'ROSEWOOD PHUKET โรสวูด ภูเก็ต', 'ROSEWOOD PHUKET โรสวูด ภูเก็ต', '', '', '', 10, 1, 0, '2023-09-01 04:55:09', '2023-09-01 04:55:09'),
(143, 'Avista Hideaway Phuket Patong, Mgallery อวิสต้า ไฮด์อเวย์ ภูเก็ต ป่าตอง - เอ็มแกลลอรี', 'Avista Hideaway Phuket Patong, Mgallery อวิสต้า ไฮด์อเวย์ ภูเก็ต ป่าตอง - เอ็มแกลลอรี', '', '', '', 10, 1, 0, '2023-09-01 04:55:09', '2023-09-01 04:55:09'),
(144, 'Baan Yuree Resort บ้าน ยุรี  รีสอร์ท ', 'Baan Yuree Resort บ้าน ยุรี  รีสอร์ท ', '', '', '', 10, 1, 0, '2023-09-01 04:55:09', '2023-09-01 04:55:09'),
(145, 'Crest resort and pool villas เครสท์ รีสอร์ท แอนด์ พูล วิลล่า', 'Crest resort and pool villas เครสท์ รีสอร์ท แอนด์ พูล วิลล่า', '', '', '', 10, 1, 0, '2023-09-01 04:55:09', '2023-09-01 04:55:09'),
(146, 'JW Marriott Phuket Resort & Spa เจดับบลิว แมริออท ภูเก็ต รีสอร์ท แอนด์ สปา', 'JW Marriott Phuket Resort & Spa เจดับบลิว แมริออท ภูเก็ต รีสอร์ท แอนด์ สปา', '', '', '', 11, 0, 1, '2023-09-01 04:55:09', '2023-09-22 05:49:14'),
(147, 'ANANTARA RESORT & SPA PHUKET อนันตรา  รีสอร์ท แอนด์ สปา ภูเก็ต ', 'ANANTARA RESORT & SPA PHUKET อนันตรา  รีสอร์ท แอนด์ สปา ภูเก็ต ', '', '', '', 11, 1, 0, '2023-09-01 04:55:09', '2023-09-01 04:55:09'),
(148, 'HOLIDAY INN RESORT PHUKET MAI KHAO BEACH ฮอลิเดย์ อินน์ รีสอร์ท ภูเก็ต ไม้ขาวบีช', 'HOLIDAY INN RESORT PHUKET MAI KHAO BEACH ฮอลิเดย์ อินน์ รีสอร์ท ภูเก็ต ไม้ขาวบีช', '', '', '', 11, 1, 0, '2023-09-01 04:55:09', '2023-09-01 04:55:09'),
(149, 'MAIKHAO DREAM VILLA RESORT & SPA ไม้ขาว ดรีม วิลลา รีสอร์ท แอนด์ สปา ', 'MAIKHAO DREAM VILLA RESORT & SPA ไม้ขาว ดรีม วิลลา รีสอร์ท แอนด์ สปา ', '', '', '', 11, 1, 0, '2023-09-01 04:55:09', '2023-09-01 04:55:09'),
(150, 'SALA PHUKET MAIKHAO BEACH RESORT ศาลาภูเก็ต ไม้ขาวบีช รีสอร์ท', 'SALA PHUKET MAIKHAO BEACH RESORT ศาลาภูเก็ต ไม้ขาวบีช รีสอร์ท', '', '', '', 11, 0, 1, '2023-09-01 04:55:09', '2023-09-22 06:17:40'),
(151, 'SPLASH BEACH RESORT สแปลช บีช รีสอร์ต ไม้ขาว ภูเก็ต', 'SPLASH BEACH RESORT สแปลช บีช รีสอร์ต ไม้ขาว ภูเก็ต', '', '', '', 11, 1, 0, '2023-09-01 04:55:09', '2023-09-01 04:55:09'),
(152, 'Anantara Vacation Club Mai Khao Phuket อนันตรา เวเคชั่น คลับ ไม้ขาว ภูเก็ต', 'Anantara Vacation Club Mai Khao Phuket อนันตรา เวเคชั่น คลับ ไม้ขาว ภูเก็ต', '', '', '', 11, 1, 0, '2023-09-01 04:55:09', '2023-09-01 04:55:09'),
(153, 'Avani+ Mai Khao Phuket Suites & Villas อวานี พลัส ไม้ขาว ภูเก็ต สวีท แอนด์ วิลล่า', 'Avani+ Mai Khao Phuket Suites & Villas อวานี พลัส ไม้ขาว ภูเก็ต สวีท แอนด์ วิลล่า', '', '', '', 11, 1, 0, '2023-09-01 04:55:09', '2023-09-01 04:55:09'),
(154, 'Coriacea Boutique Resort โคเรียซี บูติค รีสอร์ท', 'Coriacea Boutique Resort โคเรียซี บูติค รีสอร์ท', '', '', '', 11, 0, 1, '2023-09-01 04:55:09', '2023-09-22 05:42:46'),
(155, 'JW Marriott Phuket Resort & Spa เจดับบลิว แมริออท ภูเก็ต รีสอร์ท แอนด์ สปา', 'JW Marriott Phuket Resort & Spa เจดับบลิว แมริออท ภูเก็ต รีสอร์ท แอนด์ สปา', '', '', '', 11, 1, 0, '2023-09-01 04:55:09', '2023-09-01 04:55:09'),
(156, 'Maikhao Home Garden Bungalow ไม้ขาว โฮม การ์เด้น บังกะโล', 'Maikhao Home Garden Bungalow ไม้ขาว โฮม การ์เด้น บังกะโล', '', '', '', 11, 0, 1, '2023-09-01 04:55:09', '2023-09-22 05:54:04'),
(157, 'Maikhao Palm Beach Resort ไม้ขาว ปาล์ม บีช รีสอร์ท ', 'Maikhao Palm Beach Resort ไม้ขาว ปาล์ม บีช รีสอร์ท ', '', '', '', 11, 1, 0, '2023-09-01 04:55:09', '2023-09-01 04:55:09'),
(158, 'Renaissance Phuket Resort & Spa เรเนซองส์ ภูเก็ต รีสอร์ต แอนด์ สปา', 'Renaissance Phuket Resort & Spa เรเนซองส์ ภูเก็ต รีสอร์ต แอนด์ สปา', '', '', '', 11, 1, 0, '2023-09-01 04:55:09', '2023-09-01 04:55:09'),
(159, 'SALA Phuket Mai Khao Beach ศาลา ภูเก็ต ไม้ขาว บีช', 'SALA Phuket Mai Khao Beach ศาลา ภูเก็ต ไม้ขาว บีช', '', '', '', 11, 1, 0, '2023-09-01 04:55:09', '2023-09-01 04:55:09'),
(160, 'Hyatt Regency Phuket Resort ไฮแอท รีเจนซี่ ภูเก็ต รีสอร์ท', 'Hyatt Regency Phuket Resort ไฮแอท รีเจนซี่ ภูเก็ต รีสอร์ท', '', '', '', 12, 1, 0, '2023-09-01 04:55:10', '2023-09-01 04:55:10'),
(161, 'AQUAMARINE RESORT & VILLA อความารีน รีสอร์ท แอนด์ สปา', 'AQUAMARINE RESORT & VILLA อความารีน รีสอร์ท แอนด์ สปา', '', '', '', 12, 1, 0, '2023-09-01 04:55:10', '2023-09-01 04:55:10'),
(162, 'AYARA VILLAS ไอยรา วิลล่า', 'AYARA VILLAS ไอยรา วิลล่า', '', '', '', 12, 1, 0, '2023-09-01 04:55:10', '2023-09-01 04:55:10'),
(163, 'INTERCONTINENTAL PHUKET RESORT อินเตอร์คอนติเนนตัล ภูเก็ต รีสอร์ท', 'INTERCONTINENTAL PHUKET RESORT อินเตอร์คอนติเนนตัล ภูเก็ต รีสอร์ท', '', '', '', 12, 1, 0, '2023-09-01 04:55:10', '2023-09-01 04:55:10'),
(164, 'KEEMALA กีมาลา', 'KEEMALA กีมาลา', '', '', '', 12, 1, 0, '2023-09-01 04:55:10', '2023-09-01 04:55:10'),
(165, 'Andara Resort and Villas อันดาร่า รีสอร์ท แอนด์ วิลล่า', 'Andara Resort and Villas อันดาร่า รีสอร์ท แอนด์ วิลล่า', '', '', '', 12, 1, 0, '2023-09-01 04:55:10', '2023-09-01 04:55:10'),
(166, 'Ayara Kamala Resort & Spa โรงแรมไอยรา กมลา รีสอร์ท แอนด์ สปา', 'Ayara Kamala Resort & Spa โรงแรมไอยรา กมลา รีสอร์ท แอนด์ สปา', '', '', '', 12, 1, 0, '2023-09-01 04:55:10', '2023-09-01 04:55:10'),
(167, 'Baanchomview Kamala Hotel บ้านชมวิว กมลา ', 'Baanchomview Kamala Hotel บ้านชมวิว กมลา ', '', '', '', 12, 1, 0, '2023-09-01 04:55:10', '2023-09-01 04:55:10'),
(168, 'Buk inn Hotel โรงแรมบุ๊ค อินน์', 'Buk inn Hotel โรงแรมบุ๊ค อินน์', '', '', '', 12, 1, 0, '2023-09-01 04:55:10', '2023-09-01 04:55:10'),
(169, 'Cape Sienna Phuket Gourmet Hotel & Villas เคป เซียนนา กูร์เมต์ โฮเต็ล แอนด์ วิลลา', 'Cape Sienna Phuket Gourmet Hotel & Villas เคป เซียนนา กูร์เมต์ โฮเต็ล แอนด์ วิลลา', '', '', '', 12, 1, 0, '2023-09-01 04:55:10', '2023-09-01 04:55:10'),
(170, 'Chabana Resort ชบาน่า รีสอร์ท ', 'Chabana Resort ชบาน่า รีสอร์ท ', '', '', '', 12, 1, 0, '2023-09-01 04:55:10', '2023-09-01 04:55:10'),
(171, 'Hyatt Regency Phuket Resort ไฮแอท รีเจนซี่ ภูเก็ต รีสอร์ท', 'Hyatt Regency Phuket Resort ไฮแอท รีเจนซี่ ภูเก็ต รีสอร์ท', '', '', '', 12, 0, 1, '2023-09-01 04:55:10', '2023-09-22 05:48:37'),
(172, 'Kamala Beach Estate กมลา บีช เอสเตท', 'Kamala Beach Estate กมลา บีช เอสเตท', '', '', '', 12, 1, 0, '2023-09-01 04:55:10', '2023-09-01 04:55:10'),
(173, 'Kamala Beach Hotel กมลา บีช โฮเต็ล', 'Kamala Beach Hotel กมลา บีช โฮเต็ล', '', '', '', 12, 1, 0, '2023-09-01 04:55:10', '2023-09-01 04:55:10'),
(174, 'Kamala Beach Residence กมลา บีช เรสซิเดนซ์', 'Kamala Beach Residence กมลา บีช เรสซิเดนซ์', '', '', '', 12, 1, 0, '2023-09-01 04:55:10', '2023-09-01 04:55:10'),
(175, 'Kamala Resotel กมลา รีโซเทล', 'Kamala Resotel กมลา รีโซเทล', '', '', '', 12, 1, 0, '2023-09-01 04:55:10', '2023-09-01 04:55:10'),
(176, 'Namaka Resort Kamala นามาคา รีสอร์ท กมลา', 'Namaka Resort Kamala นามาคา รีสอร์ท กมลา', '', '', '', 12, 1, 0, '2023-09-01 04:55:10', '2023-09-01 04:55:10'),
(177, 'Novotel Phuket Kamala Beach โรงแรมโนโวเทล ภูเก็ต กมลา บีช', 'Novotel Phuket Kamala Beach โรงแรมโนโวเทล ภูเก็ต กมลา บีช', '', '', '', 12, 1, 0, '2023-09-01 04:55:10', '2023-09-01 04:55:10'),
(178, 'Paresa resort phuket ภารีสา รีสอร์ท ภูเก็ต', 'Paresa resort phuket ภารีสา รีสอร์ท ภูเก็ต', '', '', '', 12, 1, 0, '2023-09-01 04:55:10', '2023-09-01 04:55:10'),
(179, 'The Cool Water เดอะ คูลวอเตอร์ กมลา', 'The Cool Water เดอะ คูลวอเตอร์ กมลา', '', '', '', 12, 1, 0, '2023-09-01 04:55:10', '2023-09-01 04:55:10'),
(180, 'The Naka Phuket เดอะ นาคา ภูเก็ต วิลลา ', 'The Naka Phuket เดอะ นาคา ภูเก็ต วิลลา ', '', '', '', 12, 1, 0, '2023-09-01 04:55:10', '2023-09-01 04:55:10'),
(181, 'The Palms Kamala เดอะ ปาล์ม กมลา ', 'The Palms Kamala เดอะ ปาล์ม กมลา ', '', '', '', 12, 1, 0, '2023-09-01 04:55:10', '2023-09-01 04:55:10'),
(182, 'The Pe La Resort เดอะ เพ ลา รีสอร์ท ภูเก็ต ', 'The Pe La Resort เดอะ เพ ลา รีสอร์ท ภูเก็ต ', '', '', '', 12, 0, 1, '2023-09-01 04:55:11', '2023-09-22 06:46:33'),
(183, 'Villa Analaya  วิลล่า อันลายา', 'Villa Analaya  วิลล่า อันลายา', '', '', '', 12, 0, 1, '2023-09-01 04:55:11', '2023-09-22 07:02:21'),
(184, 'ANDAMAN CANNACIA RESORT & SPA อันดามัน คาเนเซีย รีสอร์ท แอนด์ สปา', 'ANDAMAN CANNACIA RESORT & SPA อันดามัน คาเนเซีย รีสอร์ท แอนด์ สปา', '', '', '', 13, 1, 0, '2023-09-01 04:55:11', '2023-09-01 04:55:11'),
(185, 'BEYOND RESORT KATA บียอนด์  รีสอร์ท กะตะ', 'BEYOND RESORT KATA บียอนด์  รีสอร์ท กะตะ', '', '', '', 13, 1, 0, '2023-09-01 04:55:11', '2023-09-01 04:55:11'),
(186, 'BOATHOUSE ON KATA BEACH โบทเฮ้าส์ ออน กะตะ บีช', 'BOATHOUSE ON KATA BEACH โบทเฮ้าส์ ออน กะตะ บีช', '', '', '', 13, 1, 0, '2023-09-01 04:55:11', '2023-09-01 04:55:11'),
(187, 'CENTARA KATA RESORT PHUKET เซ็นทารา กะตะ  รีสอร์ท ภูเก็ต', 'CENTARA KATA RESORT PHUKET เซ็นทารา กะตะ  รีสอร์ท ภูเก็ต', '', '', '', 13, 1, 0, '2023-09-01 04:55:11', '2023-09-01 04:55:11'),
(188, 'CLUB MEDITERRANEE คลับเมดิแตร์ราเน', 'CLUB MEDITERRANEE คลับเมดิแตร์ราเน', '', '', '', 13, 1, 0, '2023-09-01 04:55:11', '2023-09-01 04:55:11'),
(189, 'KATA ROCKS RESORT กะตะ ร็อค รีสอร์ท', 'KATA ROCKS RESORT กะตะ ร็อค รีสอร์ท', '', '', '', 13, 1, 0, '2023-09-01 04:55:11', '2023-09-01 04:55:11'),
(190, 'KATA SEA BREEZE RESORT กะตะ ซีบรีซ รีสอร์ท', 'KATA SEA BREEZE RESORT กะตะ ซีบรีซ รีสอร์ท', '', '', '', 13, 1, 0, '2023-09-01 04:55:11', '2023-09-01 04:55:11'),
(191, 'KATATHANI PHUKET BEACH RESORT กะตะธานี ภูเก็ต บีช รีสอร์ท', 'KATATHANI PHUKET BEACH RESORT กะตะธานี ภูเก็ต บีช รีสอร์ท', '', '', '', 13, 1, 0, '2023-09-01 04:55:11', '2023-09-01 04:55:11'),
(192, 'MALISA VILLA SUITES มะลิษา วิลล่า สวีท', 'MALISA VILLA SUITES มะลิษา วิลล่า สวีท', '', '', '', 13, 1, 0, '2023-09-01 04:55:11', '2023-09-01 04:55:11'),
(193, 'NOVOTEL PHUKET KATA AVISTA RESORT AND SPA โรงแรม โนโวเทล ภูเก็ต กะตะ อวิสต้า รีสอร์ท แอนด์ สปา', 'NOVOTEL PHUKET KATA AVISTA RESORT AND SPA โรงแรม โนโวเทล ภูเก็ต กะตะ อวิสต้า รีสอร์ท แอนด์ สปา', '', '', '', 13, 1, 0, '2023-09-01 04:55:11', '2023-09-01 04:55:11'),
(194, 'ORCHIDACEA RESORT ออร์คิดเดเซีย รีสอร์ท', 'ORCHIDACEA RESORT ออร์คิดเดเซีย รีสอร์ท', '', '', '', 13, 1, 0, '2023-09-01 04:55:11', '2023-09-01 04:55:11'),
(195, 'PEACH HILL RESORT พีช ฮิลล์ รีสอร์ท', 'PEACH HILL RESORT พีช ฮิลล์ รีสอร์ท', '', '', '', 13, 1, 0, '2023-09-01 04:55:11', '2023-09-01 04:55:11'),
(196, 'THE SIS KATA RESORT เดอะ ซิส กะตะ รีสอร์ท', 'THE SIS KATA RESORT เดอะ ซิส กะตะ รีสอร์ท', '', '', '', 13, 0, 1, '2023-09-01 04:55:11', '2023-09-22 06:51:06'),
(197, 'THE YAMA HOTEL PHUKET เดอะ ยามา โฮเทล ภูเก็ต', 'THE YAMA HOTEL PHUKET เดอะ ยามา โฮเทล ภูเก็ต', '', '', '', 13, 1, 0, '2023-09-01 04:55:11', '2023-09-01 04:55:11'),
(198, 'Aurico Kata Resort & Spa ออริโก้กะตะ รีสอร์ท แอนด์ สปา', 'Aurico Kata Resort & Spa ออริโก้กะตะ รีสอร์ท แอนด์ สปา', '', '', '', 13, 1, 0, '2023-09-01 04:55:11', '2023-09-01 04:55:11'),
(199, 'DOME KATA RESORT โดม กะตะ รีสอร์ท', 'DOME KATA RESORT โดม กะตะ รีสอร์ท', '', '', '', 13, 1, 0, '2023-09-01 04:55:11', '2023-09-01 04:55:11'),
(200, 'Ibis Phuket Kata ไอบิส ภูเก็ต กะตะ', 'Ibis Phuket Kata ไอบิส ภูเก็ต กะตะ', '', '', '', 13, 1, 0, '2023-09-01 04:55:11', '2023-09-01 04:55:11'),
(201, 'Impiana Private Villas Kata Noi อิมเพียน่า ไพรเวท วิลล่า กะตะน้อย', 'Impiana Private Villas Kata Noi อิมเพียน่า ไพรเวท วิลล่า กะตะน้อย', '', '', '', 13, 1, 0, '2023-09-01 04:55:11', '2023-09-01 04:55:11'),
(202, 'Kata Bai D กะตะ บายดี', 'Kata Bai D กะตะ บายดี', '', '', '', 13, 1, 0, '2023-09-01 04:55:11', '2023-09-01 04:55:11'),
(203, 'Kata hill sea view กะตะฮิลล์ ซีวิว', 'Kata hill sea view กะตะฮิลล์ ซีวิว', '', '', '', 13, 0, 1, '2023-09-01 04:55:12', '2023-09-22 05:50:06'),
(204, 'Kata Leaf Rerost กะตะ ลีฟ รีสอร์ท', 'Kata Leaf Rerost กะตะ ลีฟ รีสอร์ท', '', '', '', 13, 1, 0, '2023-09-01 04:55:12', '2023-09-01 04:55:12'),
(205, 'Kata Palm Resort & Spa กะตะ ปาล์ม รีสอร์ท แอนด์ สปา', 'Kata Palm Resort & Spa กะตะ ปาล์ม รีสอร์ท แอนด์ สปา', '', '', '', 13, 1, 0, '2023-09-01 04:55:12', '2023-09-01 04:55:12'),
(206, 'Kata Sun Beach โรงแรมกะตะ ซัน บีช', 'Kata Sun Beach โรงแรมกะตะ ซัน บีช', '', '', '', 13, 1, 0, '2023-09-01 04:55:12', '2023-09-01 04:55:12'),
(207, 'KATA TRANQUIL VILLA กะตะ ทรานควิล วิลล่า', 'KATA TRANQUIL VILLA กะตะ ทรานควิล วิลล่า', '', '', '', 13, 0, 1, '2023-09-01 04:55:12', '2023-09-22 05:50:45'),
(208, 'Katamanda - Villa Amanzi by Elite Havens กะตะมันดา - วิลล่า อะมันซี ', 'Katamanda - Villa Amanzi by Elite Havens กะตะมันดา - วิลล่า อะมันซี ', '', '', '', 13, 0, 1, '2023-09-01 04:55:12', '2023-09-22 05:51:35'),
(209, 'Kata pool side resort Kata beach กะตะ พูลไซด์ รีสอร์ท กะตะ บีช', 'Kata pool side resort Kata beach กะตะ พูลไซด์ รีสอร์ท กะตะ บีช', '', '', '', 13, 1, 0, '2023-09-01 04:55:12', '2023-09-01 04:55:12'),
(210, 'Metadee Concept Hotel โรงแรม เมธาดี คอนเซ็ปต์', 'Metadee Concept Hotel โรงแรม เมธาดี คอนเซ็ปต์', '', '', '', 13, 1, 0, '2023-09-01 04:55:12', '2023-09-01 04:55:12'),
(211, 'Oneloft Hotel โรงแรมวันลอฟต์ ', 'Oneloft Hotel โรงแรมวันลอฟต์ ', '', '', '', 13, 0, 1, '2023-09-01 04:55:12', '2023-09-22 05:58:42'),
(212, 'Sugar Marina Resort-Fashion-Kata Beach ชูการ์ มารีน่า รีสอร์ท แฟชั่น กะตะ บีช', 'Sugar Marina Resort-Fashion-Kata Beach ชูการ์ มารีน่า รีสอร์ท แฟชั่น กะตะ บีช', '', '', '', 13, 1, 0, '2023-09-01 04:55:12', '2023-09-01 04:55:12'),
(213, 'Sugar Marina Resort-Nautical-Kata Beach ชูการ์ มารีน่า รีสอร์ท นอติคอล กะตะ บีช', 'Sugar Marina Resort-Nautical-Kata Beach ชูการ์ มารีน่า รีสอร์ท นอติคอล กะตะ บีช', '', '', '', 13, 1, 0, '2023-09-01 04:55:12', '2023-09-01 04:55:12'),
(214, 'Sugar Marina Resort-Surf-Kata Beach Phuket ชูการ์ มารีน่า โฮเทล-เซิร์ฟ-กะตะบีช', 'Sugar Marina Resort-Surf-Kata Beach Phuket ชูการ์ มารีน่า โฮเทล-เซิร์ฟ-กะตะบีช', '', '', '', 13, 1, 0, '2023-09-01 04:55:12', '2023-09-01 04:55:12'),
(215, 'The Beach Boutique House โรงแรมเดอะ บีช บูติค เฮาส์ ', 'The Beach Boutique House โรงแรมเดอะ บีช บูติค เฮาส์ ', '', '', '', 13, 1, 0, '2023-09-01 04:55:12', '2023-09-01 04:55:12'),
(216, 'The Beach Heights Resort เดอะ บีช ไฮท์ รีสอร์ท ', 'The Beach Heights Resort เดอะ บีช ไฮท์ รีสอร์ท ', '', '', '', 13, 1, 0, '2023-09-01 04:55:12', '2023-09-01 04:55:12'),
(217, 'The Boathouse Phuket เดอะ โบทเฮ้าส์ ภูเก็ต ', 'The Boathouse Phuket เดอะ โบทเฮ้าส์ ภูเก็ต ', '', '', '', 13, 1, 0, '2023-09-01 04:55:12', '2023-09-01 04:55:12'),
(218, 'The Palmery Resort Phuket เดอะ ปาลเมอรี รีสอร์ท', 'The Palmery Resort Phuket เดอะ ปาลเมอรี รีสอร์ท', '', '', '', 13, 1, 0, '2023-09-01 04:55:12', '2023-09-01 04:55:12'),
(219, 'The Sea Galleri by Katathani  เดอะซี แกลอรี่ บาย กะตะธานี', 'The Sea Galleri by Katathani  เดอะซี แกลอรี่ บาย กะตะธานี', '', '', '', 13, 1, 0, '2023-09-01 04:55:12', '2023-09-01 04:55:12'),
(220, 'The Shore at Katathani  เดอะ ชอร์ แอท กะตะธานี', 'The Shore at Katathani  เดอะ ชอร์ แอท กะตะธานี', '', '', '', 13, 1, 0, '2023-09-01 04:55:12', '2023-09-01 04:55:12'),
(221, 'The SIS Kata  เดอะ ซิส กะตะ', 'The SIS Kata  เดอะ ซิส กะตะ', '', '', '', 13, 1, 0, '2023-09-01 04:55:12', '2023-09-01 04:55:12'),
(222, 'ACCESS RESORT & VILLAS   แอคเซส รีสอร์ท แอนด์ วิลล่า', 'ACCESS RESORT & VILLAS   แอคเซส รีสอร์ท แอนด์ วิลล่า', '', '', '', 14, 1, 0, '2023-09-01 04:55:12', '2023-09-01 04:55:12'),
(223, 'ANDAMAN SEAVIEW โรงแรมอันดามันซีวิว', 'ANDAMAN SEAVIEW โรงแรมอันดามันซีวิว', '', '', '', 14, 1, 0, '2023-09-01 04:55:12', '2023-09-01 04:55:12'),
(224, 'AVISTA GRANDE PHUKET KARON, M GALLERY  อวิสต้า แกรนด์ ภูเก็ต กะรน - เอ็มแกลลอรี', 'AVISTA GRANDE PHUKET KARON, M GALLERY  อวิสต้า แกรนด์ ภูเก็ต กะรน - เอ็มแกลลอรี', '', '', '', 14, 0, 1, '2023-09-01 04:55:12', '2023-09-22 05:28:10'),
(225, 'BAAN KARON RESORT บ้านกะรนรีสอร์ท', 'BAAN KARON RESORT บ้านกะรนรีสอร์ท', '', '', '', 14, 1, 0, '2023-09-01 04:55:12', '2023-09-01 04:55:12'),
(226, 'BEST WESTERN PHUKET OCEAN RESORT เบสท์เวสเทิร์น ภูเก็ต โอเชียน รีสอร์ท', 'BEST WESTERN PHUKET OCEAN RESORT เบสท์เวสเทิร์น ภูเก็ต โอเชียน รีสอร์ท', '', '', '', 14, 1, 0, '2023-09-01 04:55:13', '2023-09-01 04:55:13'),
(227, 'BEYOND RESORT KARON บียอนด์  รีสอร์ท กะรน', 'BEYOND RESORT KARON บียอนด์  รีสอร์ท กะรน', '', '', '', 14, 0, 1, '2023-09-01 04:55:13', '2023-09-22 05:31:27'),
(228, 'CENTARA GRAND BEACH RESORT PHUKET เซ็นทารา แกรนด์ บีช รีสอร์ท ภูเก็ต', 'CENTARA GRAND BEACH RESORT PHUKET เซ็นทารา แกรนด์ บีช รีสอร์ท ภูเก็ต', '', '', '', 14, 1, 0, '2023-09-01 04:55:13', '2023-09-01 04:55:13'),
(229, 'CENTARA KARON RESORT PHUKET เซ็นทารา กะรน  รีสอร์ท ภูเก็ต', 'CENTARA KARON RESORT PHUKET เซ็นทารา กะรน  รีสอร์ท ภูเก็ต', '', '', '', 14, 1, 0, '2023-09-01 04:55:13', '2023-09-01 04:55:13'),
(230, 'CENTARA VILLAS PHUKET เซ็นทารา วิลล่า ภูเก็ต', 'CENTARA VILLAS PHUKET เซ็นทารา วิลล่า ภูเก็ต', '', '', '', 14, 1, 0, '2023-09-01 04:55:13', '2023-09-01 04:55:13'),
(231, 'CHANALAI FLORA RESORT โรงแรมชนาลัย ฟลอร่า รีสอร์ท', 'CHANALAI FLORA RESORT โรงแรมชนาลัย ฟลอร่า รีสอร์ท', '', '', '', 14, 1, 0, '2023-09-01 04:55:13', '2023-09-01 04:55:13'),
(232, 'DIAMOND COTTAGE RESORT & SPA ไดมอนด์ คอทเทจ รีสอร์ท แอนด์ สปา ', 'DIAMOND COTTAGE RESORT & SPA ไดมอนด์ คอทเทจ รีสอร์ท แอนด์ สปา ', '', '', '', 14, 1, 0, '2023-09-01 04:55:13', '2023-09-01 04:55:13'),
(233, 'HILTON PHUKET ARCADIA RESORT & SPA โรงแรมฮิลตัน ภูเก็ต อาร์เคเดีย รีสอร์ท แอนด์ สปา', 'HILTON PHUKET ARCADIA RESORT & SPA โรงแรมฮิลตัน ภูเก็ต อาร์เคเดีย รีสอร์ท แอนด์ สปา', '', '', '', 14, 1, 0, '2023-09-01 04:55:13', '2023-09-01 04:55:13'),
(234, 'KARON PHUNAKA RESORT  กะรน ภูนาคา รีสอร์ท', 'KARON PHUNAKA RESORT  กะรน ภูนาคา รีสอร์ท', '', '', '', 14, 1, 0, '2023-09-01 04:55:13', '2023-09-01 04:55:13'),
(235, 'KARON PRINCESS HOTEL โรงแรมกะรน พริ้นเซส', 'KARON PRINCESS HOTEL โรงแรมกะรน พริ้นเซส', '', '', '', 14, 1, 0, '2023-09-01 04:55:13', '2023-09-01 04:55:13'),
(236, 'KARON SEA SANDS RESORT  กะรน ซีแซนด์ รีสอร์ท', 'KARON SEA SANDS RESORT  กะรน ซีแซนด์ รีสอร์ท', '', '', '', 14, 1, 0, '2023-09-01 04:55:13', '2023-09-01 04:55:13'),
(237, 'LE MERIDIEN PHUKET BEACH RESORT เลอ เมอริเดียน ภูเก็ต บีช รีสอร์ท', 'LE MERIDIEN PHUKET BEACH RESORT เลอ เมอริเดียน ภูเก็ต บีช รีสอร์ท', '', '', '', 14, 1, 0, '2023-09-01 04:55:13', '2023-09-01 04:55:13'),
(238, 'MOVENPICK RESORT & SPA KARON BEACH PHUKET เมอเวนพิค รีสอร์ท แอนด์ สปา กะรน บีช ภูเก็ต', 'MOVENPICK RESORT & SPA KARON BEACH PHUKET เมอเวนพิค รีสอร์ท แอนด์ สปา กะรน บีช ภูเก็ต', '', '', '', 14, 1, 0, '2023-09-01 04:55:13', '2023-09-01 04:55:13'),
(239, 'THE OLD PHUKET-KARON BEACH RESORT ดิ โอลด์ ภูเก็ต กะรน บีช รีสอร์ท', 'THE OLD PHUKET-KARON BEACH RESORT ดิ โอลด์ ภูเก็ต กะรน บีช รีสอร์ท', '', '', '', 14, 0, 1, '2023-09-01 04:55:13', '2023-09-22 06:46:04'),
(240, 'RAMADA PHUKET SOUTH SEA รามาดา  ภูเก็ต เซาท์ซี', 'RAMADA PHUKET SOUTH SEA รามาดา  ภูเก็ต เซาท์ซี', '', '', '', 14, 1, 0, '2023-09-01 04:55:13', '2023-09-01 04:55:13'),
(241, 'Avista Grande Phuket Karon Mgallery อวิสต้า แกรนด์ ภูเก็ต กะรน - เอ็มแกลเลอรี่', 'Avista Grande Phuket Karon Mgallery อวิสต้า แกรนด์ ภูเก็ต กะรน - เอ็มแกลเลอรี่', '', '', '', 14, 1, 0, '2023-09-01 04:55:13', '2023-09-01 04:55:13'),
(242, 'Baan Karonburi Resort บ้านกะรนบุรี รีสอร์ท', 'Baan Karonburi Resort บ้านกะรนบุรี รีสอร์ท', '', '', '', 14, 1, 0, '2023-09-01 04:55:13', '2023-09-01 04:55:13'),
(243, 'Dome Resort โดม  รีสอร์ท', 'Dome Resort โดม  รีสอร์ท', '', '', '', 14, 1, 0, '2023-09-01 04:55:13', '2023-09-01 04:55:13'),
(244, 'Hotel IKON Phuket โรงแรมไอคอน ภูเก็ต', 'Hotel IKON Phuket โรงแรมไอคอน ภูเก็ต', '', '', '', 14, 1, 0, '2023-09-01 04:55:13', '2023-09-01 04:55:13'),
(245, 'KARON LIVINGROOM กะรน ลิฟวิ่ง รูม ', 'KARON LIVINGROOM กะรน ลิฟวิ่ง รูม ', '', '', '', 14, 1, 0, '2023-09-01 04:55:13', '2023-09-01 04:55:13'),
(246, 'Mandarava Resort and Spa มันดาราวา รีสอร์ท แอนด์ สปา ', 'Mandarava Resort and Spa มันดาราวา รีสอร์ท แอนด์ สปา ', '', '', '', 14, 1, 0, '2023-09-01 04:55:13', '2023-09-01 04:55:13'),
(247, 'Phuket Golden Sand Inn โรงแรม ภูเก็ตโกลเด้นแซนด์อินน์', 'Phuket Golden Sand Inn โรงแรม ภูเก็ตโกลเด้นแซนด์อินน์', '', '', '', 14, 1, 0, '2023-09-01 04:55:13', '2023-09-01 04:55:13'),
(248, 'Phuket Island View Hotel ภูเก็ต ไอส์แลนด์ วิว รีสอร์ท', 'Phuket Island View Hotel ภูเก็ต ไอส์แลนด์ วิว รีสอร์ท', '', '', '', 14, 1, 0, '2023-09-01 04:55:13', '2023-09-01 04:55:13'),
(249, 'Phuket Orchid Resort and Spa ภูเก็ต ออร์คิด รีสอร์ท แอนด์ สปา', 'Phuket Orchid Resort and Spa ภูเก็ต ออร์คิด รีสอร์ท แอนด์ สปา', '', '', '', 14, 1, 0, '2023-09-01 04:55:14', '2023-09-01 04:55:14'),
(250, 'Sugar Marina Resort-ART-Karon Beach Phuket ชูการ์ มารีน่า รีสอร์ท อาร์ท กะรน บีช', 'Sugar Marina Resort-ART-Karon Beach Phuket ชูการ์ มารีน่า รีสอร์ท อาร์ท กะรน บีช', '', '', '', 14, 1, 0, '2023-09-01 04:55:14', '2023-09-01 04:55:14'),
(251, 'Sugar Palm Grand Hillside โรงแรมชูการ์ ปาล์ม แกรนด์ ฮิลล์ไซด์ ', 'Sugar Palm Grand Hillside โรงแรมชูการ์ ปาล์ม แกรนด์ ฮิลล์ไซด์ ', '', '', '', 14, 1, 0, '2023-09-01 04:55:14', '2023-09-01 04:55:14'),
(252, 'The Front Village โรงแรมเดอะฟรอนท์ วิลเลจ ', 'The Front Village โรงแรมเดอะฟรอนท์ วิลเลจ ', '', '', '', 14, 1, 0, '2023-09-01 04:55:14', '2023-09-01 04:55:14'),
(253, 'The Melody Phuket เดอะ เมโลดี้ ภูเก็ต โฮเทล ', 'The Melody Phuket เดอะ เมโลดี้ ภูเก็ต โฮเทล ', '', '', '', 14, 1, 0, '2023-09-01 04:55:14', '2023-09-01 04:55:14'),
(254, 'The Old Phuket Karon Beach Resort ดิ โอลด์ ภูเก็ต กะรน บีช รีสอร์ท', 'The Old Phuket Karon Beach Resort ดิ โอลด์ ภูเก็ต กะรน บีช รีสอร์ท', '', '', '', 14, 1, 0, '2023-09-01 04:55:14', '2023-09-01 04:55:14'),
(255, 'The Spa Resorts (The Village)  เดอะสปา รีสอร์ท', 'The Spa Resorts (The Village)  เดอะสปา รีสอร์ท', '', '', '', 14, 0, 1, '2023-09-01 04:55:14', '2023-09-22 06:55:53'),
(256, 'Woraburi Phuket Resort & Spa วรบุรี ภูเก็ต รีสอร์ท', 'Woraburi Phuket Resort & Spa วรบุรี ภูเก็ต รีสอร์ท', '', '', '', 14, 1, 0, '2023-09-01 04:55:14', '2023-09-01 04:55:14'),
(257, 'KALIMA RESORT & SPA คาลิมา รีสอร์ท แอนด์ สปา', 'KALIMA RESORT & SPA คาลิมา รีสอร์ท แอนด์ สปา', '', '', '', 15, 1, 0, '2023-09-01 04:55:14', '2023-09-01 04:55:14'),
(258, 'THE NATURE PHUKET โรงแรม เดอะเนเจอร์ ภูเก็ต', 'THE NATURE PHUKET โรงแรม เดอะเนเจอร์ ภูเก็ต', '', '', '', 15, 0, 1, '2023-09-01 04:55:14', '2023-09-22 06:45:41'),
(259, 'NOVOTEL PHUKET RESORT โนโวเทล ภูเก็ต รีสอร์ท', 'NOVOTEL PHUKET RESORT โนโวเทล ภูเก็ต รีสอร์ท', '', '', '', 15, 1, 0, '2023-09-01 04:55:14', '2023-09-01 04:55:14'),
(260, 'SUNSET BEACH RESORT ซันเซ็ท บีช รีสอร์ท', 'SUNSET BEACH RESORT ซันเซ็ท บีช รีสอร์ท', '', '', '', 15, 1, 0, '2023-09-01 04:55:14', '2023-09-01 04:55:14'),
(261, 'THAVORN BEACH VILLAGE & SPA ถาวร บีช วิลเลจ รีสอร์ท แอนด์ สปา', 'THAVORN BEACH VILLAGE & SPA ถาวร บีช วิลเลจ รีสอร์ท แอนด์ สปา', '', '', '', 15, 1, 0, '2023-09-01 04:55:14', '2023-09-01 04:55:14'),
(262, 'ZENMAYA OCEANFRONT PHUKET เซ็นมายา โอเชี่ยนฟรอนท์ ภูเก็ต', 'ZENMAYA OCEANFRONT PHUKET เซ็นมายา โอเชี่ยนฟรอนท์ ภูเก็ต', '', '', '', 15, 1, 0, '2023-09-01 04:55:14', '2023-09-01 04:55:14'),
(263, 'INDOCHINE RESORTS AND VILLAS อินโดจีนรีสอร์ทแอนด์วิลล่า', 'INDOCHINE RESORTS AND VILLAS อินโดจีนรีสอร์ทแอนด์วิลล่า', '', '', '', 15, 1, 0, '2023-09-01 04:55:14', '2023-09-01 04:55:14'),
(264, 'Marina Gallery Resort Kacha kalim Bay มารีนา แกลลอรี รีสอร์ต-คชา-กะหลิมเบย์ ภูเก็ต', 'Marina Gallery Resort Kacha kalim Bay มารีนา แกลลอรี รีสอร์ต-คชา-กะหลิมเบย์ ภูเก็ต', '', '', '', 15, 1, 0, '2023-09-01 04:55:14', '2023-09-01 04:55:14'),
(265, 'Wyndham Grand Kalim Bay วินดอม แกรน ภูเก็ต กะหลิ่ม เบย์', 'Wyndham Grand Kalim Bay วินดอม แกรน ภูเก็ต กะหลิ่ม เบย์', '', '', '', 15, 1, 0, '2023-09-01 04:55:14', '2023-09-22 07:50:33'),
(266, 'Angsana Laguna Phuket อังสนา ลากูน่า', 'Angsana Laguna Phuket อังสนา ลากูน่า', '', '', '', 16, 0, 1, '2023-09-01 04:55:14', '2023-09-22 05:25:45'),
(267, 'BANYAN TREE PHUKET บันยัน ทรีภูเก็ต ', 'BANYAN TREE PHUKET บันยัน ทรีภูเก็ต ', '', '', '', 16, 1, 0, '2023-09-01 04:55:14', '2023-09-01 04:55:14'),
(268, 'BEST WESTERN PREMIER BANGTAO BEACH RESORT & SPA เบสท์เวสเทิร์น พรีเมียร์ บางเทาบีช รีสอร์ท แอนด์ สปา', 'BEST WESTERN PREMIER BANGTAO BEACH RESORT & SPA เบสท์เวสเทิร์น พรีเมียร์ บางเทาบีช รีสอร์ท แอนด์ สปา', '', '', '', 16, 1, 0, '2023-09-01 04:55:14', '2023-09-01 04:55:14'),
(269, 'DREAM PHUKET HOTEL & SPA ดรีม ภูเก็ต โฮเต็ล แอนด์ สปา', 'DREAM PHUKET HOTEL & SPA ดรีม ภูเก็ต โฮเต็ล แอนด์ สปา', '', '', '', 16, 1, 0, '2023-09-01 04:55:14', '2023-09-01 04:55:14'),
(270, 'DUSIT THANI LAGUNA RESORT ดุสิตธานี ลากูน่า รีสอร์ท', 'DUSIT THANI LAGUNA RESORT ดุสิตธานี ลากูน่า รีสอร์ท', '', '', '', 16, 1, 0, '2023-09-01 04:55:15', '2023-09-01 04:55:15'),
(271, 'LAGUNA HOLIDAY CLUB PHUKET RESORT ลากูน่า ฮอลิเดย์ คลับ ภูเก็ต รีสอร์ท', 'LAGUNA HOLIDAY CLUB PHUKET RESORT ลากูน่า ฮอลิเดย์ คลับ ภูเก็ต รีสอร์ท', '', '', '', 16, 1, 0, '2023-09-01 04:55:15', '2023-09-01 04:55:15'),
(272, 'Outrigger laguna phuket beach resort เอาท์ทิกเกอร์ ลากูน่า ภูเก็ต บีช รีสอร์ท', 'Outrigger laguna phuket beach resort เอาท์ทิกเกอร์ ลากูน่า ภูเก็ต บีช รีสอร์ท', '', '', '', 16, 1, 0, '2023-09-01 04:55:15', '2023-09-01 04:55:15'),
(273, 'SUNWING RESORT & SPA ซันวิง รีสอร์ท & สปา', 'SUNWING RESORT & SPA ซันวิง รีสอร์ท & สปา', '', '', '', 16, 0, 1, '2023-09-01 04:55:15', '2023-09-22 06:20:37'),
(274, 'Allamanda Laguna Phuket อัลลามันดา ลากูนา ภูเก็ต', 'Allamanda Laguna Phuket อัลลามันดา ลากูนา ภูเก็ต', '', '', '', 16, 1, 0, '2023-09-01 04:55:15', '2023-09-01 04:55:15'),
(275, 'Angsana Laguna Phuket อังสนา ลากูน่า ภูเก็ต', 'Angsana Laguna Phuket อังสนา ลากูน่า ภูเก็ต', '', '', '', 16, 1, 0, '2023-09-01 04:55:15', '2023-09-01 04:55:15'),
(276, 'Angsana Villas Resort Phuket อังสนา วิลล่า รีสอร์ท ภูเก็ต', 'Angsana Villas Resort Phuket อังสนา วิลล่า รีสอร์ท ภูเก็ต', '', '', '', 16, 1, 0, '2023-09-01 04:55:15', '2023-09-01 04:55:15'),
(277, 'Areeca อารีคา', 'Areeca อารีคา', '', '', '', 16, 0, 1, '2023-09-01 04:55:15', '2023-09-22 05:26:08'),
(278, 'Cassia Hotel แคสเซีย ภูเก็ต', 'Cassia Hotel แคสเซีย ภูเก็ต', '', '', '', 16, 1, 0, '2023-09-01 04:55:15', '2023-09-01 04:55:15'),
(279, 'Casuarina Shores คาซัวรีนา ชอร์', 'Casuarina Shores คาซัวรีนา ชอร์', '', '', '', 16, 0, 1, '2023-09-01 04:55:15', '2023-09-22 05:40:43'),
(280, 'Grand Villa Luxury Time Phuket แกรนด์ วิลล่า ลักชัวรี่ ไทม์ ภูเก็ต', 'Grand Villa Luxury Time Phuket แกรนด์ วิลล่า ลักชัวรี่ ไทม์ ภูเก็ต', '', '', '', 16, 0, 1, '2023-09-01 04:55:15', '2023-09-22 05:45:25'),
(281, 'HOTEL COCO Phuket Beach โรงแรมโคโค่ ภูเก็ต บีช', 'HOTEL COCO Phuket Beach โรงแรมโคโค่ ภูเก็ต บีช', '', '', '', 16, 0, 1, '2023-09-01 04:55:15', '2023-09-22 05:48:09'),
(282, 'Mövenpick Resort Bangtao Beach Phuket เมอเวนพิค รีสอร์ต บางเทาบีช ภูเก็ต', 'Mövenpick Resort Bangtao Beach Phuket เมอเวนพิค รีสอร์ต บางเทาบีช ภูเก็ต', '', '', '', 16, 1, 0, '2023-09-01 04:55:15', '2023-09-01 04:55:15');
INSERT INTO `hotel` (`id`, `name`, `name_th`, `address`, `telephone`, `email`, `zone_id`, `is_approved`, `is_deleted`, `created_at`, `updated_at`) VALUES
(283, 'PAI TAN VILLAS ปายธาร วิลล่า ', 'PAI TAN VILLAS ปายธาร วิลล่า ', '', '', '', 16, 1, 0, '2023-09-01 04:55:15', '2023-09-01 04:55:15'),
(284, 'Pumeria Resort Phuket ภูมีเรีย รีสอร์ท ภูเก็ต ', 'Pumeria Resort Phuket ภูมีเรีย รีสอร์ท ภูเก็ต ', '', '', '', 16, 0, 1, '2023-09-01 04:55:15', '2023-09-22 06:16:16'),
(285, 'SAii Laguna Phuket ทราย ลากูน่า ภูเก็ต', 'SAii Laguna Phuket ทราย ลากูน่า ภูเก็ต', '', '', '', 16, 1, 0, '2023-09-01 04:55:15', '2023-09-01 04:55:15'),
(286, 'Sunwing Bangtao Beach ซันวิง บางเทาบีช ', 'Sunwing Bangtao Beach ซันวิง บางเทาบีช ', '', '', '', 16, 1, 0, '2023-09-01 04:55:15', '2023-09-01 04:55:15'),
(287, 'Holiday Inn Resort Phuket ฮอลิเดย์ อิน รีสอร์ท', 'Holiday Inn Resort Phuket ฮอลิเดย์ อิน รีสอร์ท', '', '', '', 17, 1, 0, '2023-09-01 04:55:15', '2023-09-01 04:55:15'),
(288, 'Hotel Clover Patong Phuket โรงแรมโคลเวอร์ ป่าตอง ภูเก็ต', 'Hotel Clover Patong Phuket โรงแรมโคลเวอร์ ป่าตอง ภูเก็ต', '', '', '', 17, 0, 1, '2023-09-01 04:55:15', '2023-09-22 05:47:18'),
(289, 'Wyndham Sea Pearl Resort Phuket วินด์แฮม ซีเพิร์ล รีสอร์ท ภูเก็ต', 'Wyndham Sea Pearl Resort Phuket วินด์แฮม ซีเพิร์ล รีสอร์ท ภูเก็ต', '', '', '', 17, 1, 0, '2023-09-01 04:55:15', '2023-09-01 04:55:15'),
(290, 'ALPINA PHUKET NALINA RESORT โรงแรม ออพินา ภูเก็ต นาลินา รีสอร์ท ', 'ALPINA PHUKET NALINA RESORT โรงแรม ออพินา ภูเก็ต นาลินา รีสอร์ท ', '', '', '', 17, 1, 0, '2023-09-01 04:55:15', '2023-09-01 04:55:15'),
(291, 'AMARI PHUKET โรงแรมอมารี ภูเก็ต', 'AMARI PHUKET โรงแรมอมารี ภูเก็ต', '', '', '', 17, 0, 1, '2023-09-01 04:55:15', '2023-09-22 05:24:57'),
(292, 'ANDAKIRA HOTEL โรงแรมอันดาคิรา', 'ANDAKIRA HOTEL โรงแรมอันดาคิรา', '', '', '', 17, 1, 0, '2023-09-01 04:55:16', '2023-09-01 04:55:16'),
(293, 'ANDAMAN BEACH SUITES HOTEL โรงแรม อันดามัน บีช สวีท', 'ANDAMAN BEACH SUITES HOTEL โรงแรม อันดามัน บีช สวีท', '', '', '', 17, 1, 0, '2023-09-01 04:55:16', '2023-09-01 04:55:16'),
(294, 'ANDAMAN EMBRACE PATONG อันดามัน เอมเบรส ป่าตอง', 'ANDAMAN EMBRACE PATONG อันดามัน เอมเบรส ป่าตอง', '', '', '', 17, 1, 0, '2023-09-01 04:55:16', '2023-09-01 04:55:16'),
(295, 'ANDAMANTRA RESORT & VILLA PHUKET อันดามันตรา รีสอร์ท แอนด์ วิลล่า ภูเก็ต', 'ANDAMANTRA RESORT & VILLA PHUKET อันดามันตรา รีสอร์ท แอนด์ วิลล่า ภูเก็ต', '', '', '', 17, 1, 0, '2023-09-01 04:55:16', '2023-09-01 04:55:16'),
(296, 'BURASARI บุราส่าหรี', 'BURASARI บุราส่าหรี', '', '', '', 17, 0, 1, '2023-09-01 04:55:16', '2023-09-22 05:36:49'),
(297, 'DAYS INN BY WYNDHAM PATONG BEACH เดย์ส อินน์ บาย วินด์แฮม ป่าตอง บีช ภูเก็ต', 'DAYS INN BY WYNDHAM PATONG BEACH เดย์ส อินน์ บาย วินด์แฮม ป่าตอง บีช ภูเก็ต', '', '', '', 17, 1, 0, '2023-09-01 04:55:16', '2023-09-01 04:55:16'),
(298, 'DEEVANA PATONG RESORT & SPA ดีวาน่า ป่าตอง รีสอร์ท แอนด์ สปา', 'DEEVANA PATONG RESORT & SPA ดีวาน่า ป่าตอง รีสอร์ท แอนด์ สปา', '', '', '', 17, 1, 0, '2023-09-01 04:55:16', '2023-09-01 04:55:16'),
(299, 'DEEVANA PLAZA PHUKET PATONG ดีวานา พลาซ่า ภูเก็ต ป่าตอง', 'DEEVANA PLAZA PHUKET PATONG ดีวานา พลาซ่า ภูเก็ต ป่าตอง', '', '', '', 17, 1, 0, '2023-09-01 04:55:16', '2023-09-01 04:55:16'),
(300, 'DIAMOND CLIFF RESORT & SPA ไดมอนด์คลิฟ รีสอร์ท แอนด์ สปา', 'DIAMOND CLIFF RESORT & SPA ไดมอนด์คลิฟ รีสอร์ท แอนด์ สปา', '', '', '', 17, 1, 0, '2023-09-01 04:55:16', '2023-09-01 04:55:16'),
(301, 'DUANGJITT RESORT  ดวงจิต รีสอร์ท', 'DUANGJITT RESORT  ดวงจิต รีสอร์ท', '', '', '', 17, 1, 0, '2023-09-01 04:55:16', '2023-09-01 04:55:16'),
(302, 'FOUR POINTS BY SHERATON PHUKET PATONG BEACH RESORT โฟร์พอยท์ส บาย เชอราตัน ภูเก็ต ป่าตองบีช รีสอร์ท', 'FOUR POINTS BY SHERATON PHUKET PATONG BEACH RESORT โฟร์พอยท์ส บาย เชอราตัน ภูเก็ต ป่าตองบีช รีสอร์ท', '', '', '', 17, 1, 0, '2023-09-01 04:55:16', '2023-09-01 04:55:16'),
(303, 'GRAND MERCURE PHUKET PATONG แกรนด์ เมอร์เคียว ภูเก็ต ป่าตอง', 'GRAND MERCURE PHUKET PATONG แกรนด์ เมอร์เคียว ภูเก็ต ป่าตอง', '', '', '', 17, 1, 0, '2023-09-01 04:55:16', '2023-09-01 04:55:16'),
(304, 'HOLIDAY INN EXPRESS PHUKET PATONG BEACH CENTRAL ฮอลิเดย์ อินน์ เอ็กซ์เพรส ภูเก็ต ป่าตองบีช เซ็นทรัล', 'HOLIDAY INN EXPRESS PHUKET PATONG BEACH CENTRAL ฮอลิเดย์ อินน์ เอ็กซ์เพรส ภูเก็ต ป่าตองบีช เซ็นทรัล', '', '', '', 17, 1, 0, '2023-09-01 04:55:16', '2023-09-01 04:55:16'),
(305, 'HOTEL INDIGO PHUKET PATONG โรงแรมโฮเทล อินดิโก ภูเก็ต ป่าตอง', 'HOTEL INDIGO PHUKET PATONG โรงแรมโฮเทล อินดิโก ภูเก็ต ป่าตอง', '', '', '', 17, 1, 0, '2023-09-01 04:55:16', '2023-09-01 04:55:16'),
(306, 'THE KEE RESORT & SPA เดอะ กี รีสอร์ท แอนด์ สปา', 'THE KEE RESORT & SPA เดอะ กี รีสอร์ท แอนด์ สปา', '', '', '', 17, 1, 0, '2023-09-01 04:55:16', '2023-09-01 04:55:16'),
(307, 'LA FLORA RESORT PATONG ลาฟลอร่ารีสอร์ท ป่าตอง', 'LA FLORA RESORT PATONG ลาฟลอร่ารีสอร์ท ป่าตอง', '', '', '', 17, 1, 0, '2023-09-01 04:55:16', '2023-09-01 04:55:16'),
(308, 'THE LANTERN RESORTS PATONG เดอะ แลนเทิร์น รีสอร์ท ป่าตอง', 'THE LANTERN RESORTS PATONG เดอะ แลนเทิร์น รีสอร์ท ป่าตอง', '', '', '', 17, 0, 1, '2023-09-01 04:55:16', '2023-09-22 06:25:30'),
(309, 'LIV HOTEL PHUKET PATHONG BEACHFRONT ลิฟ โฮเทล ภูเก็ต ป่าตอง บีชฟรอนต์', 'LIV HOTEL PHUKET PATHONG BEACHFRONT ลิฟ โฮเทล ภูเก็ต ป่าตอง บีชฟรอนต์', '', '', '', 17, 1, 0, '2023-09-01 04:55:16', '2023-09-01 04:55:16'),
(310, 'MAI HOUSE PATONG HILL มาย เฮาส์ ป่าตอง ฮิลล์', 'MAI HOUSE PATONG HILL มาย เฮาส์ ป่าตอง ฮิลล์', '', '', '', 17, 1, 0, '2023-09-01 04:55:16', '2023-09-01 04:55:16'),
(311, 'MILLENNIUM RESORT PATONG PHUKET มิลเลเนียม รีสอร์ท ป่าตอง ภูเก็ต', 'MILLENNIUM RESORT PATONG PHUKET มิลเลเนียม รีสอร์ท ป่าตอง ภูเก็ต', '', '', '', 17, 1, 0, '2023-09-01 04:55:16', '2023-09-01 04:55:16'),
(312, 'NOVOTEL PHUKET VINTAGE PARK RESORT โนโวเทล ภูเก็ต วินเทจ พาร์ค รีสอร์ท', 'NOVOTEL PHUKET VINTAGE PARK RESORT โนโวเทล ภูเก็ต วินเทจ พาร์ค รีสอร์ท', '', '', '', 17, 1, 0, '2023-09-01 04:55:16', '2023-09-01 04:55:16'),
(313, 'PATONG BAY GARDEN RESORT ป่าตอง เบย์ การ์เด้น รีสอร์ท', 'PATONG BAY GARDEN RESORT ป่าตอง เบย์ การ์เด้น รีสอร์ท', '', '', '', 17, 1, 0, '2023-09-01 04:55:16', '2023-09-01 04:55:16'),
(314, 'PATONG MERLIN HOTEL โรงแรมป่าตอง เมอร์ลิน', 'PATONG MERLIN HOTEL โรงแรมป่าตอง เมอร์ลิน', '', '', '', 17, 1, 0, '2023-09-01 04:55:16', '2023-09-01 04:55:16'),
(315, 'PATONG PALACE HOTEL โรงแรม ป่าตอง พาเลซ', 'PATONG PALACE HOTEL โรงแรม ป่าตอง พาเลซ', '', '', '', 17, 1, 0, '2023-09-01 04:55:17', '2023-09-01 04:55:17'),
(316, 'PATONG PARAGON RESORT & SPA ป่าตอง พารากอน รีสอร์ท แอนด์ สปา', 'PATONG PARAGON RESORT & SPA ป่าตอง พารากอน รีสอร์ท แอนด์ สปา', '', '', '', 17, 1, 0, '2023-09-01 04:55:17', '2023-09-01 04:55:17'),
(317, 'PATONG RESORT ป่าตอง รีสอร์ท ', 'PATONG RESORT ป่าตอง รีสอร์ท ', '', '', '', 17, 1, 0, '2023-09-01 04:55:17', '2023-09-01 04:55:17'),
(318, 'PHUKET GRACELAND RESORT & SPA ภูเก็ต เกรซแลนด์ รีสอร์ท แอนด์ สปา', 'PHUKET GRACELAND RESORT & SPA ภูเก็ต เกรซแลนด์ รีสอร์ท แอนด์ สปา', '', '', '', 17, 0, 1, '2023-09-01 04:55:17', '2023-09-22 06:04:30'),
(319, 'RAMADA PHUKET DEEVANA รามาด้า ภูเก็ต ดีวาน่า', 'RAMADA PHUKET DEEVANA รามาด้า ภูเก็ต ดีวาน่า', '', '', '', 17, 1, 0, '2023-09-01 04:55:17', '2023-09-01 04:55:17'),
(320, 'RED PLANET HOTELS (PATONG) โรงแรม เรด แพลนเนต ภูเก็ต ป่าตอง', 'RED PLANET HOTELS (PATONG) โรงแรม เรด แพลนเนต ภูเก็ต ป่าตอง', '', '', '', 17, 1, 0, '2023-09-01 04:55:17', '2023-09-01 04:55:17'),
(321, 'R-MAR RESORT AND SPA อาม่า รีสอร์ท แอนด์ สปา', 'R-MAR RESORT AND SPA อาม่า รีสอร์ท แอนด์ สปา', '', '', '', 17, 1, 0, '2023-09-01 04:55:17', '2023-09-01 04:55:17'),
(322, 'ROYAL PARADISE HOTEL & SPA โรงแรม เดอะรอยัล พาราไดซ์ แอนด์ สปา', 'ROYAL PARADISE HOTEL & SPA โรงแรม เดอะรอยัล พาราไดซ์ แอนด์ สปา', '', '', '', 17, 1, 0, '2023-09-01 04:55:17', '2023-09-01 04:55:17'),
(323, 'SAWADDI PATONG RESORT & SPA สวัสดี ป่าตอง รีสอร์ต แอนด์ สปา ', 'SAWADDI PATONG RESORT & SPA สวัสดี ป่าตอง รีสอร์ต แอนด์ สปา ', '', '', '', 17, 1, 0, '2023-09-01 04:55:17', '2023-09-01 04:55:17'),
(324, 'SEA SUN SAND RESORT & SPA ซี แซนด์ ซัน รีสอร์ท & สปา', 'SEA SUN SAND RESORT & SPA ซี แซนด์ ซัน รีสอร์ท & สปา', '', '', '', 17, 1, 0, '2023-09-01 04:55:17', '2023-09-01 04:55:17'),
(325, 'SLEEP WITH ME HOTEL design hotel @ patong สลีป วิธ มี โฮเทล ดีไซน์ โฮเทล แอท ป่าตอง', 'SLEEP WITH ME HOTEL design hotel @ patong สลีป วิธ มี โฮเทล ดีไซน์ โฮเทล แอท ป่าตอง', '', '', '', 17, 1, 0, '2023-09-01 04:55:17', '2023-09-01 04:55:17'),
(326, 'THARA PATONG BEACH RESORT  ธาราป่าตองบีชรีสอร์ท', 'THARA PATONG BEACH RESORT  ธาราป่าตองบีชรีสอร์ท', '', '', '', 17, 1, 0, '2023-09-01 04:55:17', '2023-09-01 04:55:17'),
(327, 'TROPICA BUNGALOW HOTEL ทรอปิคา บังกะโล โฮเทล', 'TROPICA BUNGALOW HOTEL ทรอปิคา บังกะโล โฮเทล', '', '', '', 17, 1, 0, '2023-09-01 04:55:17', '2023-09-01 04:55:17'),
(328, 'WYNDHAM SEA PEARL RESORT PHUKET วินด์แฮม ซีเพิร์ล รีสอร์ท ภูเก็ต', 'WYNDHAM SEA PEARL RESORT PHUKET วินด์แฮม ซีเพิร์ล รีสอร์ท ภูเก็ต', '', '', '', 17, 0, 1, '2023-09-01 04:55:17', '2023-09-22 07:03:02'),
(329, 'Amari Phuket โรงแรมอมารี ภูเก็ต', 'Amari Phuket โรงแรมอมารี ภูเก็ต', '', '', '', 17, 1, 0, '2023-09-01 04:55:17', '2023-09-01 04:55:17'),
(330, 'Amata Patong อมตะ ป่าตอง', 'Amata Patong อมตะ ป่าตอง', '', '', '', 17, 1, 0, '2023-09-01 04:55:17', '2023-09-01 04:55:17'),
(331, 'Amici miei Hotelโรงแรมอมิชี มิเอย์ ', 'Amici miei Hotelโรงแรมอมิชี มิเอย์ ', '', '', '', 17, 1, 0, '2023-09-01 04:55:17', '2023-09-01 04:55:17'),
(332, 'ASHLEE HUB HOTEL PATONG โรงแรมแอชลี ฮับ ป่าตอง ', 'ASHLEE HUB HOTEL PATONG โรงแรมแอชลี ฮับ ป่าตอง ', '', '', '', 17, 1, 0, '2023-09-01 04:55:17', '2023-09-01 04:55:17'),
(333, 'Baan Laimai Beach Resort บ้าน ลายไม้ บีช รีสอร์ท ', 'Baan Laimai Beach Resort บ้าน ลายไม้ บีช รีสอร์ท ', '', '', '', 17, 1, 0, '2023-09-01 04:55:17', '2023-09-01 04:55:17'),
(334, 'Best Western Patong Beach โรงแรมเบสท์เวสเทิร์น ป่าตอง บีช', 'Best Western Patong Beach โรงแรมเบสท์เวสเทิร์น ป่าตอง บีช', '', '', '', 17, 1, 0, '2023-09-01 04:55:17', '2023-09-01 04:55:17'),
(335, 'Breezotel บรีซโซเทล', 'Breezotel บรีซโซเทล', '', '', '', 17, 1, 0, '2023-09-01 04:55:17', '2023-09-01 04:55:17'),
(336, 'Burasari Phuket บุราสารี ภูเก็ต', 'Burasari Phuket บุราสารี ภูเก็ต', '', '', '', 17, 1, 0, '2023-09-01 04:55:17', '2023-09-01 04:55:17'),
(337, 'BYD  Lofts Boutique Hotel บีวายดี ลอฟต์ บูทิก โฮเต็ล', 'BYD  Lofts Boutique Hotel บีวายดี ลอฟต์ บูทิก โฮเต็ล', '', '', '', 17, 1, 0, '2023-09-01 04:55:18', '2023-09-01 04:55:18'),
(338, 'BYD Apartment บีวายดี อพาทเมนท์', 'BYD Apartment บีวายดี อพาทเมนท์', '', '', '', 17, 1, 0, '2023-09-01 04:55:18', '2023-09-01 04:55:18'),
(339, 'C & N Hotel ซี แอนด์ เอ็น โฮเต็ล', 'C & N Hotel ซี แอนด์ เอ็น โฮเต็ล', '', '', '', 17, 1, 0, '2023-09-01 04:55:18', '2023-09-01 04:55:18'),
(340, 'C&N Resort and Spa ซี แอนด์ เอ็น รีสอร์ท แอนด์ สปา', 'C&N Resort and Spa ซี แอนด์ เอ็น รีสอร์ท แอนด์ สปา', '', '', '', 17, 1, 0, '2023-09-01 04:55:18', '2023-09-01 04:55:18'),
(341, 'Coconut Village Resort โคโคนัทวิลเลจรีสอร์ท ภูเก็ต', 'Coconut Village Resort โคโคนัทวิลเลจรีสอร์ท ภูเก็ต', '', '', '', 17, 1, 0, '2023-09-01 04:55:18', '2023-09-01 04:55:18'),
(342, 'Dfeel Hostel ดีฟีล เฮาส์', 'Dfeel Hostel ดีฟีล เฮาส์', '', '', '', 17, 0, 1, '2023-09-01 04:55:18', '2023-09-22 05:43:18'),
(343, 'Dinso Resort ดินสอ รีสอร์ต แอนด์ วิลล่า ภูเก็ต', 'Dinso Resort ดินสอ รีสอร์ต แอนด์ วิลล่า ภูเก็ต', '', '', '', 17, 1, 0, '2023-09-01 04:55:18', '2023-09-01 04:55:18'),
(344, 'DoubleTree by Hilton Phuket banthai Resort ดับเบิ้ลทรีบายฮิลตันภูเก็ตบ้านไทยรีสอร์ท', 'DoubleTree by Hilton Phuket banthai Resort ดับเบิ้ลทรีบายฮิลตันภูเก็ตบ้านไทยรีสอร์ท', '', '', '', 17, 1, 0, '2023-09-01 04:55:18', '2023-09-01 04:55:18'),
(345, 'Harry’s restaurant bar and hotel แฮรี่ส์ เรสเตอรองท์บาร์ แอนด์ โฮเต็ล', 'Harry’s restaurant bar and hotel แฮรี่ส์ เรสเตอรองท์บาร์ แอนด์ โฮเต็ล', '', '', '', 17, 1, 0, '2023-09-01 04:55:18', '2023-09-01 04:55:18'),
(346, 'Hip Hostel ฮิป โฮสเทล', 'Hip Hostel ฮิป โฮสเทล', '', '', '', 17, 1, 0, '2023-09-01 04:55:18', '2023-09-01 04:55:18'),
(347, 'Hotel Clover Patong Phuket โรงแรมโคลเวอร์ ป่าตอง ภูเก็ต ', 'Hotel Clover Patong Phuket โรงแรมโคลเวอร์ ป่าตอง ภูเก็ต ', '', '', '', 17, 1, 0, '2023-09-01 04:55:18', '2023-09-01 04:55:18'),
(348, 'ibis Phuket Patong Hotel ไอบิส ภูเก็ต ป่าตอง โฮเต็ล', 'ibis Phuket Patong Hotel ไอบิส ภูเก็ต ป่าตอง โฮเต็ล', '', '', '', 17, 1, 0, '2023-09-01 04:55:18', '2023-09-01 04:55:18'),
(349, 'Impiana Resort Patong อิมเพียน่า รีสอร์ท ป่าตอง', 'Impiana Resort Patong อิมเพียน่า รีสอร์ท ป่าตอง', '', '', '', 17, 1, 0, '2023-09-01 04:55:18', '2023-09-01 04:55:18'),
(350, 'Jiraporn Hill Resort จิราภรณ์ ฮิลล์ รีสอร์ท', 'Jiraporn Hill Resort จิราภรณ์ ฮิลล์ รีสอร์ท', '', '', '', 17, 1, 0, '2023-09-01 04:55:18', '2023-09-01 04:55:18'),
(351, 'Kudo Hotel โรงแรมคูโด ', 'Kudo Hotel โรงแรมคูโด ', '', '', '', 17, 1, 0, '2023-09-01 04:55:18', '2023-09-01 04:55:18'),
(352, 'Lokal Hotel Phuket โลคัล โฮเต็ล ภูเก็ต', 'Lokal Hotel Phuket โลคัล โฮเต็ล ภูเก็ต', '', '', '', 17, 1, 0, '2023-09-01 04:55:18', '2023-09-01 04:55:18'),
(353, 'Mövenpick Myth Hotel Patong Phuket โรงแรมเมอเวนพิค มิธ ป่าตอง ภูเก็ต', 'Mövenpick Myth Hotel Patong Phuket โรงแรมเมอเวนพิค มิธ ป่าตอง ภูเก็ต', '', '', '', 17, 1, 0, '2023-09-01 04:55:18', '2023-09-01 04:55:18'),
(354, 'Nap Patong แนป ป่าตอง ', 'Nap Patong แนป ป่าตอง ', '', '', '', 17, 1, 0, '2023-09-01 04:55:18', '2023-09-01 04:55:18'),
(355, 'New Square Patong Hotel นิว สแควร์ ป่าตอง โฮเต็ล', 'New Square Patong Hotel นิว สแควร์ ป่าตอง โฮเต็ล', '', '', '', 17, 1, 0, '2023-09-01 04:55:18', '2023-09-01 04:55:18'),
(356, 'Nipa Resort Patong Beach นิภา รีสอร์ท ป่าตอง บีช', 'Nipa Resort Patong Beach นิภา รีสอร์ท ป่าตอง บีช', '', '', '', 17, 1, 0, '2023-09-01 04:55:18', '2023-09-01 04:55:18'),
(357, 'Oceanfront Beach Resort & Spa โอเชียนฟรอนต์ บีช รีสอร์ท แอนด์ สปา', 'Oceanfront Beach Resort & Spa โอเชียนฟรอนต์ บีช รีสอร์ท แอนด์ สปา', '', '', '', 17, 1, 0, '2023-09-01 04:55:18', '2023-09-01 04:55:18'),
(358, 'Palm View Resort ปาล์มวิวรีสอร์ท', 'Palm View Resort ปาล์มวิวรีสอร์ท', '', '', '', 17, 0, 1, '2023-09-01 04:55:19', '2023-09-22 06:00:28'),
(359, 'Palmyra Patong Resort ปาล์มไมร่า ป่าตอง รีสอร์ท ', 'Palmyra Patong Resort ปาล์มไมร่า ป่าตอง รีสอร์ท ', '', '', '', 17, 1, 0, '2023-09-01 04:55:19', '2023-09-01 04:55:19'),
(360, 'Paripas Patong Resort ปริภัส ป่าตอง รีสอร์ท ', 'Paripas Patong Resort ปริภัส ป่าตอง รีสอร์ท ', '', '', '', 17, 1, 0, '2023-09-01 04:55:19', '2023-09-01 04:55:19'),
(361, 'Patong Bay Hill ป่าตอง เบย์ ฮิลล์ ', 'Patong Bay Hill ป่าตอง เบย์ ฮิลล์ ', '', '', '', 17, 1, 0, '2023-09-01 04:55:19', '2023-09-01 04:55:19'),
(362, 'Patong Heritage Hotel ป่าตอง เฮอริเทจ โฮเทล', 'Patong Heritage Hotel ป่าตอง เฮอริเทจ โฮเทล', '', '', '', 17, 1, 0, '2023-09-01 04:55:19', '2023-09-01 04:55:19'),
(363, 'PATONG MANSION HOTEL ป่าตอง แมนชั่น โฮเทล', 'PATONG MANSION HOTEL ป่าตอง แมนชั่น โฮเทล', '', '', '', 17, 0, 1, '2023-09-01 04:55:19', '2023-09-22 06:02:29'),
(364, 'Phuket Graceland Resort & Spa ภูเก็ต เกรซแลนด์ รีสอร์ท แอนด์ สปา', 'Phuket Graceland Resort & Spa ภูเก็ต เกรซแลนด์ รีสอร์ท แอนด์ สปา', '', '', '', 17, 1, 0, '2023-09-01 04:55:19', '2023-09-01 04:55:19'),
(365, 'Prince Edouard Apartment & Resort ปริ้นซ์ เอดูอาร์ อพาร์ตเมนต์ แอนด์ รีสอร์ท', 'Prince Edouard Apartment & Resort ปริ้นซ์ เอดูอาร์ อพาร์ตเมนต์ แอนด์ รีสอร์ท', '', '', '', 17, 0, 1, '2023-09-01 04:55:19', '2023-09-22 06:12:14'),
(366, 'Rak Elegant Hotel Patong รัก เอลเลแกนต์ โฮเต็ล ป่าตอง', 'Rak Elegant Hotel Patong รัก เอลเลแกนต์ โฮเต็ล ป่าตอง', '', '', '', 17, 1, 0, '2023-09-01 04:55:19', '2023-09-01 04:55:19'),
(367, 'Ramaburin resort รามาบุรินทร์ รีสอร์ท ', 'Ramaburin resort รามาบุรินทร์ รีสอร์ท ', '', '', '', 17, 1, 0, '2023-09-01 04:55:19', '2023-09-01 04:55:19'),
(368, 'Royal Phawadee Village รอยัล ภาวดี วิลเลจ ป่าตอง บีช โฮเทล ', 'Royal Phawadee Village รอยัล ภาวดี วิลเลจ ป่าตอง บีช โฮเทล ', '', '', '', 17, 1, 0, '2023-09-01 04:55:19', '2023-09-01 04:55:19'),
(369, 'Safari Beach hotel โรงแรมซาฟารี บีช ', 'Safari Beach hotel โรงแรมซาฟารี บีช ', '', '', '', 17, 1, 0, '2023-09-01 04:55:19', '2023-09-01 04:55:19'),
(370, 'Seaview Patong Hotel โรงแรมซีวีว ป่าตอง ', 'Seaview Patong Hotel โรงแรมซีวีว ป่าตอง ', '', '', '', 17, 1, 0, '2023-09-01 04:55:19', '2023-09-01 04:55:19'),
(371, 'Skyview Resort Patong Beach Hotel สกายวิว รีสอร์ท ภูเก็ต ป่าตอง บีช ', 'Skyview Resort Patong Beach Hotel สกายวิว รีสอร์ท ภูเก็ต ป่าตอง บีช ', '', '', '', 17, 1, 0, '2023-09-01 04:55:19', '2023-09-01 04:55:19'),
(372, 'Thanthip Beach Resort ฐานทิพย์ บีช รีสอร์ท', 'Thanthip Beach Resort ฐานทิพย์ บีช รีสอร์ท', '', '', '', 17, 1, 0, '2023-09-01 04:55:19', '2023-09-01 04:55:19'),
(373, 'The Ashlee Heights Patong Hotel & Suites ดิ แอชลี ไฮท์ ป่าตอง โฮเทล แอนด์ สวีท', 'The Ashlee Heights Patong Hotel & Suites ดิ แอชลี ไฮท์ ป่าตอง โฮเทล แอนด์ สวีท', '', '', '', 17, 1, 0, '2023-09-01 04:55:19', '2023-09-01 04:55:19'),
(374, 'The Bliss Phuket เดอะ บลิส ภูเก็ต', 'The Bliss Phuket เดอะ บลิส ภูเก็ต', '', '', '', 17, 1, 0, '2023-09-01 04:55:19', '2023-09-01 04:55:19'),
(375, 'The Bloc Hotel โรงแรมเดอะบล็อค ', 'The Bloc Hotel โรงแรมเดอะบล็อค ', '', '', '', 17, 1, 0, '2023-09-01 04:55:19', '2023-09-01 04:55:19'),
(376, 'The Lantern Resorts Patong เดอะแลนเทิร์น รีสอร์ท ป่าตอง ', 'The Lantern Resorts Patong เดอะแลนเทิร์น รีสอร์ท ป่าตอง ', '', '', '', 17, 1, 0, '2023-09-01 04:55:19', '2023-09-01 04:55:19'),
(377, 'The Marina Phuket Hotel โรงแรมเดอะ มารีนา ภูเก็ต ', 'The Marina Phuket Hotel โรงแรมเดอะ มารีนา ภูเก็ต ', '', '', '', 17, 1, 0, '2023-09-01 04:55:19', '2023-09-01 04:55:19'),
(378, 'The Nature Phuket เดอะ เนเจอร์ ภูเก็ต', 'The Nature Phuket เดอะ เนเจอร์ ภูเก็ต', '', '', '', 15, 1, 0, '2023-09-01 04:55:19', '2023-09-22 06:53:40'),
(379, 'THE ROYAL PARADISE HOTEL & SPA เดอะรอยัล พาราไดซ์ โฮเต็ล แอนด์ สปา ', 'THE ROYAL PARADISE HOTEL & SPA เดอะรอยัล พาราไดซ์ โฮเต็ล แอนด์ สปา ', '', '', '', 17, 1, 0, '2023-09-01 04:55:19', '2023-09-01 04:55:19'),
(380, 'The Senses Resort & Pool Villas, PHUKET  เดอะ เซ็นเซ็ท ', 'The Senses Resort & Pool Villas, PHUKET  เดอะ เซ็นเซ็ท ', '', '', '', 17, 1, 0, '2023-09-01 04:55:19', '2023-09-01 04:55:19'),
(381, '7Q Bangla Hotel เซเว่นคิว บางลา', '7Q Bangla Hotel เซเว่นคิว บางลา', '', '', '', 17, 1, 0, '2023-09-01 04:55:19', '2023-09-28 07:19:10'),
(382, 'AMATARA WELLNESS RESORT อมาธารา เวลเลย์เซอร์ รีสอร์ท', 'AMATARA WELLNESS RESORT อมาธารา เวลเลย์เซอร์ รีสอร์ท', '', '', '', 18, 0, 1, '2023-09-01 04:55:20', '2023-09-22 05:25:06'),
(383, 'BANDARA PHUKET BEACH RESORT บัญดารา ภูเก็ต บีช รีสอร์ต', 'BANDARA PHUKET BEACH RESORT บัญดารา ภูเก็ต บีช รีสอร์ต', '', '', '', 18, 1, 0, '2023-09-01 04:55:20', '2023-09-01 04:55:20'),
(384, 'BANDARA VILLAS PHUKET บัญดารา วิลล่า ภูเก็ต ', 'BANDARA VILLAS PHUKET บัญดารา วิลล่า ภูเก็ต ', '', '', '', 18, 1, 0, '2023-09-01 04:55:20', '2023-09-01 04:55:20'),
(385, 'CAPE PANWA HOTEL โรงแรมเคปพันวา', 'CAPE PANWA HOTEL โรงแรมเคปพันวา', '', '', '', 18, 1, 0, '2023-09-01 04:55:20', '2023-09-01 04:55:20'),
(386, 'CROWNE PLAZA PHUKET PANWA BEACH คราวน์ พลาซา ภูเก็ต พันวา บีช', 'CROWNE PLAZA PHUKET PANWA BEACH คราวน์ พลาซา ภูเก็ต พันวา บีช', '', '', '', 18, 1, 0, '2023-09-01 04:55:20', '2023-09-01 04:55:20'),
(387, 'THE MANGROVE PANWA PHUKET RESORT เดอะ แมนกรูฟ พันวา ภูเก็ต  รีสอร์ท', 'THE MANGROVE PANWA PHUKET RESORT เดอะ แมนกรูฟ พันวา ภูเก็ต  รีสอร์ท', '', '', '', 18, 1, 0, '2023-09-01 04:55:20', '2023-09-01 04:55:20'),
(388, 'PANWA BOUTIQUE BEACHFRONT พันวา บูทิก บีชฟรอนต์', 'PANWA BOUTIQUE BEACHFRONT พันวา บูทิก บีชฟรอนต์', '', '', '', 18, 0, 1, '2023-09-01 04:55:20', '2023-09-22 06:00:57'),
(389, 'PULLMAN PHUKET PANWA BEACH RESORT พูลแมน ภูเก็ต พันวา บีช รีสอร์ท ', 'PULLMAN PHUKET PANWA BEACH RESORT พูลแมน ภูเก็ต พันวา บีช รีสอร์ท ', '', '', '', 18, 0, 1, '2023-09-01 04:55:20', '2023-09-22 06:15:30'),
(390, 'SRI PANWA PHUKET โรงแรมศรีพันวา ภูเก็ต', 'SRI PANWA PHUKET โรงแรมศรีพันวา ภูเก็ต', '', '', '', 18, 1, 0, '2023-09-01 04:55:20', '2023-09-01 04:55:20'),
(391, 'Amatara Wellness Resort อมาธารา เวลเลย์เซอร์ รีสอร์ท', 'Amatara Wellness Resort อมาธารา เวลเลย์เซอร์ รีสอร์ท', '', '', '', 18, 1, 0, '2023-09-01 04:55:20', '2023-09-01 04:55:20'),
(392, 'CAPE PANWA HOTEL โรงแรมเคปพันวา', 'CAPE PANWA HOTEL โรงแรมเคปพันวา', '', '', '', 18, 0, 1, '2023-09-01 04:55:20', '2023-09-22 05:38:12'),
(393, 'Cloud 19 Panwa คลาวด์ 19 พันวา', 'Cloud 19 Panwa คลาวด์ 19 พันวา', '', '', '', 18, 1, 0, '2023-09-01 04:55:20', '2023-09-01 04:55:20'),
(394, 'Goodnight Phuket Villa Hotel กู๊ดไนท์ ภูเก็ต วิลลา', 'Goodnight Phuket Villa Hotel กู๊ดไนท์ ภูเก็ต วิลลา', '', '', '', 18, 1, 0, '2023-09-01 04:55:20', '2023-09-01 04:55:20'),
(395, 'KantaryBay Hotel Phuket โรงแรมแคนทารี เบย์ ภูเก็ต', 'KantaryBay Hotel Phuket โรงแรมแคนทารี เบย์ ภูเก็ต', '', '', '', 18, 1, 0, '2023-09-01 04:55:20', '2023-09-01 04:55:20'),
(396, 'My Beach Resort Phuket มาย บีช รีสอร์ท ภูเก็ต', 'My Beach Resort Phuket มาย บีช รีสอร์ท ภูเก็ต', '', '', '', 18, 1, 0, '2023-09-01 04:55:20', '2023-09-01 04:55:20'),
(397, 'PULLMAN PHUKET PANWA BEACH RESORT พูลแมน ภูเก็ต พันวา บีช รีสอร์ท ', 'PULLMAN PHUKET PANWA BEACH RESORT พูลแมน ภูเก็ต พันวา บีช รีสอร์ท ', '', '', '', 18, 1, 0, '2023-09-01 04:55:20', '2023-09-01 04:55:20'),
(398, 'Sri panwa, Phuket ศรีพันวา ภูเก็ต ', 'Sri panwa, Phuket ศรีพันวา ภูเก็ต ', '', '', '', 18, 1, 0, '2023-09-01 04:55:20', '2023-09-01 04:55:20'),
(399, 'THE MANGROVE PANWA PHUKET RESORT เดอะ แมนกรูฟ พันวา ภูเก็ต  รีสอร์ท', 'THE MANGROVE PANWA PHUKET RESORT เดอะ แมนกรูฟ พันวา ภูเก็ต  รีสอร์ท', '', '', '', 18, 0, 1, '2023-09-01 04:55:20', '2023-09-22 06:23:20'),
(400, 'X10 Seaview Suites เอ็กเทน ซีวิว', 'X10 Seaview Suites เอ็กเทน ซีวิว', '', '', '', 18, 1, 0, '2023-09-01 04:55:20', '2023-09-01 04:55:20'),
(401, 'BLUE BEACH GRAND RESORT AND SPA บลู บีช แกรนด์ รีสอร์ท แอนด์ สปา', 'BLUE BEACH GRAND RESORT AND SPA บลู บีช แกรนด์ รีสอร์ท แอนด์ สปา', '', '', '', 19, 0, 1, '2023-09-01 04:55:20', '2023-09-22 05:32:46'),
(402, 'MANGOSTEEN RESORT & SPA แมงโก้สทีน รีสอร์ท แอนด์ สปา ', 'MANGOSTEEN RESORT & SPA แมงโก้สทีน รีสอร์ท แอนด์ สปา ', '', '', '', 19, 1, 0, '2023-09-01 04:55:20', '2023-09-01 04:55:20'),
(403, 'THE VIJITT RESORT PHUKET เดอะวิจิตรรีสอร์ทภูเก็ต', 'THE VIJITT RESORT PHUKET เดอะวิจิตรรีสอร์ทภูเก็ต', '', '', '', 19, 1, 0, '2023-09-01 04:55:21', '2023-09-01 04:55:21'),
(404, 'Babylon Pool Villas บาบิลอน พูล วิลล่า', 'Babylon Pool Villas บาบิลอน พูล วิลล่า', '', '', '', 19, 1, 0, '2023-09-01 04:55:21', '2023-09-01 04:55:21'),
(405, 'BLUE BEACH GRAND RESORT AND SPA บลู บีช แกรนด์ รีสอร์ท แอนด์ สปา', 'BLUE BEACH GRAND RESORT AND SPA บลู บีช แกรนด์ รีสอร์ท แอนด์ สปา', '', '', '', 19, 1, 0, '2023-09-01 04:55:21', '2023-09-01 04:55:21'),
(406, 'Casabay Luxury Pool Villas คาซาเบย์ ลักชัวรี พูลวิลล่า', 'Casabay Luxury Pool Villas คาซาเบย์ ลักชัวรี พูลวิลล่า', '', '', '', 19, 0, 1, '2023-09-01 04:55:21', '2023-09-22 05:39:14'),
(407, 'Friendship Beach Resort & Atmanjai Wellness Spa โรงแรมเฟรนด์ชิปบีช รีสอร์ท แอนด์ อัตมันไจ เวลเนส สปา', 'Friendship Beach Resort & Atmanjai Wellness Spa โรงแรมเฟรนด์ชิปบีช รีสอร์ท แอนด์ อัตมันไจ เวลเนส สปา', '', '', '', 19, 1, 0, '2023-09-01 04:55:21', '2023-09-01 04:55:21'),
(408, 'Lady Naya Villas เลดี้ นายะ วิลล่า', 'Lady Naya Villas เลดี้ นายะ วิลล่า', '', '', '', 19, 0, 1, '2023-09-01 04:55:21', '2023-09-22 05:51:58'),
(409, 'Le Resort and Villas เลอ รีสอร์ท แอนด์ วิลล่า', 'Le Resort and Villas เลอ รีสอร์ท แอนด์ วิลล่า', '', '', '', 19, 0, 1, '2023-09-01 04:55:21', '2023-09-22 05:52:30'),
(410, 'Navatara Phuket Resort นวธารา ภูเก็ต รีสอร์ท', 'Navatara Phuket Resort นวธารา ภูเก็ต รีสอร์ท', '', '', '', 19, 1, 0, '2023-09-01 04:55:21', '2023-09-01 04:55:21'),
(411, 'Phu NaNa Boutique Hotel ภู นานา บูทีค โฮเต็ล ', 'Phu NaNa Boutique Hotel ภู นานา บูทีค โฮเต็ล ', '', '', '', 19, 0, 1, '2023-09-01 04:55:21', '2023-09-22 06:03:59'),
(412, 'Rawai Palm Beach Resort ราไว ปาล์ม บีช รีสอร์ท ', 'Rawai Palm Beach Resort ราไว ปาล์ม บีช รีสอร์ท ', '', '', '', 19, 1, 0, '2023-09-01 04:55:21', '2023-09-01 04:55:21'),
(413, 'Serenity Resort & Residences Phuket เซลิน่า เซเรนิตี้ ราไวย์ ภูเก็ต', 'Serenity Resort & Residences Phuket เซลิน่า เซเรนิตี้ ราไวย์ ภูเก็ต', '', '', '', 19, 1, 0, '2023-09-01 04:55:21', '2023-09-01 04:55:21'),
(414, 'Stay Wellbeing & Lifestyle Resort สเตย์ เวลบีอิ้ง แอนด์ ไลฟ์สไตล์ รีสอร์ท', 'Stay Wellbeing & Lifestyle Resort สเตย์ เวลบีอิ้ง แอนด์ ไลฟ์สไตล์ รีสอร์ท', '', '', '', 19, 1, 0, '2023-09-01 04:55:21', '2023-09-01 04:55:21'),
(415, 'THAMES TARA POOL VILLA RAWAI เทมส์ ธารา พูลวิลล่า ราไวย์', 'THAMES TARA POOL VILLA RAWAI เทมส์ ธารา พูลวิลล่า ราไวย์', '', '', '', 19, 1, 0, '2023-09-01 04:55:21', '2023-09-01 04:55:21'),
(416, 'Tharawalai resort ธาราวาลัย รีสอร์ท ', 'Tharawalai resort ธาราวาลัย รีสอร์ท ', '', '', '', 19, 0, 1, '2023-09-01 04:55:21', '2023-09-22 06:22:07'),
(417, 'The Mangosteen Resort and Spa เดอะ แมงโก้สทีน รีสอร์ท แอนด์ สปา', 'The Mangosteen Resort and Spa เดอะ แมงโก้สทีน รีสอร์ท แอนด์ สปา', '', '', '', 19, 1, 0, '2023-09-01 04:55:21', '2023-09-01 04:55:21'),
(418, 'The View Rawada Phuket', 'เดอะ วิว ราวาดา ภูเก็ต', '', '', '', 19, 1, 0, '2023-09-01 04:55:21', '2023-09-22 07:53:54'),
(419, 'ANANTARA PHUKET LAYAN RESORT  อนันตรา ลายัน ภูเก็ต รีสอร์ท', 'ANANTARA PHUKET LAYAN RESORT  อนันตรา ลายัน ภูเก็ต รีสอร์ท', '', '', '', 20, 1, 0, '2023-09-01 04:55:21', '2023-09-01 04:55:21'),
(420, 'The Pavilions Phuket เดอะ พาวิลเลี่ยน ภูเก็ต', 'The Pavilions Phuket เดอะ พาวิลเลี่ยน ภูเก็ต', '', '', '', 20, 1, 0, '2023-09-01 04:55:21', '2023-09-01 04:55:21'),
(421, 'AYARA HILLTOPS ไอยรา ฮิลล์ทอปส์', 'AYARA HILLTOPS ไอยรา ฮิลล์ทอปส์', '', '', '', 21, 1, 0, '2023-09-01 04:55:21', '2023-09-01 04:55:21'),
(422, 'SURIN PHUKET สุรินทร์ ภูเก็ต', 'SURIN PHUKET สุรินทร์ ภูเก็ต', '', '', '', 21, 1, 0, '2023-09-01 04:55:21', '2023-09-01 04:55:21'),
(423, 'TWINPALMS PHUKET HOTEL โรงแรมทวินปาล์มส์ภูเก็ต', 'TWINPALMS PHUKET HOTEL โรงแรมทวินปาล์มส์ภูเก็ต', '', '', '', 21, 1, 0, '2023-09-01 04:55:22', '2023-09-01 04:55:22'),
(424, 'AMANPURI Resort อมันปุรี  รีสอร์ท', 'AMANPURI Resort อมันปุรี  รีสอร์ท', '', '', '', 21, 0, 1, '2023-09-01 04:55:22', '2023-09-22 05:24:38'),
(425, 'Ayara Hilltops Boutique Resort and Spa ไอยรา ฮิลล์ท็อป บูติก รีสอร์ท แอนด์ สปา ภูเก็ต', 'Ayara Hilltops Boutique Resort and Spa ไอยรา ฮิลล์ท็อป บูติก รีสอร์ท แอนด์ สปา ภูเก็ต', '', '', '', 21, 1, 0, '2023-09-01 04:55:22', '2023-09-01 04:55:22'),
(426, 'The Chava Resort เดอะ ชวา รีสอร์ท', 'The Chava Resort เดอะ ชวา รีสอร์ท', '', '', '', 21, 1, 0, '2023-09-01 04:55:22', '2023-09-01 04:55:22'),
(427, 'The Surin Phuket  เดอะ สุรินทร์', 'The Surin Phuket  เดอะ สุรินทร์', '', '', '', 21, 1, 0, '2023-09-01 04:55:22', '2023-09-01 04:55:22'),
(428, 'Absolute Twin Sand', 'แอปโซลูท ทวินน์ แซนด์', '', '', '', 10, 1, 0, '2023-09-18 07:30:46', '2023-09-18 07:30:46'),
(429, 'I Am O\'Tel Patong', 'ไอแอม โอเทล ป่าตอง', '', '', '', 17, 1, 0, '2023-09-21 06:47:29', '2023-09-21 06:47:29'),
(430, 'Hotel A', 'โฮลเทล เอ', '', '', '', 0, 1, 0, '2023-09-21 10:59:55', '2023-09-21 11:05:27'),
(431, 'Hotel B', 'โฮลเทล บี', '', '', '', 0, 0, 1, '2023-09-21 11:05:57', '2023-09-21 11:07:28'),
(432, 'Hotel C', 'โฮลเทล ซี', '', '', '', 0, 0, 1, '2023-09-21 11:15:22', '2023-09-21 11:16:08'),
(433, 'The Natural Resort', 'เดอะ เนเชอรัล รีสอร์ท', '', '', '', 17, 1, 0, '2023-09-22 06:54:27', '2023-09-22 06:54:27'),
(434, 'Villa Sonata', 'วิลล่า โซนาต้า', ' 53/23 Moo 5, Chalong ซอย นากก ตำบล ฉลอง อำเภอเมืองภูเก็ต ภูเก็ต 83130\r\nhttps://maps.app.goo.gl/RtgA6Ypw2cGWH3kr7', '', '', 4, 1, 0, '2023-09-22 07:55:57', '2023-09-22 07:55:57'),
(435, 'Foto Hotel Phuket', 'โฟโต้โฮเทล ภูเก็ต', '', '076 601 398', '', 1, 1, 0, '2023-09-22 08:12:19', '2023-09-22 08:12:19'),
(436, 'GP House Phuket', 'จีพี เฮาส์ ภูเก็ต', '', '', '', 17, 1, 0, '2023-09-22 08:29:38', '2023-09-22 08:29:38'),
(437, 'Beehive Phuket Old Town', 'บึไฮฟ์ ภูเก็ต โอลด์ ทาวน์', '', '', '', 2, 1, 0, '2023-09-23 05:48:50', '2023-09-23 05:50:10'),
(438, 'Mirage Patong Phuket Hotel', 'มิราจ ป่าตอง ภูเก็ต โฮเทล', '', '', '', 17, 1, 0, '2023-09-23 06:03:34', '2023-09-23 06:03:34'),
(439, 'Isara Boutique Hotel and Café', 'ไอสรา บูทิก โฮเต็ล แอนด์ คาเฟ่ ', '', '', '', 17, 1, 0, '2023-09-23 06:05:04', '2023-09-23 06:05:04'),
(440, 'Garden Phuket Hotel', 'การ์เดน ภูเก็ต โฮเทล', '', '', '', 17, 1, 0, '2023-09-23 06:11:16', '2023-09-23 06:11:16'),
(441, 'The Crib Patong', 'เดอะคลิบ ป่าตอง', '', '', '', 17, 1, 0, '2023-10-04 05:36:56', '2023-10-04 05:36:56'),
(442, 'Hostel Our Nomad & โฮสเทล เอาเวอร์ โนแมด ', 'โฮสเทล เอาเวอร์ โนแมด ', '', '', '', 2, 1, 0, '2023-10-04 05:53:06', '2023-10-04 05:53:06'),
(443, 'Triple L Hotel Patong Beach Phuket & ทริปเปิ้ล แอล โฮเทล ป่าตอง บีช.', 'ทริปเปิ้ล แอล โฮเทล ป่าตอง บีช', '', '', '', 17, 1, 0, '2023-10-04 05:58:19', '2023-10-04 05:58:19'),
(444, 'The Charm Resort &  เดอะชาร์ม รีสอร์ท ภูเก็ต', ' เดอะชาร์ม รีสอร์ท ภูเก็ต', '', '', '', 0, 1, 0, '2023-10-04 06:13:22', '2023-10-04 06:13:22'),
(445, 'TBA', 'TBA', '', '', '', 0, 1, 0, '2023-11-08 06:09:47', '2023-11-08 06:09:47'),
(446, 'Princess Seaview Resort and Spa โรงแรมปรินเซสซีวิว รีสอร์ทแอนด์สปา', 'โรงแรมปรินเซสซีวิว รีสอร์ทแอนด์สปา', '', '', '', 14, 1, 0, '2023-11-08 06:15:14', '2023-11-08 06:15:14'),
(447, 'ASHLEE Plaza Hotel & Spa ดิ แอชลี พลาซ่า ป่าตอง โฮเทล แอนด์ สปา(', 'ดิ แอชลี พลาซ่า ป่าตอง โฮเทล แอนด์ สปา(', '', '', '', 17, 1, 0, '2023-11-08 06:34:38', '2023-11-08 06:34:38'),
(448, 'Panwaburi Beachfront Resort  พันวาบุรี บีชฟร้อนท์ รีสอร์ท', ' พันวาบุรี บีชฟร้อนท์ รีสอร์ท', '', '', '', 0, 1, 0, '2023-11-08 07:13:06', '2023-11-08 07:13:06'),
(449, 'เบล แอร์ ป่าตอง ภูเก็ต (Bel Aire Patong, Phuket)', 'เบล แอร์ ป่าตอง ภูเก็ต (Bel Aire Patong, Phuket)', '', '', '', 0, 1, 0, '2023-11-08 07:20:18', '2023-11-08 07:20:18'),
(450, 'โทนี่ รีสอร์ท TONY RESORT', 'โทนี่ รีสอร์ท', '', '', '', 17, 1, 0, '2023-11-10 05:53:11', '2023-11-10 05:53:11'),
(451, 'Oakwood Hotel Journeyhub Phuket โอ๊ควูด โฮเต็ล เจอร์นีย์ฮับ ภูเก็ต', 'โอ๊ควูด โฮเต็ล เจอร์นีย์ฮับ ภูเก็ต', '', '', '', 0, 1, 0, '2023-11-10 06:36:06', '2023-11-10 06:36:06'),
(452, 'Fishermen\'s Harbour ฟิชเชอร์แมนส์ ฮาร์เบอร์ เออร์เบิน รีสอร์ต', 'ฟิชเชอร์แมนส์ ฮาร์เบอร์ เออร์เบิน รีสอร์ต', '', '', '', 0, 1, 0, '2023-11-10 06:41:58', '2023-11-10 06:41:58'),
(453, 'The Lunar Patong Phuket', '', '', '', '', 17, 1, 0, '2023-12-03 04:18:10', '2023-12-03 04:18:10'),
(454, 'Bedline Hotel เบดไลน์โฮเทล ', '', '', '', '', 2, 1, 0, '2023-12-06 06:09:43', '2023-12-06 06:09:43'),
(455, 'RK Fashions', '', '', '', '', 17, 1, 0, '2023-12-07 13:15:39', '2023-12-07 13:15:39'),
(456, 'ออร์คิด รีซอร์เทล (Orchid Resortel)', '', '', '', '', 17, 1, 0, '2023-12-12 04:26:35', '2023-12-12 04:26:35'),
(457, 'ป่าตองล็อจ (Patong Lodge Hotel)', '', '', '', '', 15, 1, 0, '2023-12-16 09:27:05', '2023-12-16 09:27:05');

-- --------------------------------------------------------

--
-- Table structure for table `invoices`
--

CREATE TABLE `invoices` (
  `id` int(11) NOT NULL,
  `no` int(11) NOT NULL,
  `rec_date` date NOT NULL,
  `withholding` int(11) NOT NULL COMMENT 'หัก ณ ที่จ่าย',
  `note` text COLLATE utf8mb4_unicode_ci NOT NULL,
  `branche_id` int(11) NOT NULL,
  `booking_id` int(11) NOT NULL,
  `payment_id` int(11) NOT NULL,
  `vat_id` int(11) NOT NULL,
  `currency_id` int(11) NOT NULL,
  `cover_id` int(11) NOT NULL COMMENT 'ใบปะหน้า',
  `bank_account_id` int(11) NOT NULL,
  `user_id` int(11) NOT NULL COMMENT 'invoice by',
  `is_approved` int(11) NOT NULL,
  `is_deleted` int(11) NOT NULL,
  `created_at` datetime NOT NULL,
  `updated_at` datetime NOT NULL
) ENGINE=InnoDB DEFAULT CHARSET=utf8mb4 COLLATE=utf8mb4_unicode_ci;

--
-- Dumping data for table `invoices`
--

INSERT INTO `invoices` (`id`, `no`, `rec_date`, `withholding`, `note`, `branche_id`, `booking_id`, `payment_id`, `vat_id`, `currency_id`, `cover_id`, `bank_account_id`, `user_id`, `is_approved`, `is_deleted`, `created_at`, `updated_at`) VALUES
(3, 1, '2024-10-11', 3, '', 0, 167, 0, 1, 4, 2, 1, 1, 1, 0, '2024-10-03 23:32:31', '2024-10-03 23:32:54'),
(4, 2, '2024-10-11', 3, '', 0, 171, 0, 1, 4, 2, 1, 1, 1, 0, '2024-10-03 23:32:31', '2024-10-03 23:32:54'),
(5, 3, '2024-10-11', 3, '', 0, 162, 0, 1, 4, 2, 1, 1, 1, 0, '2024-10-03 23:32:31', '2024-10-03 23:32:54'),
(6, 4, '2024-10-11', 3, '', 0, 170, 0, 1, 4, 2, 1, 1, 1, 0, '2024-10-03 23:32:31', '2024-10-03 23:32:54'),
(7, 5, '2024-10-11', 3, '', 0, 164, 0, 1, 4, 2, 1, 1, 1, 0, '2024-10-03 23:32:31', '2024-10-03 23:32:54');

-- --------------------------------------------------------

--
-- Table structure for table `invoice_cover`
--

CREATE TABLE `invoice_cover` (
  `id` int(11) NOT NULL,
  `inv_date` date NOT NULL,
  `inv_no` int(11) NOT NULL,
  `inv_full` varchar(100) NOT NULL,
  `created_at` datetime NOT NULL
) ENGINE=InnoDB DEFAULT CHARSET=utf8mb4;

--
-- Dumping data for table `invoice_cover`
--

INSERT INTO `invoice_cover` (`id`, `inv_date`, `inv_no`, `inv_full`, `created_at`) VALUES
(2, '2024-10-03', 1, 'IN-0000001', '2024-10-03 23:32:31');

-- --------------------------------------------------------

--
-- Table structure for table `languages`
--

CREATE TABLE `languages` (
  `id` int(11) NOT NULL,
  `name_thai` varchar(50) COLLATE utf8mb4_unicode_ci NOT NULL,
  `name_eng` varchar(50) COLLATE utf8mb4_unicode_ci NOT NULL,
  `created_at` datetime NOT NULL DEFAULT current_timestamp()
) ENGINE=InnoDB DEFAULT CHARSET=utf8mb4 COLLATE=utf8mb4_unicode_ci;

--
-- Dumping data for table `languages`
--

INSERT INTO `languages` (`id`, `name_thai`, `name_eng`, `created_at`) VALUES
(1, 'ภาษาไทย', 'Thai', '2021-07-29 14:29:02'),
(2, 'ภาษาอังกฤษ', 'English', '2021-07-29 14:29:05'),
(3, 'ภาษาจีน', 'Chinese', '2021-07-29 14:32:26'),
(4, 'ภาษาญี่ปุ่น', 'Japanese', '2021-07-29 14:32:28');

-- --------------------------------------------------------

--
-- Table structure for table `login`
--

CREATE TABLE `login` (
  `id` int(11) NOT NULL,
  `username` varchar(50) COLLATE utf8mb4_unicode_ci NOT NULL,
  `password` varchar(65) COLLATE utf8mb4_unicode_ci NOT NULL,
  `user_id` int(11) NOT NULL,
  `created_at` datetime NOT NULL,
  `updated_at` datetime NOT NULL
) ENGINE=InnoDB DEFAULT CHARSET=utf8mb4 COLLATE=utf8mb4_unicode_ci;

--
-- Dumping data for table `login`
--

INSERT INTO `login` (`id`, `username`, `password`, `user_id`, `created_at`, `updated_at`) VALUES
(1, 'solution', '$2y$10$89YIJ3hp.LYcBRZNaYb0FOSiTWIdLlt5PPrANo7VbjE4bImZvnjcm', 1, '2022-11-25 07:28:59', '2022-11-25 07:28:59'),
(2, 'charter', '$2y$10$eP2WR.jSTbmaIGQf1pnCluIwk8eUQ1ik1orlpFMK1PwgpEGXamhsa', 2, '2023-02-01 10:35:50', '2023-02-01 10:35:50'),
(3, 'resning', '$2y$10$8ipgc2pXIvaQRplVnr6f/ugnYjBpBp5Ik5PBaguckCOZjHTH/TyT6', 3, '2023-09-18 06:26:00', '2023-09-18 06:26:00'),
(4, 'accam', '$2y$10$mpqilHdSF6.R.W6LUR5sre7zEJ7BNVCAIr4sBddsCvcvk5u7gta0K', 4, '2023-09-18 06:26:28', '2023-09-18 06:26:28'),
(5, 'accfon', '$2y$10$jJ/MgHPo3DFAkR1ky8JiweZO3U8nu6AXMJRlFQpHK0MPCZWOgnjIa', 5, '2023-09-18 06:26:54', '2023-09-18 06:26:54'),
(6, 'resnick', '$2y$10$OkJuu8XzHbR7ReJAEQnrwOAjiMky0YeVJpO63rgLG6Qv46the8WRu', 6, '2023-09-18 06:38:00', '2023-09-18 06:38:00'),
(7, 'respuinun', '$2y$10$bvMIm.lsf.hsbEr3pDZfnuQ4smv0QBBpmTS280Z4OM5bEm4FVREtK', 7, '2023-09-18 06:38:42', '2023-09-18 06:38:42'),
(8, 'new123456', '$2y$10$ICrx328LgHbPkeqHjGBt0.Sbg9aZ.APs.yBtORpxfVDUWLmNG0tKS', 8, '2024-06-03 16:06:05', '2024-06-05 07:21:44');

-- --------------------------------------------------------

--
-- Table structure for table `nationalitys`
--

CREATE TABLE `nationalitys` (
  `id` int(11) NOT NULL,
  `name` varchar(100) COLLATE utf8_unicode_ci DEFAULT NULL,
  `is_approved` int(11) DEFAULT 1,
  `created_at` datetime DEFAULT NULL
) ENGINE=InnoDB DEFAULT CHARSET=utf8 COLLATE=utf8_unicode_ci;

--
-- Dumping data for table `nationalitys`
--

INSERT INTO `nationalitys` (`id`, `name`, `is_approved`, `created_at`) VALUES
(1, 'Aruba', 1, '2021-09-15 15:37:35'),
(2, 'Afghanistan', 1, '2021-09-15 15:37:35'),
(3, 'Angola', 1, '2021-09-15 15:37:35'),
(4, 'Anguilla', 1, '2021-09-15 15:37:35'),
(5, 'land Islands', 1, '2021-09-15 15:37:35'),
(6, 'Albania', 1, '2021-09-15 15:37:35'),
(7, 'Andorra', 1, '2021-09-15 15:37:35'),
(8, 'Netherlands Antilles', 1, '2021-09-15 15:37:35'),
(9, 'United Arab Emirates', 1, '2021-09-15 15:37:35'),
(10, 'Argentina', 1, '2021-09-15 15:37:35'),
(11, 'Armenia', 1, '2021-09-15 15:37:35'),
(12, 'American Samoa', 1, '2021-09-15 15:37:35'),
(13, 'Antarctica', 1, '2021-09-15 15:37:35'),
(14, 'French Southern and Antarctic Lands', 1, '2021-09-15 15:37:35'),
(15, 'Antigua and Barbuda', 1, '2021-09-15 15:37:35'),
(16, 'Australia', 1, '2021-09-15 15:37:35'),
(17, 'Austria', 1, '2021-09-15 15:37:35'),
(18, 'Azerbaijan', 1, '2021-09-15 15:37:35'),
(19, 'Burundi', 1, '2021-09-15 15:37:35'),
(20, 'Belgium', 1, '2021-09-15 15:37:35'),
(21, 'Benin', 1, '2021-09-15 15:37:35'),
(22, 'Burkina Faso', 1, '2021-09-15 15:37:35'),
(23, 'Bangladesh', 1, '2021-09-15 15:37:35'),
(24, 'Bulgaria', 1, '2021-09-15 15:37:35'),
(25, 'Bahrain', 1, '2021-09-15 15:37:35'),
(26, 'Bahamas', 1, '2021-09-15 15:37:35'),
(27, 'Bosnia and Herzegovina', 1, '2021-09-15 15:37:35'),
(28, 'Belarus', 1, '2021-09-15 15:37:35'),
(29, 'Bermuda', 1, '2021-09-15 15:37:35'),
(30, 'Brazil', 1, '2021-09-15 15:37:35'),
(31, 'Barbados', 1, '2021-09-15 15:37:35'),
(32, 'Bhutan', 1, '2021-09-15 15:37:35'),
(33, 'Bouvet Island', 1, '2021-09-15 15:37:35'),
(34, 'Botswana', 1, '2021-09-15 15:37:35'),
(35, 'Central African Republic', 1, '2021-09-15 15:37:35'),
(36, 'The Territory of Cocos (Keeling) Islands', 1, '2021-09-15 15:37:35'),
(37, 'Switzerland', 1, '2021-09-15 15:37:35'),
(38, 'Chile', 1, '2021-09-15 15:37:35'),
(39, 'China', 1, '2021-09-15 15:37:35'),
(41, 'Cameroon', 1, '2021-09-15 15:37:35'),
(42, 'The Democratic Republic of the Congo', 1, '2021-09-15 15:37:35'),
(43, 'Cook Islands', 1, '2021-09-15 15:37:35'),
(44, 'Colombia', 1, '2021-09-15 15:37:35'),
(45, 'Comoros', 1, '2021-09-15 15:37:35'),
(46, 'Cabo Verde', 1, '2021-09-15 15:37:35'),
(47, 'Costa Rica', 1, '2021-09-15 15:37:35'),
(48, 'Cuba', 1, '2021-09-15 15:37:35'),
(49, 'Christmas Island', 1, '2021-09-15 15:37:35'),
(50, 'Cayman Islands', 1, '2021-09-15 15:37:35'),
(51, 'Cyprus', 1, '2021-09-15 15:37:35'),
(52, 'Czech Republic', 1, '2021-09-15 15:37:35'),
(53, 'Germany', 1, '2021-09-15 15:37:35'),
(54, 'Djibouti', 1, '2021-09-15 15:37:35'),
(55, 'Danmark', 1, '2021-09-15 15:37:35'),
(56, 'Algeria', 1, '2021-09-15 15:37:35'),
(57, 'Ecuador', 1, '2021-09-15 15:37:35'),
(58, 'Egypt', 1, '2021-09-15 15:37:35'),
(59, 'Eritrea', 1, '2021-09-15 15:37:35'),
(60, 'Western Sahara', 1, '2021-09-15 15:37:35'),
(61, 'Spain', 1, '2021-09-15 15:37:35'),
(62, 'Estonia', 1, '2021-09-15 15:37:35'),
(63, 'Ethiopia', 1, '2021-09-15 15:37:35'),
(64, 'Finland', 1, '2021-09-15 15:37:35'),
(65, 'Fiji', 1, '2021-09-15 15:37:35'),
(66, 'Falkland Islands (Malvinas)', 1, '2021-09-15 15:37:35'),
(67, 'France', 1, '2021-09-15 15:37:35'),
(68, 'Faroe Islands', 1, '2021-09-15 15:37:35'),
(69, 'Micronesia', 1, '2021-09-15 15:37:35'),
(70, 'Gabon', 1, '2021-09-15 15:37:35'),
(71, 'United Kingdom', 1, '2021-09-15 15:37:35'),
(72, 'Georgia', 1, '2021-09-15 15:37:35'),
(73, 'Ghana', 1, '2021-09-15 15:37:35'),
(74, 'Gibraltar', 1, '2021-09-15 15:37:35'),
(75, 'Guinea', 1, '2021-09-15 15:37:35'),
(76, 'Guadeloupe', 1, '2021-09-15 15:37:35'),
(77, 'Gambia', 1, '2021-09-15 15:37:35'),
(78, 'Equatorial Guinea', 1, '2021-09-15 15:37:35'),
(79, 'Greece', 1, '2021-09-15 15:37:35'),
(80, 'Grenada', 1, '2021-09-15 15:37:35'),
(81, 'Greenland', 1, '2021-09-15 15:37:35'),
(82, 'Guatemala', 1, '2021-09-15 15:37:35'),
(83, 'French Guiana', 1, '2021-09-15 15:37:35'),
(84, 'Guam', 1, '2021-09-15 15:37:35'),
(85, 'Guyana', 1, '2021-09-15 15:37:35'),
(86, 'Hong Kong', 1, '2021-09-15 15:37:35'),
(87, 'Heard and McDonald Islands', 1, '2021-09-15 15:37:35'),
(88, 'Honduras', 1, '2021-09-15 15:37:35'),
(89, 'Haiti', 1, '2021-09-15 15:37:35'),
(90, 'Hungary', 1, '2021-09-15 15:37:35'),
(91, 'Indonesia', 1, '2021-09-15 15:37:35'),
(92, 'India', 1, '2021-09-15 15:37:35'),
(93, 'British Indian Ocean Territory', 1, '2021-09-15 15:37:35'),
(94, 'Ireland', 1, '2021-09-15 15:37:35'),
(95, 'Iraq', 1, '2021-09-15 15:37:35'),
(96, 'Iceland', 1, '2021-09-15 15:37:35'),
(97, 'Israel', 1, '2021-09-15 15:37:35'),
(98, 'Italy', 1, '2021-09-15 15:37:35'),
(99, 'Jamaica', 1, '2021-09-15 15:37:35'),
(100, 'Jordan', 1, '2021-09-15 15:37:35'),
(101, 'Japan', 1, '2021-09-15 15:37:35'),
(102, 'Kazakhstan', 1, '2021-09-15 15:37:35'),
(103, 'Kenya', 1, '2021-09-15 15:37:35'),
(104, 'Kyrgyzstan', 1, '2021-09-15 15:37:35'),
(105, 'Cambodia', 1, '2021-09-15 15:37:35'),
(106, 'Republic of Korea', 1, '2021-09-15 15:37:35'),
(107, 'Kuwait', 1, '2021-09-15 15:37:35'),
(108, 'Lebanon', 1, '2021-09-15 15:37:35'),
(109, 'Liberia', 1, '2021-09-15 15:37:35'),
(110, 'Libya', 1, '2021-09-15 15:37:35'),
(111, 'Saint Lucia', 1, '2021-09-15 15:37:35'),
(112, 'Sri Lanka', 1, '2021-09-15 15:37:35'),
(113, 'Lesotho', 1, '2021-09-15 15:37:35'),
(114, 'Lithuania', 1, '2021-09-15 15:37:35'),
(115, 'Luxembourg', 1, '2021-09-15 15:37:35'),
(116, 'Latvia', 1, '2021-09-15 15:37:35'),
(117, 'Macao', 1, '2021-09-15 15:37:35'),
(118, 'Morocco', 1, '2021-09-15 15:37:35'),
(119, 'Monaco', 1, '2021-09-15 15:37:35'),
(120, 'Madagascar', 1, '2021-09-15 15:37:35'),
(121, 'Maldives', 1, '2021-09-15 15:37:35'),
(122, 'Mexico', 1, '2021-09-15 15:37:35'),
(123, 'Republic of Macedonia', 1, '2021-09-15 15:37:35'),
(124, 'Mali', 1, '2021-09-15 15:37:35'),
(125, 'Malta', 1, '2021-09-15 15:37:35'),
(126, 'Myanmar', 1, '2021-09-15 15:37:35'),
(127, 'Montenegro', 1, '2021-09-15 15:37:35'),
(128, 'Mongolia', 1, '2021-09-15 15:37:35'),
(129, 'Northern Mariana Islands', 1, '2021-09-15 15:37:35'),
(130, 'Mozambique', 1, '2021-09-15 15:37:35'),
(131, 'Mauritania', 1, '2021-09-15 15:37:35'),
(132, 'Montserrat', 1, '2021-09-15 15:37:35'),
(133, 'Martinique', 1, '2021-09-15 15:37:35'),
(134, 'Malaysia', 1, '2021-09-15 15:37:35'),
(135, 'Mayotte', 1, '2021-09-15 15:37:35'),
(136, 'Namibia', 1, '2021-09-15 15:37:35'),
(137, 'New Caledonia', 1, '2021-09-15 15:37:35'),
(138, 'Niger', 1, '2021-09-15 15:37:35'),
(139, 'Norfolk Island', 1, '2021-09-15 15:37:35'),
(140, 'Nigeria', 1, '2021-09-15 15:37:35'),
(141, 'Nicaragua', 1, '2021-09-15 15:37:35'),
(142, 'Niue', 1, '2021-09-15 15:37:35'),
(143, 'Norway', 1, '2021-09-15 15:37:35'),
(144, 'Nauru', 1, '2021-09-15 15:37:35'),
(145, 'New Zealand', 1, '2021-09-15 15:37:35'),
(146, 'Oman', 1, '2021-09-15 15:37:35'),
(147, 'Pakistan', 1, '2021-09-15 15:37:35'),
(148, 'Panama', 1, '2021-09-15 15:37:35'),
(149, 'Pitcairn Islands', 1, '2021-09-15 15:37:35'),
(150, 'Peru', 1, '2021-09-15 15:37:35'),
(151, 'Philippines', 1, '2021-09-15 15:37:35'),
(152, 'Palau', 1, '2021-09-15 15:37:35'),
(153, 'Papua New Guinea', 1, '2021-09-15 15:37:35'),
(154, 'Puerto Rico', 1, '2021-09-15 15:37:35'),
(155, 'Portugal', 1, '2021-09-15 15:37:35'),
(156, 'Paraguay', 1, '2021-09-15 15:37:35'),
(157, 'French Polynesia', 1, '2021-09-15 15:37:35'),
(158, 'Qatar', 1, '2021-09-15 15:37:35'),
(159, 'R้union', 1, '2021-09-15 15:37:35'),
(160, 'Romania', 1, '2021-09-15 15:37:35'),
(161, 'Rwanda', 1, '2021-09-15 15:37:35'),
(162, 'Sudan', 1, '2021-09-15 15:37:35'),
(163, 'Senegal', 1, '2021-09-15 15:37:35'),
(164, 'Singapore', 1, '2021-09-15 15:37:35'),
(165, 'South Georgia and the South Sandwich Islands', 1, '2021-09-15 15:37:35'),
(166, 'Saint Helena', 1, '2021-09-15 15:37:35'),
(167, 'Svalbard and Jan Mayen', 1, '2021-09-15 15:37:35'),
(168, 'Solomon Islands', 1, '2021-09-15 15:37:35'),
(169, 'Sierra Leone', 1, '2021-09-15 15:37:35'),
(170, 'El Salvador', 1, '2021-09-15 15:37:35'),
(171, 'San Marino', 1, '2021-09-15 15:37:35'),
(172, 'Somalia', 1, '2021-09-15 15:37:35'),
(173, 'Saint Pierre and Miquelon', 1, '2021-09-15 15:37:35'),
(174, 'Serbia', 1, '2021-09-15 15:37:35'),
(175, 'Sao Tome and Principe', 1, '2021-09-15 15:37:35'),
(176, 'Slovenia', 1, '2021-09-15 15:37:35'),
(177, 'Sweden', 1, '2021-09-15 15:37:35'),
(178, 'Swaziland', 1, '2021-09-15 15:37:35'),
(179, 'Turks and Caicos Islands', 1, '2021-09-15 15:37:35'),
(180, 'Tchad', 1, '2021-09-15 15:37:35'),
(181, 'Togo', 1, '2021-09-15 15:37:35'),
(182, 'Thailand', 1, '2021-09-15 15:37:35'),
(183, 'Tajikistan', 1, '2021-09-15 15:37:35'),
(184, 'Tokelau', 1, '2021-09-15 15:37:35'),
(185, 'Turkmenistan', 1, '2021-09-15 15:37:35'),
(186, 'Timor-Leste', 1, '2021-09-15 15:37:35'),
(187, 'Trinidad and Tobago', 1, '2021-09-15 15:37:35'),
(188, 'Tunisia', 1, '2021-09-15 15:37:35'),
(189, 'Turkey', 1, '2021-09-15 15:37:35'),
(190, 'Tuvalu', 1, '2021-09-15 15:37:35'),
(191, 'Uganda', 1, '2021-09-15 15:37:35'),
(192, 'Ukraine', 1, '2021-09-15 15:37:35'),
(193, 'United States Minor Outlying Islands', 1, '2021-09-15 15:37:35'),
(194, 'Uruguay', 1, '2021-09-15 15:37:35'),
(195, 'United States of America', 1, '2021-09-15 15:37:35'),
(196, 'Uzbekistan', 1, '2021-09-15 15:37:35'),
(197, 'State of the Vatican City', 1, '2021-09-15 15:37:35'),
(198, 'Saint Vincent and the Grenadines', 1, '2021-09-15 15:37:35'),
(199, 'British Virgin Islands', 1, '2021-09-15 15:37:35'),
(200, 'United States Virgin Islands', 1, '2021-09-15 15:37:35'),
(201, 'Viet Nam', 1, '2021-09-15 15:37:35'),
(202, 'Vanuatu', 1, '2021-09-15 15:37:35'),
(203, 'Wallis and Futuna', 1, '2021-09-15 15:37:35'),
(204, 'Samoa', 1, '2021-09-15 15:37:35'),
(205, 'Yemen', 1, '2021-09-15 15:37:35'),
(206, 'Zambia', 1, '2021-09-15 15:37:35'),
(207, 'Zimbabwe', 1, '2021-09-15 15:37:35'),
(208, 'Negara Brunei Darussalam', 1, '2021-09-15 15:37:35'),
(209, 'Plurinational State of Bolivia', 1, '2021-09-15 15:37:35'),
(210, 'Belize', 1, '2021-09-15 15:37:35'),
(211, 'Canada', 1, '2021-09-15 15:37:35'),
(212, 'Congo', 1, '2021-09-15 15:37:35'),
(213, 'Dominica', 1, '2021-09-15 15:37:35'),
(214, 'Dominican Republic', 1, '2021-09-15 15:37:35'),
(215, 'Guinea-Bissau', 1, '2021-09-15 15:37:35'),
(216, 'Croatia', 1, '2021-09-15 15:37:35'),
(217, 'Islamic Republic of Iran', 1, '2021-09-15 15:37:35'),
(218, 'Kiribati', 1, '2021-09-15 15:37:35'),
(219, 'Saint Kitts and Nevis', 1, '2021-09-15 15:37:35'),
(220, 'Democratic People\'s Republic of Korea', 1, '2021-09-15 15:37:35'),
(221, 'Lao People\'s Democratic Republic', 1, '2021-09-15 15:37:35'),
(222, 'Liechtenstein', 1, '2021-09-15 15:37:35'),
(223, 'Republic of Moldova', 1, '2021-09-15 15:37:35'),
(224, 'Marshall Islands', 1, '2021-09-15 15:37:35'),
(225, 'Mauritius', 1, '2021-09-15 15:37:35'),
(226, 'Republic of Malawi', 1, '2021-09-15 15:37:35'),
(227, 'Netherlands', 1, '2021-09-15 15:37:35'),
(228, 'Federal Democratic Republic of Nepal', 1, '2021-09-15 15:37:35'),
(229, 'Republic of Poland', 1, '2021-09-15 15:37:35'),
(230, 'State of Palestine', 1, '2021-09-15 15:37:35'),
(231, 'Russian Federation', 1, '2021-09-15 15:37:35'),
(232, 'Saudi Arabia', 1, '2021-09-15 15:37:35'),
(233, 'Seychelles', 1, '2021-09-15 15:37:35'),
(234, 'Slovakia', 1, '2021-09-15 15:37:35'),
(235, 'Suriname', 1, '2021-09-15 15:37:35'),
(236, 'Syrian Arab Republic', 1, '2021-09-15 15:37:35'),
(237, 'Tonga', 1, '2021-09-15 15:37:35'),
(238, 'Taiwan', 1, '2021-09-15 15:37:35'),
(239, 'United Republic of Tanzania', 1, '2021-09-15 15:37:35'),
(240, 'Bolivarian Republic of Venezuela', 1, '2021-09-15 15:37:35'),
(241, 'Republic of South Africa', 1, '2021-09-15 15:37:35'),
(242, 'Republic of Kosovo', 1, '2021-09-15 15:37:35');

-- --------------------------------------------------------

--
-- Table structure for table `order_boat`
--

CREATE TABLE `order_boat` (
  `id` int(11) NOT NULL,
  `travel_date` date NOT NULL,
  `time` time NOT NULL,
  `note` text COLLATE utf8mb4_unicode_ci NOT NULL,
  `boat_id` int(11) NOT NULL,
  `guide_id` int(11) NOT NULL,
  `color_id` int(11) NOT NULL,
  `created_at` datetime NOT NULL
) ENGINE=InnoDB DEFAULT CHARSET=utf8mb4 COLLATE=utf8mb4_unicode_ci;

--
-- Dumping data for table `order_boat`
--

INSERT INTO `order_boat` (`id`, `travel_date`, `time`, `note`, `boat_id`, `guide_id`, `color_id`, `created_at`) VALUES
(1, '2024-09-30', '05:45:00', '', 1, 1, 3, '2024-09-17 17:40:37'),
(2, '2024-09-30', '08:15:00', '', 3, 4, 4, '2024-09-22 01:02:37');

-- --------------------------------------------------------

--
-- Table structure for table `order_transfer`
--

CREATE TABLE `order_transfer` (
  `id` int(11) NOT NULL,
  `driver` varchar(100) COLLATE utf8mb4_unicode_ci NOT NULL,
  `license` varchar(50) COLLATE utf8mb4_unicode_ci NOT NULL,
  `telephone` varchar(50) COLLATE utf8mb4_unicode_ci NOT NULL,
  `travel_date` date NOT NULL,
  `note` text COLLATE utf8mb4_unicode_ci NOT NULL,
  `pickup` int(11) NOT NULL,
  `dropoff` int(11) NOT NULL,
  `seat` int(11) NOT NULL,
  `car_id` int(11) NOT NULL,
  `created_at` datetime NOT NULL
) ENGINE=InnoDB DEFAULT CHARSET=utf8mb4 COLLATE=utf8mb4_unicode_ci;

--
-- Dumping data for table `order_transfer`
--

INSERT INTO `order_transfer` (`id`, `driver`, `license`, `telephone`, `travel_date`, `note`, `pickup`, `dropoff`, `seat`, `car_id`, `created_at`) VALUES
(9, '', 'กด9012กทม', '', '2024-09-30', '', 1, 0, 12, 3, '2024-09-22 00:33:03');

-- --------------------------------------------------------

--
-- Table structure for table `park`
--

CREATE TABLE `park` (
  `id` int(11) NOT NULL,
  `name` varchar(225) COLLATE utf8_unicode_ci NOT NULL,
  `rate_adult_eng` double(9,2) NOT NULL,
  `rate_child_eng` double(9,2) NOT NULL,
  `rate_adult_th` double(9,2) NOT NULL,
  `rate_child_th` double(9,2) NOT NULL,
  `is_approved` int(11) NOT NULL DEFAULT 1,
  `is_deleted` int(11) NOT NULL DEFAULT 0,
  `created_at` datetime NOT NULL,
  `updated_at` datetime NOT NULL
) ENGINE=InnoDB DEFAULT CHARSET=utf8 COLLATE=utf8_unicode_ci;

-- --------------------------------------------------------

--
-- Table structure for table `payments_type`
--

CREATE TABLE `payments_type` (
  `id` int(11) NOT NULL,
  `name` varchar(150) COLLATE utf8mb4_unicode_ci NOT NULL,
  `type` int(11) NOT NULL COMMENT 'IN : 1\r\nBI : 2',
  `created_at` datetime NOT NULL,
  `updated_at` datetime NOT NULL
) ENGINE=InnoDB DEFAULT CHARSET=utf8mb4 COLLATE=utf8mb4_unicode_ci;

--
-- Dumping data for table `payments_type`
--

INSERT INTO `payments_type` (`id`, `name`, `type`, `created_at`, `updated_at`) VALUES
(1, 'เก็บเต็มจำนวน', 1, '2022-06-10 08:45:28', '2022-06-10 08:45:28'),
(2, 'ชำระเงินเป็นงวด', 1, '2022-06-10 08:45:28', '2022-06-10 08:45:28'),
(3, 'เงินสด', 2, '2022-06-29 09:16:21', '2022-06-29 09:16:21'),
(4, 'โอนเงิน', 2, '2022-06-29 09:16:21', '2022-06-29 09:16:21'),
(5, 'เช็คธนาคาร', 2, '2022-06-29 09:16:21', '2022-06-29 09:16:21'),
(6, 'เงินสด', 3, '2022-06-29 09:16:21', '2022-06-29 09:16:21'),
(7, 'โอนเงิน', 3, '2022-06-29 09:16:21', '2022-06-29 09:16:21'),
(8, 'เช็คธนาคาร', 3, '2022-06-29 09:16:21', '2022-06-29 09:16:21');

-- --------------------------------------------------------

--
-- Table structure for table `permissions`
--

CREATE TABLE `permissions` (
  `id` int(11) NOT NULL,
  `name` varchar(200) COLLATE utf8mb4_unicode_ci NOT NULL,
  `is_approved` int(11) NOT NULL DEFAULT 1,
  `created_at` datetime NOT NULL DEFAULT current_timestamp()
) ENGINE=InnoDB DEFAULT CHARSET=utf8mb4 COLLATE=utf8mb4_unicode_ci;

--
-- Dumping data for table `permissions`
--

INSERT INTO `permissions` (`id`, `name`, `is_approved`, `created_at`) VALUES
(2, 'Products', 1, '2021-05-24 07:15:37'),
(3, 'Bookings', 1, '2021-05-24 07:15:37'),
(4, 'invoices', 0, '2021-05-24 07:28:03'),
(5, 'Reports', 1, '2022-11-16 10:58:54');

-- --------------------------------------------------------

--
-- Table structure for table `permission_role`
--

CREATE TABLE `permission_role` (
  `id` int(11) NOT NULL,
  `role_id` int(11) NOT NULL,
  `permission_id` int(11) NOT NULL,
  `created_at` datetime NOT NULL DEFAULT current_timestamp()
) ENGINE=InnoDB DEFAULT CHARSET=utf8mb4 COLLATE=utf8mb4_unicode_ci;

-- --------------------------------------------------------

--
-- Table structure for table `permission_user`
--

CREATE TABLE `permission_user` (
  `id` int(11) NOT NULL,
  `user_id` int(11) NOT NULL,
  `permission_id` int(11) NOT NULL,
  `created_at` datetime NOT NULL
) ENGINE=InnoDB DEFAULT CHARSET=utf8mb4 COLLATE=utf8mb4_unicode_ci;

-- --------------------------------------------------------

--
-- Table structure for table `place`
--

CREATE TABLE `place` (
  `id` int(11) NOT NULL,
  `provinces` int(11) NOT NULL,
  `zones` int(11) NOT NULL,
  `name` varchar(100) COLLATE utf8mb4_unicode_ci NOT NULL,
  `pickup` int(11) NOT NULL,
  `dropoff` int(11) NOT NULL,
  `is_approved` int(11) NOT NULL DEFAULT 0,
  `is_deleted` int(11) NOT NULL DEFAULT 0,
  `created_at` datetime NOT NULL,
  `updated_at` datetime NOT NULL
) ENGINE=InnoDB DEFAULT CHARSET=utf8mb4 COLLATE=utf8mb4_unicode_ci;

--
-- Dumping data for table `place`
--

INSERT INTO `place` (`id`, `provinces`, `zones`, `name`, `pickup`, `dropoff`, `is_approved`, `is_deleted`, `created_at`, `updated_at`) VALUES
(1, 66, 1, 'กะทู้', 1, 1, 1, 0, '2023-01-04 03:13:11', '2023-01-04 03:13:11'),
(2, 66, 2, 'ในทอน', 1, 1, 1, 0, '2023-01-04 03:13:25', '2023-01-04 03:15:03'),
(3, 66, 0, 'Phuket International Airport', 1, 1, 1, 0, '2023-01-09 07:15:51', '2023-01-09 07:15:51'),
(4, 66, 0, 'Phuket Town', 1, 1, 1, 0, '2023-01-09 07:15:51', '2023-01-09 07:15:51'),
(5, 66, 0, 'Rassada Pier', 1, 1, 1, 0, '2023-01-09 07:15:51', '2023-01-09 07:15:51'),
(6, 66, 0, 'Boat Lagoon (Marina)', 1, 1, 1, 0, '2023-01-09 07:15:51', '2023-01-09 07:15:51'),
(7, 66, 0, 'Royal Phuket Marina', 1, 1, 1, 0, '2023-01-09 07:15:51', '2023-01-09 07:15:51'),
(8, 66, 0, 'Bang Rong Pier', 1, 1, 1, 0, '2023-01-09 07:15:51', '2023-01-09 07:15:51'),
(9, 66, 0, 'Coconut Island', 1, 1, 1, 0, '2023-01-09 07:15:51', '2023-01-09 07:15:51'),
(10, 66, 0, 'Laem Hin Pier', 1, 1, 1, 0, '2023-01-09 07:15:51', '2023-01-09 07:15:51'),
(11, 66, 0, 'Laem Sai', 1, 1, 1, 0, '2023-01-09 07:15:51', '2023-01-09 07:15:51'),
(12, 66, 0, 'Ao Por Pier', 1, 1, 1, 0, '2023-01-09 07:15:51', '2023-01-09 07:15:51'),
(13, 66, 0, 'Point Yamu', 1, 1, 1, 0, '2023-01-09 07:15:51', '2023-01-09 07:15:51'),
(14, 66, 0, 'Royal Yacht Haven', 1, 1, 1, 0, '2023-01-09 07:15:51', '2023-01-09 07:15:51'),
(15, 66, 0, 'Laem Phrao', 1, 1, 1, 0, '2023-01-09 07:15:51', '2023-01-09 07:15:51'),
(16, 66, 0, 'Sai Kaew Beach', 1, 1, 1, 0, '2023-01-09 07:15:51', '2023-01-09 07:15:51'),
(17, 66, 0, 'Mai Khao Beach', 1, 1, 1, 0, '2023-01-09 07:15:51', '2023-01-09 07:15:51'),
(18, 66, 0, 'Naiyang Beach', 1, 1, 1, 0, '2023-01-09 07:15:51', '2023-01-09 07:15:51'),
(19, 66, 0, 'Naithon Beach', 1, 1, 1, 0, '2023-01-09 07:15:51', '2023-01-09 07:15:51'),
(20, 66, 0, 'Layan Beach', 1, 1, 1, 0, '2023-01-09 07:15:51', '2023-01-09 07:15:51'),
(21, 66, 0, 'Laguna Beach', 1, 1, 1, 0, '2023-01-09 07:15:51', '2023-01-09 07:15:51'),
(22, 66, 0, 'Bangtao Beach', 1, 1, 1, 0, '2023-01-09 07:15:51', '2023-01-09 07:15:51'),
(23, 66, 0, 'Surin Beach', 1, 1, 1, 0, '2023-01-09 07:15:51', '2023-01-09 07:15:51'),
(24, 66, 0, 'Kamala Beach', 1, 1, 1, 0, '2023-01-09 07:15:51', '2023-01-09 07:15:51'),
(25, 66, 0, 'Nakalay Beach', 1, 1, 1, 0, '2023-01-09 07:15:51', '2023-01-09 07:15:51'),
(26, 66, 0, 'Kalim Beach', 1, 1, 1, 0, '2023-01-09 07:15:51', '2023-01-09 07:15:51'),
(27, 66, 0, 'Patong Beach', 1, 1, 1, 0, '2023-01-09 07:15:51', '2023-01-09 07:15:51'),
(28, 66, 0, 'Tri Trang Beach', 1, 1, 1, 0, '2023-01-09 07:15:51', '2023-01-09 07:15:51'),
(29, 66, 0, 'Laguna', 1, 1, 1, 0, '2023-01-09 07:15:51', '2023-01-09 07:15:51'),
(30, 66, 0, 'Karon Beach', 1, 1, 1, 0, '2023-01-09 07:15:51', '2023-01-09 07:15:51'),
(31, 66, 0, 'Kata Beach', 1, 1, 1, 0, '2023-01-09 07:15:51', '2023-01-09 07:15:51'),
(32, 66, 0, 'Naiharn Beach', 1, 1, 1, 0, '2023-01-09 07:15:51', '2023-01-09 07:15:51'),
(33, 66, 0, 'Rawai Beach', 1, 1, 1, 0, '2023-01-09 07:15:51', '2023-01-09 07:15:51'),
(34, 66, 0, 'Yanui Beach', 1, 1, 1, 0, '2023-01-09 07:15:51', '2023-01-09 07:15:51'),
(35, 66, 0, 'Naiya Beach', 1, 1, 1, 0, '2023-01-09 07:15:51', '2023-01-09 07:15:51'),
(36, 66, 0, 'Chalong Pier', 1, 1, 1, 0, '2023-01-09 07:15:51', '2023-01-09 07:15:51'),
(37, 66, 0, 'Chalong Bay', 1, 1, 1, 0, '2023-01-09 07:15:51', '2023-01-09 07:15:51'),
(38, 66, 0, 'Cape Panwa', 1, 1, 1, 0, '2023-01-09 07:15:51', '2023-01-09 07:15:51'),
(39, 66, 0, 'Cape Khao Khad', 1, 1, 1, 0, '2023-01-09 07:15:51', '2023-01-09 07:15:51'),
(40, 66, 0, 'Ma Kham Bay', 1, 1, 1, 0, '2023-01-09 07:15:51', '2023-01-09 07:15:51'),
(41, 66, 0, 'Siray Bay', 1, 1, 1, 0, '2023-01-09 07:15:51', '2023-01-09 07:15:51'),
(42, 66, 0, 'The Westin Siray', 1, 1, 1, 0, '2023-01-09 07:15:51', '2023-01-09 07:15:51'),
(43, 66, 0, 'Natai Beach', 1, 1, 1, 0, '2023-01-09 07:15:51', '2023-01-09 07:15:51'),
(44, 66, 0, 'Phang Nga', 1, 1, 1, 0, '2023-01-09 07:15:51', '2023-01-09 07:15:51'),
(45, 65, 0, 'Khaolak  - Nang Thong Beach (Phang Nga)', 1, 1, 1, 0, '2023-01-09 07:15:51', '2023-01-09 07:33:02'),
(46, 65, 0, 'Khaolak  - Bang Niang Beach  (Phang Nga)', 1, 1, 1, 0, '2023-01-09 07:15:51', '2023-01-09 07:32:33'),
(47, 65, 0, 'Khaolak  - Khuk Khak Beach  (Phang Nga)', 1, 1, 1, 0, '2023-01-09 07:15:51', '2023-01-09 07:32:49'),
(48, 65, 0, 'Khaolak  - Bang Sak Beach  (Phang Nga)', 1, 1, 1, 0, '2023-01-09 07:15:51', '2023-01-09 07:32:42'),
(49, 65, 0, 'Khaolak  - Nam Khem  (Phang Nga)', 1, 1, 1, 0, '2023-01-09 07:15:51', '2023-01-09 07:32:55'),
(50, 64, 0, 'Krabi Airport', 1, 1, 1, 0, '2023-01-09 07:15:51', '2023-01-09 07:33:37'),
(51, 64, 0, 'Krabi Ao Nang', 1, 1, 1, 0, '2023-01-09 07:15:51', '2023-01-09 07:33:43'),
(52, 66, 0, 'Lanta Pier', 1, 1, 1, 0, '2023-01-09 07:15:51', '2023-01-09 07:15:51'),
(53, 66, 0, 'Layan', 1, 1, 1, 0, '2023-01-09 07:15:51', '2023-01-09 07:15:51'),
(54, 66, 0, 'Bangtao', 1, 1, 1, 0, '2023-01-09 07:15:51', '2023-01-09 07:15:51'),
(55, 66, 0, 'Chaofa Variety', 1, 1, 1, 0, '2023-01-09 07:15:51', '2023-01-09 07:15:51'),
(56, 66, 0, 'Weekend Market', 1, 1, 1, 0, '2023-01-09 07:15:51', '2023-01-09 07:15:51'),
(57, 66, 0, 'Tonsai Waterfall', 1, 1, 1, 0, '2023-01-09 07:15:51', '2023-01-09 07:15:51'),
(58, 66, 0, 'Bang Pae Waterfall', 1, 1, 1, 0, '2023-01-09 07:15:51', '2023-01-09 07:15:51'),
(59, 66, 0, 'Splash Jungle Water Park', 1, 1, 1, 0, '2023-01-09 07:15:51', '2023-01-09 07:15:51'),
(60, 66, 0, 'Layan Soi 7', 1, 1, 1, 0, '2023-01-09 07:15:51', '2023-01-09 07:15:51'),
(61, 66, 0, 'Prathong Temple', 1, 1, 1, 0, '2023-01-09 07:15:51', '2023-01-09 07:15:51'),
(62, 66, 0, 'Lotus Thalang', 1, 1, 1, 0, '2023-01-09 07:15:51', '2023-01-09 07:15:51'),
(63, 66, 0, 'Paresa Resort Phuket', 1, 1, 1, 0, '2023-01-09 07:15:51', '2023-01-09 07:15:51'),
(64, 66, 0, 'Phuket Fantasae Show', 1, 1, 1, 0, '2023-01-09 07:15:51', '2023-01-09 07:15:51'),
(65, 66, 0, 'Promthep Cape', 1, 1, 1, 0, '2023-01-09 07:15:51', '2023-01-09 07:15:51'),
(66, 66, 0, 'Phuket Zoo', 1, 1, 1, 0, '2023-01-09 07:15:51', '2023-01-09 07:15:51'),
(67, 66, 0, 'Aleenta Resort Natai', 1, 1, 1, 0, '2023-01-09 07:15:51', '2023-01-09 07:15:51'),
(68, 65, 0, 'Khao Lak', 1, 1, 1, 0, '2023-01-09 07:15:51', '2023-01-09 07:32:06'),
(69, 66, 0, 'Tub Lamu', 1, 1, 1, 0, '2023-01-09 07:15:51', '2023-01-09 07:15:51');

-- --------------------------------------------------------

--
-- Table structure for table `products`
--

CREATE TABLE `products` (
  `id` int(11) NOT NULL,
  `refcode` varchar(100) COLLATE utf8mb4_unicode_ci NOT NULL,
  `name` varchar(255) COLLATE utf8mb4_unicode_ci NOT NULL,
  `slug` varchar(255) COLLATE utf8mb4_unicode_ci NOT NULL,
  `pax` int(11) NOT NULL,
  `note` text COLLATE utf8mb4_unicode_ci NOT NULL,
  `park_id` int(11) NOT NULL,
  `is_approved` int(11) NOT NULL DEFAULT 0,
  `is_deleted` int(11) NOT NULL DEFAULT 0,
  `created_at` datetime NOT NULL DEFAULT current_timestamp(),
  `updated_at` datetime NOT NULL DEFAULT current_timestamp()
) ENGINE=InnoDB DEFAULT CHARSET=utf8mb4 COLLATE=utf8mb4_unicode_ci;

--
-- Dumping data for table `products`
--

INSERT INTO `products` (`id`, `refcode`, `name`, `slug`, `pax`, `note`, `park_id`, `is_approved`, `is_deleted`, `created_at`, `updated_at`) VALUES
(1, '34938', 'FIT / Phi Phi with Khai Nok', '34938', 0, '', 0, 1, 0, '2023-09-18 07:00:32', '2023-09-18 07:00:32'),
(2, '74407', 'FIT / James Bond with Naka', '74407', 0, '', 0, 1, 0, '2023-09-18 07:01:17', '2023-09-18 07:01:17'),
(3, '14828', 'FIT / Similan Island', '14828', 0, '', 0, 1, 0, '2023-09-18 07:01:47', '2023-09-18 07:01:47'),
(4, '40223', 'Phi phi', '40223', 0, '', 0, 1, 0, '2023-09-18 07:02:34', '2023-09-18 07:03:03'),
(5, '18766', 'James bond', '18766', 0, '', 0, 1, 0, '2023-09-18 07:03:18', '2023-09-18 07:03:18'),
(6, '20814', 'Racha & Coral', '20814', 0, '', 0, 1, 0, '2023-09-18 07:04:00', '2023-09-18 07:04:00'),
(7, '56426', '3 Khai', '56426', 0, '', 0, 1, 0, '2023-09-18 07:04:34', '2023-09-18 07:04:34'),
(8, '57960', 'Maiton & Khai', '57960', 0, '', 0, 1, 0, '2023-09-18 07:05:22', '2023-09-18 07:05:22'),
(9, '11383', 'Maiton & Coral', '11383', 0, '', 0, 1, 0, '2023-09-18 07:06:06', '2023-09-18 07:06:06'),
(10, '75891', 'Similan', '75891', 0, '', 0, 1, 0, '2023-09-18 07:06:33', '2023-09-18 07:06:33'),
(11, '58286', 'Coral', '58286', 0, '', 0, 1, 0, '2023-09-18 07:07:32', '2023-09-18 07:08:06'),
(12, '76855', 'Similan on transfer', '76855', 0, '', 0, 1, 0, '2024-09-22 11:10:50', '2024-09-22 11:10:50');

-- --------------------------------------------------------

--
-- Table structure for table `products_category_items`
--

CREATE TABLE `products_category_items` (
  `id` int(11) NOT NULL,
  `products` int(11) NOT NULL,
  `category_items` int(11) NOT NULL
) ENGINE=InnoDB DEFAULT CHARSET=utf8mb4 COLLATE=utf8mb4_unicode_ci;

--
-- Dumping data for table `products_category_items`
--

INSERT INTO `products_category_items` (`id`, `products`, `category_items`) VALUES
(1, 1, 5),
(2, 2, 5),
(3, 3, 6),
(4, 4, 6),
(5, 5, 6),
(6, 6, 6),
(7, 7, 6),
(8, 8, 6),
(9, 9, 6),
(10, 10, 6),
(11, 11, 5);

-- --------------------------------------------------------

--
-- Table structure for table `products_day`
--

CREATE TABLE `products_day` (
  `id` int(11) NOT NULL,
  `product_id` int(11) NOT NULL,
  `day_id` int(11) NOT NULL,
  `created_at` datetime NOT NULL
) ENGINE=InnoDB DEFAULT CHARSET=utf8mb4 COLLATE=utf8mb4_unicode_ci;

--
-- Dumping data for table `products_day`
--

INSERT INTO `products_day` (`id`, `product_id`, `day_id`, `created_at`) VALUES
(1, 1, 1, '2023-01-04 03:23:22'),
(2, 1, 2, '2023-01-04 03:23:22'),
(3, 1, 3, '2023-01-04 03:23:22'),
(4, 1, 4, '2023-01-04 03:23:22'),
(5, 1, 5, '2023-01-04 03:23:22'),
(6, 1, 6, '2023-01-04 03:23:22'),
(7, 1, 7, '2023-01-04 03:23:22'),
(8, 2, 1, '2023-01-04 03:29:09'),
(9, 2, 2, '2023-01-04 03:29:09'),
(10, 2, 3, '2023-01-04 03:29:09'),
(11, 2, 4, '2023-01-04 03:29:09'),
(12, 2, 5, '2023-01-04 03:29:09'),
(13, 2, 6, '2023-01-04 03:29:09'),
(14, 2, 7, '2023-01-04 03:29:09'),
(15, 3, 1, '2023-01-04 03:39:11'),
(16, 3, 2, '2023-01-04 03:39:11'),
(17, 3, 3, '2023-01-04 03:39:11'),
(18, 3, 4, '2023-01-04 03:39:11'),
(19, 3, 5, '2023-01-04 03:39:11'),
(20, 3, 6, '2023-01-04 03:39:11'),
(21, 3, 7, '2023-01-04 03:39:11'),
(22, 4, 1, '2023-01-04 03:41:32'),
(23, 4, 2, '2023-01-04 03:41:32'),
(24, 4, 3, '2023-01-04 03:41:32'),
(25, 4, 4, '2023-01-04 03:41:32'),
(26, 4, 5, '2023-01-04 03:41:32'),
(27, 4, 6, '2023-01-04 03:41:32'),
(28, 4, 7, '2023-01-04 03:41:32'),
(29, 5, 1, '2023-01-04 03:43:12'),
(30, 5, 2, '2023-01-04 03:43:12'),
(31, 5, 3, '2023-01-04 03:43:12'),
(32, 5, 4, '2023-01-04 03:43:12'),
(33, 5, 5, '2023-01-04 03:43:12'),
(34, 5, 6, '2023-01-04 03:43:12'),
(35, 5, 7, '2023-01-04 03:43:12'),
(36, 6, 1, '2023-01-04 03:44:42'),
(37, 6, 2, '2023-01-04 03:44:42'),
(38, 6, 3, '2023-01-04 03:44:42'),
(39, 6, 4, '2023-01-04 03:44:42'),
(40, 6, 5, '2023-01-04 03:44:42'),
(41, 6, 6, '2023-01-04 03:44:42'),
(42, 6, 7, '2023-01-04 03:44:42'),
(43, 7, 1, '2023-01-04 03:47:30'),
(44, 7, 2, '2023-01-04 03:47:30'),
(45, 7, 3, '2023-01-04 03:47:30'),
(46, 7, 4, '2023-01-04 03:47:30'),
(47, 7, 5, '2023-01-04 03:47:30'),
(48, 7, 6, '2023-01-04 03:47:30'),
(49, 7, 7, '2023-01-04 03:47:30'),
(50, 8, 1, '2023-01-04 03:51:12'),
(51, 8, 2, '2023-01-04 03:51:12'),
(52, 8, 3, '2023-01-04 03:51:12'),
(53, 8, 4, '2023-01-04 03:51:12'),
(54, 8, 5, '2023-01-04 03:51:12'),
(55, 8, 6, '2023-01-04 03:51:12'),
(56, 8, 7, '2023-01-04 03:51:12'),
(57, 9, 1, '2023-01-04 03:52:30'),
(58, 9, 2, '2023-01-04 03:52:30'),
(59, 9, 3, '2023-01-04 03:52:30'),
(60, 9, 4, '2023-01-04 03:52:30'),
(61, 9, 5, '2023-01-04 03:52:30'),
(62, 9, 6, '2023-01-04 03:52:30'),
(63, 9, 7, '2023-01-04 03:52:30'),
(64, 10, 1, '2023-01-04 03:55:14'),
(65, 10, 2, '2023-01-04 03:55:14'),
(66, 10, 3, '2023-01-04 03:55:14'),
(67, 10, 4, '2023-01-04 03:55:14'),
(68, 10, 5, '2023-01-04 03:55:14'),
(69, 10, 6, '2023-01-04 03:55:14'),
(70, 10, 7, '2023-01-04 03:55:14'),
(71, 11, 1, '2023-01-04 03:57:53'),
(72, 11, 2, '2023-01-04 03:57:53'),
(73, 11, 3, '2023-01-04 03:57:53'),
(74, 11, 4, '2023-01-04 03:57:53'),
(75, 11, 5, '2023-01-04 03:57:53'),
(76, 11, 6, '2023-01-04 03:57:53'),
(77, 11, 7, '2023-01-04 03:57:53');

-- --------------------------------------------------------

--
-- Table structure for table `products_file`
--

CREATE TABLE `products_file` (
  `id` int(11) NOT NULL,
  `file_name` varchar(200) COLLATE utf8mb4_unicode_ci NOT NULL,
  `file_path` varchar(200) COLLATE utf8mb4_unicode_ci NOT NULL,
  `arrange` int(11) NOT NULL DEFAULT 0,
  `product_id` int(11) NOT NULL DEFAULT 0,
  `created_at` datetime NOT NULL DEFAULT current_timestamp()
) ENGINE=InnoDB DEFAULT CHARSET=utf8mb4 COLLATE=utf8mb4_unicode_ci;

-- --------------------------------------------------------

--
-- Table structure for table `products_itinerary`
--

CREATE TABLE `products_itinerary` (
  `id` int(11) NOT NULL,
  `days` int(11) NOT NULL,
  `topic` text COLLATE utf8mb4_unicode_ci NOT NULL,
  `description` text COLLATE utf8mb4_unicode_ci NOT NULL,
  `product_id` int(11) NOT NULL DEFAULT 0,
  `created_at` datetime NOT NULL DEFAULT current_timestamp(),
  `updated_at` datetime NOT NULL DEFAULT current_timestamp()
) ENGINE=InnoDB DEFAULT CHARSET=utf8mb4 COLLATE=utf8mb4_unicode_ci;

--
-- Dumping data for table `products_itinerary`
--

INSERT INTO `products_itinerary` (`id`, `days`, `topic`, `description`, `product_id`, `created_at`, `updated_at`) VALUES
(1, 1, '00.00', 'Meet and feed the elephants\r\nIntroduce our nature-loving tour guide for advanced ECO tourism, and receive the information and history of the elephants. \r\nPrepare Fruit, Vegetables & Health Balls for the Elephants.\r\nFeed the elephants, Served with seasonal fruits\r\nTake a photo with an elephant.\r\nDIY.( do it yourself) Souvenir.\r\ntime to say goodbye.', 1, '2023-01-04 03:24:03', '2023-01-04 03:24:03'),
(2, 1, '00.00', 'Meet and feed the elephants\r\nIntroduce our nature-loving tour guide for advanced ECO tourism, and receive the information and history of the elephants. \r\nPrepare Fruit, Vegetables & Health Balls for the Elephants.\r\nFeed the elephants, Served with seasonal fruits\r\nTake a photo with an elephant.\r\nDIY.( do it yourself) Souvenir.\r\ntime to say goodbye.', 2, '2023-01-04 03:29:09', '2023-01-04 03:29:09'),
(3, 1, '00.00', 'Van pick-up from your hotel-arrive at Phuket Elephant Care with safety and smile.\r\nCheck-in-arrive at Phuket Elephant Care, Enjoy coffee and tea including bread and some snacks. \r\nIntroduce our nature-loving tour guide for advanced ECO tourism, and receive the information and history of the elephants. \r\nPrepare Fruit, Vegetables & Health Balls for the Elephants.\r\nFeed the elephants, Served with seasonal fruits\r\nScrub the elephant\'s skin with mud in the mud natural pool.\r\nShower with the elephants. \r\nDIY. ( do it yourself ) Souvenir.\r\nTime to say goodbye, The Phuket Elephant Care of beautiful nature-Transfer back to the hotel.', 3, '2023-01-04 03:39:11', '2023-01-04 03:39:11'),
(4, 1, '00.00', 'Van pick-up from your hotel-arrive at Phuket Elephant Care with safety and smile.\r\nCheck-in-arrive at Phuket Elephant Care, Enjoy coffee and tea including bread and some snacks. \r\nIntroduce our nature-loving tour guide for advanced ECO tourism, and receive the information and history of the elephants. \r\nPrepare Fruit, Vegetables & Health Balls for the Elephants.\r\nFeed the elephants, Served with seasonal fruits\r\nScrub the elephant\'s skin with mud in the mud natural pool.\r\nShower with the elephants. \r\nDIY. ( do it yourself ) Souvenir.\r\nTime to say goodbye, The Phuket Elephant Care of beautiful nature-Transfer back to the hotel.', 4, '2023-01-04 03:41:32', '2023-01-04 03:41:32'),
(5, 1, '00.00', 'Van pick-up from your hotel-arrive at Phuket Elephant Care with safety and smile.\r\nCheck-in-arrive at Phuket Elephant Care, Enjoy coffee and tea including bread and some snacks. \r\nIntroduce our nature-loving tour guide for advanced ECO tourism, and receive the information and history of the elephants. \r\nPrepare Fruit, Vegetables & Health Balls for the Elephants.\r\nFeed the elephants, Served with seasonal fruits\r\nScrub the elephant\'s skin with mud in the mud natural pool.\r\nShower with the elephants. \r\nDIY. ( do it yourself ) Souvenir.\r\nTime to say goodbye, The Phuket Elephant Care of beautiful nature-Transfer back to the hotel.', 5, '2023-01-04 03:43:12', '2023-01-04 03:43:12'),
(6, 1, '00.00', 'Van pick-up from your hotel-arrive at Phuket Elephant Care with safety and smile.\r\nCheck-in-arrive at Phuket Elephant Care, Enjoy coffee and tea including bread and some snacks. \r\nIntroduce our nature-loving tour guide for advanced ECO tourism, and receive the information and history of the elephants. \r\nPrepare Fruit, Vegetables & Health Balls for the Elephants.\r\nFeed the elephants, Served with seasonal fruits\r\nScrub the elephant\'s skin with mud in the mud natural pool.\r\nShower with the elephants. \r\nDIY. ( do it yourself ) Souvenir.\r\nTime to say goodbye, The Phuket Elephant Care of beautiful nature-Transfer back to the hotel.', 6, '2023-01-04 03:44:42', '2023-01-04 03:44:42'),
(7, 1, '00.00', 'Van pick-up from your hotel-arrive at Phuket Elephant Care with safety and smile.\r\nCheck-in-arrive at Phuket Elephant Care, Enjoy coffee and tea including bread and some snacks. \r\nIntroduce our nature-loving tour guide for advanced ECO tourism, and receive the information and history of the elephants. \r\nLearn about how to make the rice like local culture. \r\nPrepare Fruit, Vegetables & Health Balls for the Elephants.\r\nFeed the elephants, Served with seasonal fruits\r\nJoin the elephants in the mud pool and help them with  mud spa..\r\nBathing with the elephants in the large natural tub.\r\nEnjoin the lunch times, Have home-cooked Thai cuisine \r\nDIY. ( do it yourself ) Souvenir\r\nTime to say goodbye to The Phuket Elephant Care of beautiful nature-Transfer back to the hotel.', 7, '2023-01-04 03:47:30', '2023-01-04 03:47:30'),
(8, 1, '00.00', 'Van pick-up from your hotel-arrive at Phuket Elephant Care with safety and smile.\r\nCheck-in-arrive at Phuket Elephant Care, Enjoy coffee and tea including bread and some snacks. \r\nIntroduce our nature-loving tour guide for advanced ECO tourism, and receive the information and history of the elephants. \r\nLearn about how to make the rice like local culture. \r\nPrepare Fruit, Vegetables & Health Balls for the Elephants.\r\nFeed the elephants, Served with seasonal fruits\r\nJoin the elephants in the mud pool and help them with  mud spa..\r\nBathing with the elephants in the large natural tub.\r\nEnjoin the lunch times, Have home-cooked Thai cuisine \r\nDIY. ( do it yourself ) Souvenir\r\nTime to say goodbye to The Phuket Elephant Care of beautiful nature-Transfer back to the hotel.', 8, '2023-01-04 03:51:12', '2023-01-04 03:51:12'),
(9, 1, '00.00', 'Van pick-up from your hotel-arrive at Phuket Elephant Care with safety and smile.\r\nCheck-in-arrive at Phuket Elephant Care, Enjoy coffee and tea including bread and some snacks. \r\nIntroduce our nature-loving tour guide for advanced ECO tourism, and receive the information and history of the elephants. \r\nLearn about how to make the rice like local culture. \r\nPrepare Fruit, Vegetables & Health Balls for the Elephants.\r\nFeed the elephants, Served with seasonal fruits\r\nJoin the elephants in the mud pool and help them with  mud spa..\r\nBathing with the elephants in the large natural tub.\r\nEnjoin the lunch times, Have home-cooked Thai cuisine \r\nDIY. ( do it yourself ) Souvenir\r\nTime to say goodbye to The Phuket Elephant Care of beautiful nature-Transfer back to the hotel.', 9, '2023-01-04 03:52:30', '2023-01-04 03:52:30'),
(10, 1, '00.00', 'Van pick-up from your hotel-arrive at Phuket Elephant Care with safety and smile.\r\nCheck-in-arrive at Phuket Elephant Care, Enjoy coffee and tea including bread and some snacks. \r\nIntroduce our nature-loving tour guide for advanced ECO tourism, and receive the information and history of the elephants. \r\nLearn about how to make the rice like local culture. \r\nPrepare Fruit, Vegetables & Health Balls for the Elephants.\r\nFeed the elephants, Served with seasonal fruits\r\nJoin the elephants in the mud pool and help them with  mud spa..\r\nBathing with the elephants in the large natural tub.\r\nEnjoin the lunch times, Have home-cooked Thai cuisine \r\nDIY. ( do it yourself ) Souvenir\r\nTime to say goodbye to The Phuket Elephant Care of beautiful nature-Transfer back to the hotel.', 10, '2023-01-04 03:55:14', '2023-01-04 03:55:14'),
(11, 1, '00.00', 'Van pick-up from your hotel-arrive at Phuket Elephant Care with safety and smile.\r\nCheck-in-arrive at Phuket Elephant Care, Enjoy coffee and tea including bread and some snacks. \r\nIntroduce our nature-loving tour guide for advanced ECO tourism, and receive the information and history of the elephants. \r\nWalking with the elephant into the jungle and learning the way of the elephant’s life.\r\nLearn about how to make the rice like a local culture. \r\nPrepare Fruit, Vegetables & Health Balls for the Elephants.\r\nFeed the elephants, Served with seasonal fruits\r\nScrub the elephant\'s skin with mud in the mud natural pool.\r\nShower with the elephants. \r\nDIY. ( do it yourself ) Souvenir.\r\nTime to say goodbye, The Phuket Elephant Care of beautiful nature-Transfer back to the hotel.', 11, '2023-01-04 03:57:53', '2023-01-04 03:57:53');

-- --------------------------------------------------------

--
-- Table structure for table `products_photo`
--

CREATE TABLE `products_photo` (
  `id` int(11) NOT NULL,
  `file_name` varchar(200) COLLATE utf8mb4_unicode_ci NOT NULL,
  `file_path` varchar(200) COLLATE utf8mb4_unicode_ci NOT NULL,
  `arrange` int(11) NOT NULL DEFAULT 0,
  `product_id` int(11) NOT NULL DEFAULT 0,
  `created_at` datetime NOT NULL DEFAULT current_timestamp(),
  `photo_description` text COLLATE utf8mb4_unicode_ci NOT NULL
) ENGINE=InnoDB DEFAULT CHARSET=utf8mb4 COLLATE=utf8mb4_unicode_ci;

-- --------------------------------------------------------

--
-- Table structure for table `products_type`
--

CREATE TABLE `products_type` (
  `id` int(11) NOT NULL,
  `name` varchar(100) COLLATE utf8mb4_unicode_ci NOT NULL,
  `slug` varchar(100) COLLATE utf8mb4_unicode_ci NOT NULL,
  `created_at` datetime NOT NULL DEFAULT current_timestamp(),
  `updated_at` datetime NOT NULL DEFAULT current_timestamp()
) ENGINE=InnoDB DEFAULT CHARSET=utf8mb4 COLLATE=utf8mb4_unicode_ci;

--
-- Dumping data for table `products_type`
--

INSERT INTO `products_type` (`id`, `name`, `slug`, `created_at`, `updated_at`) VALUES
(1, 'Tour', 'tour', '2021-07-19 03:51:23', '2021-07-19 03:51:23');

-- --------------------------------------------------------

--
-- Table structure for table `product_allotments`
--

CREATE TABLE `product_allotments` (
  `id` int(11) NOT NULL,
  `product_id` int(11) NOT NULL DEFAULT 0,
  `allotment_from` date NOT NULL,
  `allotment_to` date NOT NULL,
  `seat` int(11) NOT NULL DEFAULT 0,
  `unlimit` int(11) NOT NULL,
  `is_approved` int(11) NOT NULL DEFAULT 0,
  `is_deleted` int(11) NOT NULL DEFAULT 0,
  `updated_at` datetime NOT NULL,
  `created_at` datetime NOT NULL
) ENGINE=InnoDB DEFAULT CHARSET=utf8mb4 COLLATE=utf8mb4_unicode_ci;

--
-- Dumping data for table `product_allotments`
--

INSERT INTO `product_allotments` (`id`, `product_id`, `allotment_from`, `allotment_to`, `seat`, `unlimit`, `is_approved`, `is_deleted`, `updated_at`, `created_at`) VALUES
(1, 10, '2023-01-09', '2023-12-31', 0, 1, 1, 0, '2023-01-09 03:03:53', '2023-01-09 03:03:53'),
(2, 11, '2023-01-01', '2024-12-31', 0, 1, 0, 1, '2023-01-10 07:28:27', '2023-01-10 03:11:20'),
(3, 4, '2023-01-01', '2024-12-31', 0, 1, 1, 0, '2023-01-10 03:23:21', '2023-01-10 03:23:21'),
(4, 3, '2023-01-01', '2024-12-31', 0, 1, 1, 0, '2023-01-10 03:24:42', '2023-01-10 03:24:42'),
(5, 6, '2023-01-01', '2024-12-31', 0, 1, 1, 0, '2023-01-10 03:25:58', '2023-01-10 03:25:58'),
(6, 5, '2023-01-01', '2024-12-31', 0, 1, 1, 0, '2023-01-10 03:27:05', '2023-01-10 03:27:05'),
(7, 1, '2023-01-01', '2024-12-31', 0, 1, 1, 0, '2023-01-10 03:28:30', '2023-01-10 03:28:30'),
(8, 2, '2023-01-01', '2024-12-31', 0, 1, 1, 0, '2023-01-10 03:29:44', '2023-01-10 03:29:44'),
(9, 8, '2023-01-01', '2024-12-31', 0, 1, 1, 0, '2023-01-10 03:32:45', '2023-01-10 03:32:45'),
(10, 7, '2023-01-01', '2024-12-31', 0, 1, 1, 0, '2023-01-10 03:34:41', '2023-01-10 03:34:41'),
(11, 9, '2023-01-01', '2024-12-31', 0, 1, 1, 0, '2023-01-10 03:38:26', '2023-01-10 03:38:26'),
(12, 11, '2023-01-10', '2023-12-31', 100, 0, 1, 0, '2023-01-25 02:41:50', '2023-01-10 07:31:31');

-- --------------------------------------------------------

--
-- Table structure for table `product_category`
--

CREATE TABLE `product_category` (
  `id` int(11) NOT NULL,
  `name` varchar(200) COLLATE utf8mb4_unicode_ci NOT NULL,
  `slug` varchar(255) COLLATE utf8mb4_unicode_ci NOT NULL,
  `detail` text COLLATE utf8mb4_unicode_ci NOT NULL,
  `transfer` int(11) NOT NULL DEFAULT 0 COMMENT '0 : not included | 1 : included ',
  `product_id` int(11) NOT NULL,
  `is_approved` int(11) NOT NULL DEFAULT 0,
  `is_deleted` int(11) NOT NULL DEFAULT 0,
  `created_at` datetime NOT NULL,
  `updated_at` datetime NOT NULL
) ENGINE=InnoDB DEFAULT CHARSET=utf8mb4 COLLATE=utf8mb4_unicode_ci;

--
-- Dumping data for table `product_category`
--

INSERT INTO `product_category` (`id`, `name`, `slug`, `detail`, `transfer`, `product_id`, `is_approved`, `is_deleted`, `created_at`, `updated_at`) VALUES
(1, 'FIT / Phi Phi with Khai Nok', 'FIT / Phi Phi with Khai Nok', '', 1, 1, 1, 0, '2023-09-18 07:00:49', '2023-09-18 07:00:49'),
(2, 'FIT / James Bond with Naka', 'FIT / James Bond with Naka', '', 1, 2, 1, 0, '2023-09-18 07:01:22', '2023-09-18 07:01:22'),
(3, 'FIT / Similan Island', 'FIT / Similan Island', '', 1, 3, 1, 0, '2023-09-18 07:01:53', '2023-09-18 07:01:53'),
(4, 'PHI PHI', 'PHI PHI', '', 1, 4, 1, 0, '2023-09-18 07:02:48', '2023-09-18 07:02:48'),
(5, 'James bond', 'James bond', '', 1, 5, 1, 0, '2023-09-18 07:03:25', '2023-09-18 07:03:25'),
(6, 'Racha & Coral', 'Racha & Coral', '', 1, 6, 1, 0, '2023-09-18 07:04:08', '2023-09-18 07:04:08'),
(7, '3 Khai', '3 Khai', '', 1, 7, 1, 0, '2023-09-18 07:04:43', '2023-09-18 07:04:43'),
(8, 'Maiton & Khai', 'Maiton & Khai', '', 1, 8, 1, 0, '2023-09-18 07:05:32', '2023-09-18 07:05:32'),
(9, 'Maiton & Coral', 'Maiton & Coral', '', 1, 9, 1, 0, '2023-09-18 07:06:11', '2023-09-18 07:06:11'),
(10, 'Thai', 'Similan', '', 1, 10, 1, 0, '2023-09-18 07:06:42', '2024-09-12 20:04:55'),
(11, 'Halfday - เช้า', 'Halfday - เช้า', '', 1, 11, 1, 0, '2023-09-18 07:08:16', '2023-09-18 07:08:16'),
(12, 'Halfday - เย็น', 'Halfday - เย็น', '', 1, 11, 1, 0, '2023-09-18 07:08:29', '2023-09-18 07:08:29'),
(13, 'Full day', 'Full day', '', 1, 11, 1, 0, '2023-09-18 07:08:54', '2023-09-18 07:08:54'),
(14, 'Foreign', 'Foreign', '', 1, 10, 1, 0, '2024-09-12 20:05:03', '2024-09-12 20:05:03'),
(15, 'Thai', 'Thai', '', 0, 12, 1, 0, '2024-09-22 11:10:56', '2024-09-22 11:11:00'),
(16, 'Foreign', 'Foreign', '', 0, 12, 1, 0, '2024-09-22 11:11:07', '2024-09-22 11:11:07');

-- --------------------------------------------------------

--
-- Table structure for table `product_periods`
--

CREATE TABLE `product_periods` (
  `id` int(11) NOT NULL,
  `period_from` date NOT NULL,
  `period_to` date NOT NULL,
  `product_category_id` int(11) NOT NULL DEFAULT 0,
  `is_approved` int(11) NOT NULL DEFAULT 0,
  `is_deleted` int(11) NOT NULL DEFAULT 0,
  `created_at` datetime NOT NULL DEFAULT current_timestamp(),
  `updated_at` datetime NOT NULL DEFAULT current_timestamp()
) ENGINE=InnoDB DEFAULT CHARSET=utf8mb4 COLLATE=utf8mb4_unicode_ci;

--
-- Dumping data for table `product_periods`
--

INSERT INTO `product_periods` (`id`, `period_from`, `period_to`, `product_category_id`, `is_approved`, `is_deleted`, `created_at`, `updated_at`) VALUES
(1, '2023-09-01', '2025-12-31', 1, 1, 0, '2023-09-18 07:01:03', '2023-09-18 07:01:03'),
(2, '2023-09-01', '2025-12-31', 2, 1, 0, '2023-09-18 07:01:33', '2023-09-18 07:01:33'),
(3, '2023-09-01', '2025-12-31', 3, 1, 0, '2023-09-18 07:02:03', '2023-09-18 07:02:03'),
(4, '2023-09-01', '2025-12-31', 5, 1, 0, '2023-09-18 07:03:39', '2023-09-18 07:03:39'),
(5, '2023-09-01', '2025-12-31', 6, 1, 0, '2023-09-18 07:04:18', '2023-09-18 07:04:18'),
(6, '2023-09-01', '2025-12-31', 7, 1, 0, '2023-09-18 07:04:55', '2023-09-18 07:04:55'),
(7, '2023-09-01', '2025-12-31', 8, 1, 0, '2023-09-18 07:05:42', '2023-09-18 07:05:42'),
(8, '2023-09-01', '2025-12-31', 9, 1, 0, '2023-09-18 07:06:22', '2023-09-18 07:06:22'),
(9, '2023-09-01', '2025-12-31', 10, 1, 0, '2023-09-18 07:06:55', '2023-09-18 07:06:55'),
(10, '2023-09-01', '2023-09-01', 13, 1, 0, '2023-09-18 07:09:04', '2023-09-18 07:09:04'),
(11, '2023-09-01', '2025-12-31', 11, 1, 0, '2023-09-18 07:09:14', '2023-09-18 07:09:14'),
(12, '2023-09-01', '2025-12-31', 12, 1, 0, '2023-09-18 07:09:28', '2023-09-18 07:09:28'),
(13, '2024-01-01', '2025-12-31', 14, 1, 0, '2024-09-12 20:05:36', '2024-09-12 20:05:36'),
(14, '2024-01-01', '2026-12-31', 16, 1, 0, '2024-09-22 11:11:23', '2024-09-22 11:11:23'),
(15, '2024-01-01', '2026-12-31', 15, 1, 0, '2024-09-22 11:11:36', '2024-09-22 11:11:36');

-- --------------------------------------------------------

--
-- Table structure for table `product_rates`
--

CREATE TABLE `product_rates` (
  `id` int(11) NOT NULL,
  `rate_adult` double(9,2) NOT NULL,
  `rate_child` double(9,2) NOT NULL,
  `rate_infant` double(9,2) NOT NULL,
  `rate_private` double(9,2) NOT NULL,
  `product_period_id` int(11) NOT NULL DEFAULT 0,
  `is_approved` int(11) NOT NULL DEFAULT 0,
  `is_deleted` int(11) NOT NULL DEFAULT 0,
  `created_at` datetime NOT NULL DEFAULT current_timestamp(),
  `updated_at` datetime NOT NULL DEFAULT current_timestamp()
) ENGINE=InnoDB DEFAULT CHARSET=utf8mb4 COLLATE=utf8mb4_unicode_ci;

--
-- Dumping data for table `product_rates`
--

INSERT INTO `product_rates` (`id`, `rate_adult`, `rate_child`, `rate_infant`, `rate_private`, `product_period_id`, `is_approved`, `is_deleted`, `created_at`, `updated_at`) VALUES
(1, 1899.00, 1099.00, 0.00, 0.00, 10, 1, 0, '2023-09-26 05:34:24', '2023-12-19 04:27:12'),
(2, 899.00, 299.00, 0.00, 0.00, 11, 1, 0, '2023-09-26 05:34:24', '2023-12-19 04:27:12'),
(3, 799.00, 199.00, 0.00, 0.00, 12, 1, 0, '2023-09-26 05:34:25', '2023-12-19 04:27:12'),
(4, 1999.00, 999.00, 0.00, 0.00, 6, 1, 0, '2023-09-26 05:34:25', '2023-12-19 04:27:12'),
(5, 999.00, 100.00, 0.00, 9999.00, 9, 1, 0, '2023-12-19 04:27:10', '2023-12-19 04:27:10'),
(6, 1200.00, 300.00, 0.00, 0.00, 5, 1, 0, '2023-12-19 04:27:10', '2023-12-19 04:27:10'),
(7, 799.00, 199.00, 0.00, 0.00, 7, 1, 0, '2023-12-19 04:27:10', '2023-12-19 04:27:10'),
(8, 699.00, 69.00, 0.00, 0.00, 8, 1, 0, '2023-12-19 04:27:11', '2023-12-19 04:27:11'),
(9, 899.00, 269.00, 0.00, 0.00, 4, 1, 0, '2023-12-19 04:27:11', '2023-12-19 04:27:11'),
(10, 789.00, 139.00, 0.00, 0.00, 3, 1, 0, '2023-12-19 04:27:11', '2023-12-19 04:27:11'),
(11, 1899.00, 399.00, 0.00, 0.00, 1, 1, 0, '2023-12-19 04:27:11', '2023-12-19 04:27:11'),
(12, 1699.00, 266.00, 0.00, 0.00, 2, 1, 0, '2023-12-19 04:27:12', '2023-12-19 04:27:12');

-- --------------------------------------------------------

--
-- Table structure for table `provinces`
--

CREATE TABLE `provinces` (
  `id` int(11) NOT NULL,
  `is_approved` int(11) NOT NULL,
  `country` int(11) NOT NULL,
  `code` int(11) NOT NULL,
  `name_th` varchar(100) COLLATE utf8mb4_unicode_ci NOT NULL,
  `name_en` varchar(100) COLLATE utf8mb4_unicode_ci NOT NULL,
  `pic` varchar(220) COLLATE utf8mb4_unicode_ci NOT NULL,
  `geography_id` int(11) NOT NULL,
  `is_deleted` int(11) NOT NULL
) ENGINE=InnoDB DEFAULT CHARSET=utf8mb4 COLLATE=utf8mb4_unicode_ci;

--
-- Dumping data for table `provinces`
--

INSERT INTO `provinces` (`id`, `is_approved`, `country`, `code`, `name_th`, `name_en`, `pic`, `geography_id`, `is_deleted`) VALUES
(1, 1, 219, 10, 'กรุงเทพมหานคร', 'Bangkok', '', 2, 0),
(2, 1, 219, 11, 'สมุทรปราการ', 'Samut Prakan', '', 2, 0),
(3, 1, 219, 12, 'นนทบุรี', 'Nonthaburi', '', 2, 0),
(4, 1, 219, 13, 'ปทุมธานี', 'Pathum Thani', '', 2, 0),
(5, 1, 219, 14, 'พระนครศรีอยุธยา', 'Phra Nakhon Si Ayutthaya', '', 2, 0),
(6, 1, 219, 15, 'อ่างทอง', 'Ang Thong', '', 2, 0),
(7, 1, 219, 16, 'ลพบุรี', 'Loburi', '', 2, 0),
(8, 1, 219, 17, 'สิงห์บุรี', 'Sing Buri', '', 2, 0),
(9, 1, 219, 18, 'ชัยนาท', 'Chai Nat', '', 2, 0),
(10, 1, 219, 19, 'สระบุรี', 'Saraburi', '', 2, 0),
(11, 1, 219, 20, 'ชลบุรี', 'Chon Buri', '', 5, 0),
(12, 1, 219, 21, 'ระยอง', 'Rayong', '', 5, 0),
(13, 1, 219, 22, 'จันทบุรี', 'Chanthaburi', '', 5, 0),
(14, 1, 219, 23, 'ตราด', 'Trat', '', 5, 0),
(15, 1, 219, 24, 'ฉะเชิงเทรา', 'Chachoengsao', '', 5, 0),
(16, 1, 219, 25, 'ปราจีนบุรี', 'Prachin Buri', '', 5, 0),
(17, 1, 219, 26, 'นครนายก', 'Nakhon Nayok', '', 2, 0),
(18, 1, 219, 27, 'สระแก้ว', 'Sa Kaeo', '', 5, 0),
(19, 1, 219, 30, 'นครราชสีมา', 'Nakhon Ratchasima', '', 3, 0),
(20, 1, 219, 31, 'บุรีรัมย์', 'Buri Ram', '', 3, 0),
(21, 1, 219, 32, 'สุรินทร์', 'Surin', '', 3, 0),
(22, 1, 219, 33, 'ศรีสะเกษ', 'Si Sa Ket', '', 3, 0),
(23, 1, 219, 34, 'อุบลราชธานี', 'Ubon Ratchathani', '', 3, 0),
(24, 1, 219, 35, 'ยโสธร', 'Yasothon', '', 3, 0),
(25, 1, 219, 36, 'ชัยภูมิ', 'Chaiyaphum', '', 3, 0),
(26, 1, 219, 37, 'อำนาจเจริญ', 'Amnat Charoen', '', 3, 0),
(27, 1, 219, 39, 'หนองบัวลำภู', 'Nong Bua Lam Phu', '', 3, 0),
(28, 1, 219, 40, 'ขอนแก่น', 'Khon Kaen', '', 3, 0),
(29, 1, 219, 41, 'อุดรธานี', 'Udon Thani', '', 3, 0),
(30, 1, 219, 42, 'เลย', 'Loei', '', 3, 0),
(31, 1, 219, 43, 'หนองคาย', 'Nong Khai', '', 3, 0),
(32, 1, 219, 44, 'มหาสารคาม', 'Maha Sarakham', '', 3, 0),
(33, 1, 219, 45, 'ร้อยเอ็ด', 'Roi Et', '', 3, 0),
(34, 1, 219, 46, 'กาฬสินธุ์', 'Kalasin', '', 3, 0),
(35, 1, 219, 47, 'สกลนคร', 'Sakon Nakhon', '', 3, 0),
(36, 1, 219, 48, 'นครพนม', 'Nakhon Phanom', '', 3, 0),
(37, 1, 219, 49, 'มุกดาหาร', 'Mukdahan', '', 3, 0),
(38, 1, 219, 50, 'เชียงใหม่', 'Chiang Mai', '', 1, 0),
(39, 1, 219, 51, 'ลำพูน', 'Lamphun', '', 1, 0),
(40, 1, 219, 52, 'ลำปาง', 'Lampang', '', 1, 0),
(41, 1, 219, 53, 'อุตรดิตถ์', 'Uttaradit', '', 1, 0),
(42, 1, 219, 54, 'แพร่', 'Phrae', '', 1, 0),
(43, 1, 219, 55, 'น่าน', 'Nan', '', 1, 0),
(44, 1, 219, 56, 'พะเยา', 'Phayao', '', 1, 0),
(45, 1, 219, 57, 'เชียงราย', 'Chiang Rai', '', 1, 0),
(46, 1, 219, 58, 'แม่ฮ่องสอน', 'Mae Hong Son', '', 1, 0),
(47, 1, 219, 60, 'นครสวรรค์', 'Nakhon Sawan', '', 2, 0),
(48, 1, 219, 61, 'อุทัยธานี', 'Uthai Thani', '', 2, 0),
(49, 1, 219, 62, 'กำแพงเพชร', 'Kamphaeng Phet', '', 2, 0),
(50, 1, 219, 63, 'ตาก', 'Tak', '', 4, 0),
(51, 1, 219, 64, 'สุโขทัย', 'Sukhothai', '', 2, 0),
(52, 1, 219, 65, 'พิษณุโลก', 'Phitsanulok', '', 2, 0),
(53, 1, 219, 66, 'พิจิตร', 'Phichit', '', 2, 0),
(54, 1, 219, 67, 'เพชรบูรณ์', 'Phetchabun', '', 2, 0),
(55, 1, 219, 70, 'ราชบุรี', 'Ratchaburi', '', 4, 0),
(56, 1, 219, 71, 'กาญจนบุรี', 'Kanchanaburi', '', 4, 0),
(57, 1, 219, 72, 'สุพรรณบุรี', 'Suphan Buri', '', 2, 0),
(58, 1, 219, 73, 'นครปฐม', 'Nakhon Pathom', '', 2, 0),
(59, 1, 219, 74, 'สมุทรสาคร', 'Samut Sakhon', '', 2, 0),
(60, 1, 219, 75, 'สมุทรสงคราม', 'Samut Songkhram', '', 2, 0),
(61, 1, 219, 76, 'เพชรบุรี', 'Phetchaburi', '', 4, 0),
(62, 1, 219, 77, 'ประจวบคีรีขันธ์', 'Prachuap Khiri Khan', '', 4, 0),
(63, 1, 219, 80, 'นครศรีธรรมราช', 'Nakhon Si Thammarat', '', 6, 0),
(64, 1, 219, 81, 'กระบี่', 'Krabi', '', 6, 0),
(65, 1, 219, 82, 'พังงา', 'Phangnga', '', 6, 0),
(66, 1, 219, 83, 'ภูเก็ต', 'Phuket', 'ee266753723ef57e28ca08e312b7620e.jpeg', 6, 0),
(67, 1, 219, 84, 'สุราษฎร์ธานี', 'Surat Thani', '', 6, 0),
(68, 1, 219, 85, 'ระนอง', 'Ranong', '', 6, 0),
(69, 1, 219, 86, 'ชุมพร', 'Chumphon', '', 6, 0),
(70, 1, 219, 90, 'สงขลา', 'Songkhla', '', 6, 0),
(71, 1, 219, 91, 'สตูล', 'Satun', '', 6, 0),
(72, 1, 219, 92, 'ตรัง', 'Trang', '', 6, 0),
(73, 1, 219, 93, 'พัทลุง', 'Phatthalung', '', 6, 0),
(74, 1, 219, 94, 'ปัตตานี', 'Pattani', '', 6, 0),
(75, 1, 219, 95, 'ยะลา', 'Yala', '', 6, 0),
(76, 1, 219, 96, 'นราธิวาส', 'Narathiwat', '', 6, 0),
(77, 1, 219, 97, 'บึงกาฬ', 'Buogkan', '', 3, 0);

-- --------------------------------------------------------

--
-- Table structure for table `quotations`
--

CREATE TABLE `quotations` (
  `id` int(11) NOT NULL,
  `cus_name` varchar(150) COLLATE utf8mb4_unicode_ci NOT NULL,
  `cus_address` text COLLATE utf8mb4_unicode_ci NOT NULL,
  `cus_tax` varchar(100) COLLATE utf8mb4_unicode_ci NOT NULL,
  `cus_phone` varchar(100) COLLATE utf8mb4_unicode_ci NOT NULL,
  `cus_email` varchar(150) COLLATE utf8mb4_unicode_ci NOT NULL,
  `bookings_id` int(11) NOT NULL,
  `currency_id` int(11) NOT NULL,
  `payment_id` int(11) NOT NULL,
  `vat_id` int(11) NOT NULL,
  `created_at` datetime NOT NULL,
  `updated_at` datetime NOT NULL
) ENGINE=InnoDB DEFAULT CHARSET=utf8mb4 COLLATE=utf8mb4_unicode_ci;

-- --------------------------------------------------------

--
-- Table structure for table `receipts`
--

CREATE TABLE `receipts` (
  `id` int(11) NOT NULL,
  `rec_no` int(11) NOT NULL,
  `rec_full` varchar(150) COLLATE utf8mb4_unicode_ci NOT NULL,
  `rec_date` date NOT NULL,
  `price` double(9,2) NOT NULL,
  `cheque_no` int(11) NOT NULL,
  `cheque_date` date NOT NULL,
  `file` text COLLATE utf8mb4_unicode_ci NOT NULL,
  `note` text COLLATE utf8mb4_unicode_ci NOT NULL,
  `bank_account_id` int(11) NOT NULL,
  `bank_cheque_id` int(11) NOT NULL,
  `cover_id` int(11) NOT NULL COMMENT 'invoice cover',
  `payment_id` int(11) NOT NULL,
  `receipts_by` int(11) NOT NULL COMMENT 'user id',
  `is_approved` int(11) NOT NULL,
  `is_deleted` int(11) NOT NULL,
  `created_at` datetime NOT NULL,
  `updated_at` datetime NOT NULL
) ENGINE=InnoDB DEFAULT CHARSET=utf8mb4 COLLATE=utf8mb4_unicode_ci;

--
-- Dumping data for table `receipts`
--

INSERT INTO `receipts` (`id`, `rec_no`, `rec_full`, `rec_date`, `price`, `cheque_no`, `cheque_date`, `file`, `note`, `bank_account_id`, `bank_cheque_id`, `cover_id`, `payment_id`, `receipts_by`, `is_approved`, `is_deleted`, `created_at`, `updated_at`) VALUES
(1, 1, 'REC-0000001', '2024-07-03', 0.00, 0, '2024-07-03', '', '', 0, 0, 1, 3, 1, 1, 0, '2024-07-03 03:15:34', '2024-07-03 03:15:34'),
(2, 2, 'REC-0000002', '2024-07-21', 0.00, 0, '2024-07-21', '', '', 0, 0, 6, 0, 1, 1, 0, '2024-07-21 03:00:22', '2024-07-21 03:00:22');

-- --------------------------------------------------------

--
-- Table structure for table `review_tours`
--

CREATE TABLE `review_tours` (
  `id` int(11) NOT NULL,
  `status` int(11) NOT NULL,
  `products` int(11) NOT NULL,
  `name_review` varchar(225) COLLATE utf8_unicode_ci NOT NULL,
  `lastname_review` varchar(225) COLLATE utf8_unicode_ci NOT NULL,
  `email_review` varchar(225) COLLATE utf8_unicode_ci NOT NULL,
  `position_review` int(11) NOT NULL,
  `guide_review` int(11) NOT NULL,
  `price_review` int(11) NOT NULL,
  `quality_review` int(11) NOT NULL,
  `review_text` text COLLATE utf8_unicode_ci NOT NULL,
  `date_review` datetime NOT NULL,
  `last_edit_time` datetime NOT NULL
) ENGINE=InnoDB DEFAULT CHARSET=utf8 COLLATE=utf8_unicode_ci;

-- --------------------------------------------------------

--
-- Table structure for table `roles`
--

CREATE TABLE `roles` (
  `id` int(11) NOT NULL,
  `name` varchar(100) COLLATE utf8mb4_unicode_ci NOT NULL,
  `is_approved` int(11) NOT NULL DEFAULT 0,
  `is_deleted` int(11) NOT NULL DEFAULT 0,
  `created_at` datetime NOT NULL DEFAULT current_timestamp()
) ENGINE=InnoDB DEFAULT CHARSET=utf8mb4 COLLATE=utf8mb4_unicode_ci;

--
-- Dumping data for table `roles`
--

INSERT INTO `roles` (`id`, `name`, `is_approved`, `is_deleted`, `created_at`) VALUES
(1, 'Super-Admin', 1, 0, '2021-05-24 07:11:09'),
(2, 'Admin', 1, 0, '2021-05-24 07:11:29'),
(3, 'Agent', 1, 0, '2022-11-17 04:45:32'),
(4, 'User', 1, 0, '2022-11-23 10:43:50');

-- --------------------------------------------------------

--
-- Table structure for table `staff`
--

CREATE TABLE `staff` (
  `id` int(11) NOT NULL,
  `firstname` varchar(50) COLLATE utf8_unicode_ci NOT NULL,
  `lastname` varchar(50) COLLATE utf8_unicode_ci NOT NULL,
  `email` varchar(100) COLLATE utf8_unicode_ci NOT NULL,
  `telephone` varchar(100) COLLATE utf8_unicode_ci NOT NULL,
  `address` text COLLATE utf8_unicode_ci NOT NULL,
  `contact_person` text COLLATE utf8_unicode_ci NOT NULL,
  `note` text COLLATE utf8_unicode_ci NOT NULL,
  `photo` varchar(100) COLLATE utf8_unicode_ci NOT NULL,
  `companie_id` int(11) NOT NULL,
  `department_id` int(11) NOT NULL,
  `is_approved` int(11) NOT NULL,
  `is_deleted` int(11) NOT NULL,
  `created_at` datetime NOT NULL,
  `updated_at` datetime NOT NULL
) ENGINE=InnoDB DEFAULT CHARSET=utf8 COLLATE=utf8_unicode_ci;

-- --------------------------------------------------------

--
-- Table structure for table `users`
--

CREATE TABLE `users` (
  `id` int(11) NOT NULL,
  `firstname` varchar(50) COLLATE utf8mb4_unicode_ci NOT NULL,
  `lastname` varchar(50) COLLATE utf8mb4_unicode_ci NOT NULL,
  `email` varchar(50) COLLATE utf8mb4_unicode_ci NOT NULL,
  `telephone` varchar(50) COLLATE utf8mb4_unicode_ci NOT NULL,
  `type` int(11) NOT NULL COMMENT '1 : admin\r\n2 : agent',
  `address` text COLLATE utf8mb4_unicode_ci NOT NULL,
  `contact_person` text COLLATE utf8mb4_unicode_ci NOT NULL,
  `note` text COLLATE utf8mb4_unicode_ci NOT NULL,
  `photo` varchar(100) COLLATE utf8mb4_unicode_ci NOT NULL,
  `department_id` int(11) NOT NULL,
  `role_id` int(11) NOT NULL DEFAULT 0,
  `companie_id` int(11) NOT NULL,
  `is_approved` int(11) NOT NULL DEFAULT 0,
  `is_deleted` int(11) NOT NULL DEFAULT 0,
  `created_at` datetime NOT NULL DEFAULT current_timestamp(),
  `updated_at` datetime NOT NULL DEFAULT current_timestamp()
) ENGINE=InnoDB DEFAULT CHARSET=utf8mb4 COLLATE=utf8mb4_unicode_ci;

--
-- Dumping data for table `users`
--

INSERT INTO `users` (`id`, `firstname`, `lastname`, `email`, `telephone`, `type`, `address`, `contact_person`, `note`, `photo`, `department_id`, `role_id`, `companie_id`, `is_approved`, `is_deleted`, `created_at`, `updated_at`) VALUES
(1, 'Shambhala', 'TMS', 'go@shambhala.travel', '0875694107', 1, '', '', '', '', 0, 1, 0, 1, 0, '2021-05-24 06:51:58', '2021-08-06 05:52:48'),
(2, 'shambhala', 'travel', 'Email@Email.com', '', 1, '', '', '', '', 0, 2, 0, 1, 0, '2023-02-01 10:35:50', '2023-12-19 04:07:20'),
(3, 'Ning', 'shambhala', '', '', 1, '', '', '', '', 3, 2, 0, 1, 0, '2023-09-18 06:26:00', '2023-12-19 04:07:28'),
(4, 'Am', 'shambhala', '', '', 1, '', '', '', '', 2, 2, 0, 1, 0, '2023-09-18 06:26:28', '2023-12-19 04:06:28'),
(5, 'Fon', 'shambhala', '', '', 1, '', '', '', '', 2, 2, 0, 1, 0, '2023-09-18 06:26:54', '2023-12-19 04:07:11'),
(6, 'Nick', 'shambhala', '', '', 1, '', '', '', '', 3, 2, 0, 1, 0, '2023-09-18 06:38:00', '2023-12-19 04:07:24'),
(7, 'PUINUN', 'shambhala', '', '', 1, '', '', '', '', 3, 2, 0, 1, 0, '2023-09-18 06:38:42', '2023-12-19 04:07:32'),
(8, 'Moshi', 'Moshi', 'moshi@gmail.com', '0994851165', 1, 'test address', '', 'test remark', 'd9de750f96d30c26a91346b15c9a50e2.png', 3, 2, 0, 1, 0, '2024-06-03 16:06:05', '2024-06-05 09:03:26');

-- --------------------------------------------------------

--
-- Table structure for table `vat_type`
--

CREATE TABLE `vat_type` (
  `id` int(11) NOT NULL,
  `name` varchar(120) COLLATE utf8mb4_unicode_ci NOT NULL,
  `created_at` datetime NOT NULL,
  `updated_at` datetime NOT NULL
) ENGINE=InnoDB DEFAULT CHARSET=utf8mb4 COLLATE=utf8mb4_unicode_ci;

--
-- Dumping data for table `vat_type`
--

INSERT INTO `vat_type` (`id`, `name`, `created_at`, `updated_at`) VALUES
(1, 'รวมภาษี 7%', '2022-06-16 07:51:10', '2022-06-16 07:51:10'),
(2, 'แยกภาษี 7%', '2022-06-16 07:51:10', '2022-06-16 07:51:10');

-- --------------------------------------------------------

--
-- Table structure for table `vouchers_no`
--

CREATE TABLE `vouchers_no` (
  `id` int(11) NOT NULL,
  `vo_date` date NOT NULL,
  `vo_year` int(11) NOT NULL,
  `vo_year_th` int(11) NOT NULL,
  `vo_month` int(11) NOT NULL,
  `vo_no` int(11) NOT NULL,
  `vo_full` varchar(50) COLLATE utf8mb4_unicode_ci NOT NULL,
  `booking_id` int(11) NOT NULL,
  `created_at` datetime NOT NULL
) ENGINE=InnoDB DEFAULT CHARSET=utf8mb4 COLLATE=utf8mb4_unicode_ci;

-- --------------------------------------------------------

--
-- Table structure for table `zones`
--

CREATE TABLE `zones` (
  `id` int(11) NOT NULL,
  `provinces` int(11) NOT NULL,
  `name` varchar(150) NOT NULL,
  `name_th` varchar(150) NOT NULL,
  `start_pickup` time NOT NULL,
  `end_pickup` time NOT NULL,
  `pickup` int(11) NOT NULL,
  `dropoff` int(11) NOT NULL,
  `is_approved` int(11) NOT NULL DEFAULT 0,
  `is_deleted` int(11) NOT NULL DEFAULT 0,
  `created_at` datetime NOT NULL,
  `updated_at` datetime NOT NULL
) ENGINE=InnoDB DEFAULT CHARSET=utf8mb4;

--
-- Dumping data for table `zones`
--

INSERT INTO `zones` (`id`, `provinces`, `name`, `name_th`, `start_pickup`, `end_pickup`, `pickup`, `dropoff`, `is_approved`, `is_deleted`, `created_at`, `updated_at`) VALUES
(1, 66, 'เกาะสิเหร่', 'เกาะสิเหร่', '08:15:00', '08:30:00', 1, 1, 1, 0, '2023-09-01 04:55:02', '2023-09-01 08:28:24'),
(2, 66, 'เมืองภูเก็ต', 'เมืองภูเก็ต', '08:15:00', '08:30:00', 1, 1, 1, 0, '2023-09-01 04:55:02', '2023-09-01 08:28:18'),
(3, 66, 'กระทู้', 'กระทู้', '00:00:00', '00:00:00', 1, 1, 1, 0, '2023-09-01 04:55:05', '2023-09-01 04:55:05'),
(4, 66, 'ฉลอง', 'ฉลอง', '00:00:00', '00:00:00', 1, 1, 1, 0, '2023-09-01 04:55:05', '2023-09-01 04:55:05'),
(5, 66, 'ถลาง', 'ถลาง', '00:00:00', '00:00:00', 1, 1, 1, 0, '2023-09-01 04:55:06', '2023-09-01 04:55:06'),
(6, 66, 'พันวา', 'พันวา', '00:00:00', '00:00:00', 1, 1, 1, 0, '2023-09-01 04:55:07', '2023-09-01 04:55:07'),
(7, 66, 'หาดในทอน', 'หาดในทอน', '07:00:00', '07:15:00', 1, 1, 1, 0, '2023-09-01 04:55:07', '2023-09-01 08:28:53'),
(8, 66, 'หาดในยาง', 'หาดในยาง', '07:00:00', '07:15:00', 1, 1, 1, 0, '2023-09-01 04:55:08', '2023-09-01 08:29:01'),
(9, 66, 'หาดในหาน', 'หาดในหาน', '07:15:00', '07:30:00', 1, 1, 1, 0, '2023-09-01 04:55:08', '2023-09-01 08:26:43'),
(10, 66, 'หาดไตรตรัง', 'หาดไตรตรัง', '07:30:00', '07:45:00', 1, 1, 1, 0, '2023-09-01 04:55:09', '2023-09-01 08:23:37'),
(11, 66, 'หาดไม้ขาว', 'หาดไม้ขาว', '07:00:00', '07:15:00', 1, 1, 1, 0, '2023-09-01 04:55:09', '2023-09-01 08:29:07'),
(12, 66, 'หาดกมลา', 'หาดกมลา', '07:15:00', '07:30:00', 1, 1, 1, 0, '2023-09-01 04:55:10', '2023-09-01 08:25:03'),
(13, 66, 'หาดกะตะ', 'หาดกะตะ', '07:00:00', '07:15:00', 1, 1, 1, 0, '2023-09-01 04:55:11', '2023-09-01 08:25:57'),
(14, 66, 'หาดกะรน', 'หาดกะรน', '07:00:00', '07:15:00', 1, 1, 1, 0, '2023-09-01 04:55:12', '2023-09-01 08:26:03'),
(15, 66, 'หาดกะหลิม', 'หาดกะหลิม', '07:30:00', '07:45:00', 1, 1, 1, 0, '2023-09-01 04:55:14', '2023-09-01 08:23:29'),
(16, 66, 'หาดบางเทา', 'หาดบางเทา', '07:00:00', '07:15:00', 1, 1, 1, 0, '2023-09-01 04:55:14', '2023-09-01 08:25:37'),
(17, 66, 'หาดป่าตอง', 'หาดป่าตอง', '07:30:00', '07:45:00', 1, 1, 1, 0, '2023-09-01 04:55:15', '2023-09-01 08:22:49'),
(18, 66, 'หาดพันวา', 'หาดพันวา', '08:00:00', '08:15:00', 1, 1, 1, 0, '2023-09-01 04:55:20', '2023-09-01 08:27:30'),
(19, 66, 'หาดราไวย์', 'หาดราไวย์', '07:15:00', '07:30:00', 1, 1, 1, 0, '2023-09-01 04:55:20', '2023-09-01 08:26:35'),
(20, 66, 'หาดลายัน', 'หาดลายัน', '00:00:00', '00:00:00', 1, 1, 1, 0, '2023-09-01 04:55:21', '2023-09-01 04:55:21'),
(21, 66, 'หาดสุรินทร์', 'หาดสุรินทร์', '07:00:00', '07:15:00', 1, 1, 1, 0, '2023-09-01 04:55:21', '2023-09-01 08:25:30');

--
-- Indexes for dumped tables
--

--
-- Indexes for table `agents`
--
ALTER TABLE `agents`
  ADD PRIMARY KEY (`id`);

--
-- Indexes for table `banks`
--
ALTER TABLE `banks`
  ADD PRIMARY KEY (`id`);

--
-- Indexes for table `bank_account`
--
ALTER TABLE `bank_account`
  ADD PRIMARY KEY (`id`);

--
-- Indexes for table `bloods`
--
ALTER TABLE `bloods`
  ADD PRIMARY KEY (`id`);

--
-- Indexes for table `boats`
--
ALTER TABLE `boats`
  ADD PRIMARY KEY (`id`);

--
-- Indexes for table `boats_type`
--
ALTER TABLE `boats_type`
  ADD PRIMARY KEY (`id`);

--
-- Indexes for table `bookings`
--
ALTER TABLE `bookings`
  ADD PRIMARY KEY (`id`);

--
-- Indexes for table `bookings_no`
--
ALTER TABLE `bookings_no`
  ADD PRIMARY KEY (`id`);

--
-- Indexes for table `booking_extra_charge`
--
ALTER TABLE `booking_extra_charge`
  ADD PRIMARY KEY (`id`);

--
-- Indexes for table `booking_order_boat`
--
ALTER TABLE `booking_order_boat`
  ADD PRIMARY KEY (`id`);

--
-- Indexes for table `booking_order_transfer`
--
ALTER TABLE `booking_order_transfer`
  ADD PRIMARY KEY (`id`);

--
-- Indexes for table `booking_paid`
--
ALTER TABLE `booking_paid`
  ADD PRIMARY KEY (`id`);

--
-- Indexes for table `booking_paid_detail`
--
ALTER TABLE `booking_paid_detail`
  ADD PRIMARY KEY (`id`);

--
-- Indexes for table `booking_payment`
--
ALTER TABLE `booking_payment`
  ADD PRIMARY KEY (`id`);

--
-- Indexes for table `booking_products`
--
ALTER TABLE `booking_products`
  ADD PRIMARY KEY (`id`);

--
-- Indexes for table `booking_product_rates`
--
ALTER TABLE `booking_product_rates`
  ADD PRIMARY KEY (`id`);

--
-- Indexes for table `booking_status`
--
ALTER TABLE `booking_status`
  ADD PRIMARY KEY (`id`);

--
-- Indexes for table `booking_transfer`
--
ALTER TABLE `booking_transfer`
  ADD PRIMARY KEY (`id`);

--
-- Indexes for table `booking_transfer_rates`
--
ALTER TABLE `booking_transfer_rates`
  ADD PRIMARY KEY (`id`);

--
-- Indexes for table `booking_type`
--
ALTER TABLE `booking_type`
  ADD PRIMARY KEY (`id`);

--
-- Indexes for table `branches`
--
ALTER TABLE `branches`
  ADD PRIMARY KEY (`id`);

--
-- Indexes for table `captains`
--
ALTER TABLE `captains`
  ADD PRIMARY KEY (`id`);

--
-- Indexes for table `cars`
--
ALTER TABLE `cars`
  ADD PRIMARY KEY (`id`);

--
-- Indexes for table `cars_category`
--
ALTER TABLE `cars_category`
  ADD PRIMARY KEY (`id`);

--
-- Indexes for table `cars_type`
--
ALTER TABLE `cars_type`
  ADD PRIMARY KEY (`id`);

--
-- Indexes for table `category_items`
--
ALTER TABLE `category_items`
  ADD PRIMARY KEY (`id`);

--
-- Indexes for table `colors`
--
ALTER TABLE `colors`
  ADD PRIMARY KEY (`id`);

--
-- Indexes for table `companies`
--
ALTER TABLE `companies`
  ADD PRIMARY KEY (`id`);

--
-- Indexes for table `companies_type`
--
ALTER TABLE `companies_type`
  ADD PRIMARY KEY (`id`);

--
-- Indexes for table `company_rate`
--
ALTER TABLE `company_rate`
  ADD PRIMARY KEY (`id`);

--
-- Indexes for table `country`
--
ALTER TABLE `country`
  ADD PRIMARY KEY (`id`);

--
-- Indexes for table `crews`
--
ALTER TABLE `crews`
  ADD PRIMARY KEY (`id`);

--
-- Indexes for table `currencys`
--
ALTER TABLE `currencys`
  ADD PRIMARY KEY (`id`);

--
-- Indexes for table `customers`
--
ALTER TABLE `customers`
  ADD PRIMARY KEY (`id`);

--
-- Indexes for table `days`
--
ALTER TABLE `days`
  ADD PRIMARY KEY (`id`);

--
-- Indexes for table `department`
--
ALTER TABLE `department`
  ADD PRIMARY KEY (`id`);

--
-- Indexes for table `drivers`
--
ALTER TABLE `drivers`
  ADD PRIMARY KEY (`id`);

--
-- Indexes for table `drivers_assistant`
--
ALTER TABLE `drivers_assistant`
  ADD PRIMARY KEY (`id`);

--
-- Indexes for table `extra_charges`
--
ALTER TABLE `extra_charges`
  ADD PRIMARY KEY (`id`);

--
-- Indexes for table `guides`
--
ALTER TABLE `guides`
  ADD PRIMARY KEY (`id`);

--
-- Indexes for table `guide_language`
--
ALTER TABLE `guide_language`
  ADD PRIMARY KEY (`id`);

--
-- Indexes for table `history_booking`
--
ALTER TABLE `history_booking`
  ADD PRIMARY KEY (`id`);

--
-- Indexes for table `history_type`
--
ALTER TABLE `history_type`
  ADD PRIMARY KEY (`id`);

--
-- Indexes for table `hotel`
--
ALTER TABLE `hotel`
  ADD PRIMARY KEY (`id`);

--
-- Indexes for table `invoices`
--
ALTER TABLE `invoices`
  ADD PRIMARY KEY (`id`);

--
-- Indexes for table `invoice_cover`
--
ALTER TABLE `invoice_cover`
  ADD PRIMARY KEY (`id`);

--
-- Indexes for table `languages`
--
ALTER TABLE `languages`
  ADD PRIMARY KEY (`id`);

--
-- Indexes for table `login`
--
ALTER TABLE `login`
  ADD PRIMARY KEY (`id`);

--
-- Indexes for table `nationalitys`
--
ALTER TABLE `nationalitys`
  ADD PRIMARY KEY (`id`);

--
-- Indexes for table `order_boat`
--
ALTER TABLE `order_boat`
  ADD PRIMARY KEY (`id`);

--
-- Indexes for table `order_transfer`
--
ALTER TABLE `order_transfer`
  ADD PRIMARY KEY (`id`);

--
-- Indexes for table `park`
--
ALTER TABLE `park`
  ADD PRIMARY KEY (`id`);

--
-- Indexes for table `payments_type`
--
ALTER TABLE `payments_type`
  ADD PRIMARY KEY (`id`);

--
-- Indexes for table `permissions`
--
ALTER TABLE `permissions`
  ADD PRIMARY KEY (`id`);

--
-- Indexes for table `permission_role`
--
ALTER TABLE `permission_role`
  ADD PRIMARY KEY (`id`);

--
-- Indexes for table `permission_user`
--
ALTER TABLE `permission_user`
  ADD PRIMARY KEY (`id`);

--
-- Indexes for table `place`
--
ALTER TABLE `place`
  ADD PRIMARY KEY (`id`);

--
-- Indexes for table `products`
--
ALTER TABLE `products`
  ADD PRIMARY KEY (`id`);

--
-- Indexes for table `products_category_items`
--
ALTER TABLE `products_category_items`
  ADD PRIMARY KEY (`id`);

--
-- Indexes for table `products_day`
--
ALTER TABLE `products_day`
  ADD PRIMARY KEY (`id`);

--
-- Indexes for table `products_file`
--
ALTER TABLE `products_file`
  ADD PRIMARY KEY (`id`);

--
-- Indexes for table `products_itinerary`
--
ALTER TABLE `products_itinerary`
  ADD PRIMARY KEY (`id`);

--
-- Indexes for table `products_photo`
--
ALTER TABLE `products_photo`
  ADD PRIMARY KEY (`id`);

--
-- Indexes for table `products_type`
--
ALTER TABLE `products_type`
  ADD PRIMARY KEY (`id`);

--
-- Indexes for table `product_allotments`
--
ALTER TABLE `product_allotments`
  ADD PRIMARY KEY (`id`);

--
-- Indexes for table `product_category`
--
ALTER TABLE `product_category`
  ADD PRIMARY KEY (`id`);

--
-- Indexes for table `product_periods`
--
ALTER TABLE `product_periods`
  ADD PRIMARY KEY (`id`);

--
-- Indexes for table `product_rates`
--
ALTER TABLE `product_rates`
  ADD PRIMARY KEY (`id`);

--
-- Indexes for table `provinces`
--
ALTER TABLE `provinces`
  ADD PRIMARY KEY (`id`);

--
-- Indexes for table `quotations`
--
ALTER TABLE `quotations`
  ADD PRIMARY KEY (`id`);

--
-- Indexes for table `receipts`
--
ALTER TABLE `receipts`
  ADD PRIMARY KEY (`id`);

--
-- Indexes for table `review_tours`
--
ALTER TABLE `review_tours`
  ADD PRIMARY KEY (`id`);

--
-- Indexes for table `roles`
--
ALTER TABLE `roles`
  ADD PRIMARY KEY (`id`);

--
-- Indexes for table `staff`
--
ALTER TABLE `staff`
  ADD PRIMARY KEY (`id`);

--
-- Indexes for table `users`
--
ALTER TABLE `users`
  ADD PRIMARY KEY (`id`);

--
-- Indexes for table `vat_type`
--
ALTER TABLE `vat_type`
  ADD PRIMARY KEY (`id`);

--
-- Indexes for table `vouchers_no`
--
ALTER TABLE `vouchers_no`
  ADD PRIMARY KEY (`id`);

--
-- Indexes for table `zones`
--
ALTER TABLE `zones`
  ADD PRIMARY KEY (`id`);

--
-- AUTO_INCREMENT for dumped tables
--

--
-- AUTO_INCREMENT for table `agents`
--
ALTER TABLE `agents`
  MODIFY `id` int(11) NOT NULL AUTO_INCREMENT;

--
-- AUTO_INCREMENT for table `banks`
--
ALTER TABLE `banks`
  MODIFY `id` int(11) NOT NULL AUTO_INCREMENT, AUTO_INCREMENT=5;

--
-- AUTO_INCREMENT for table `bank_account`
--
ALTER TABLE `bank_account`
  MODIFY `id` int(11) NOT NULL AUTO_INCREMENT, AUTO_INCREMENT=2;

--
-- AUTO_INCREMENT for table `bloods`
--
ALTER TABLE `bloods`
  MODIFY `id` int(11) NOT NULL AUTO_INCREMENT, AUTO_INCREMENT=5;

--
-- AUTO_INCREMENT for table `boats`
--
ALTER TABLE `boats`
  MODIFY `id` int(11) NOT NULL AUTO_INCREMENT, AUTO_INCREMENT=28;

--
-- AUTO_INCREMENT for table `boats_type`
--
ALTER TABLE `boats_type`
  MODIFY `id` int(11) NOT NULL AUTO_INCREMENT;

--
-- AUTO_INCREMENT for table `bookings`
--
ALTER TABLE `bookings`
  MODIFY `id` int(11) NOT NULL AUTO_INCREMENT, AUTO_INCREMENT=172;

--
-- AUTO_INCREMENT for table `bookings_no`
--
ALTER TABLE `bookings_no`
  MODIFY `id` int(11) NOT NULL AUTO_INCREMENT, AUTO_INCREMENT=172;

--
-- AUTO_INCREMENT for table `booking_extra_charge`
--
ALTER TABLE `booking_extra_charge`
  MODIFY `id` int(11) NOT NULL AUTO_INCREMENT, AUTO_INCREMENT=87;

--
-- AUTO_INCREMENT for table `booking_order_boat`
--
ALTER TABLE `booking_order_boat`
  MODIFY `id` int(11) NOT NULL AUTO_INCREMENT, AUTO_INCREMENT=11;

--
-- AUTO_INCREMENT for table `booking_order_transfer`
--
ALTER TABLE `booking_order_transfer`
  MODIFY `id` int(11) NOT NULL AUTO_INCREMENT, AUTO_INCREMENT=31;

--
-- AUTO_INCREMENT for table `booking_paid`
--
ALTER TABLE `booking_paid`
  MODIFY `id` int(11) NOT NULL AUTO_INCREMENT, AUTO_INCREMENT=183;

--
-- AUTO_INCREMENT for table `booking_paid_detail`
--
ALTER TABLE `booking_paid_detail`
  MODIFY `id` int(11) NOT NULL AUTO_INCREMENT;

--
-- AUTO_INCREMENT for table `booking_payment`
--
ALTER TABLE `booking_payment`
  MODIFY `id` int(11) NOT NULL AUTO_INCREMENT, AUTO_INCREMENT=7;

--
-- AUTO_INCREMENT for table `booking_products`
--
ALTER TABLE `booking_products`
  MODIFY `id` int(11) NOT NULL AUTO_INCREMENT, AUTO_INCREMENT=172;

--
-- AUTO_INCREMENT for table `booking_product_rates`
--
ALTER TABLE `booking_product_rates`
  MODIFY `id` int(11) NOT NULL AUTO_INCREMENT, AUTO_INCREMENT=144;

--
-- AUTO_INCREMENT for table `booking_status`
--
ALTER TABLE `booking_status`
  MODIFY `id` int(11) NOT NULL AUTO_INCREMENT, AUTO_INCREMENT=6;

--
-- AUTO_INCREMENT for table `booking_transfer`
--
ALTER TABLE `booking_transfer`
  MODIFY `id` int(11) NOT NULL AUTO_INCREMENT, AUTO_INCREMENT=170;

--
-- AUTO_INCREMENT for table `booking_transfer_rates`
--
ALTER TABLE `booking_transfer_rates`
  MODIFY `id` int(11) NOT NULL AUTO_INCREMENT, AUTO_INCREMENT=172;

--
-- AUTO_INCREMENT for table `booking_type`
--
ALTER TABLE `booking_type`
  MODIFY `id` int(11) NOT NULL AUTO_INCREMENT, AUTO_INCREMENT=3;

--
-- AUTO_INCREMENT for table `branches`
--
ALTER TABLE `branches`
  MODIFY `id` int(11) NOT NULL AUTO_INCREMENT;

--
-- AUTO_INCREMENT for table `captains`
--
ALTER TABLE `captains`
  MODIFY `id` int(11) NOT NULL AUTO_INCREMENT, AUTO_INCREMENT=5;

--
-- AUTO_INCREMENT for table `cars`
--
ALTER TABLE `cars`
  MODIFY `id` int(11) NOT NULL AUTO_INCREMENT, AUTO_INCREMENT=14;

--
-- AUTO_INCREMENT for table `cars_category`
--
ALTER TABLE `cars_category`
  MODIFY `id` int(11) NOT NULL AUTO_INCREMENT, AUTO_INCREMENT=2;

--
-- AUTO_INCREMENT for table `cars_type`
--
ALTER TABLE `cars_type`
  MODIFY `id` int(11) NOT NULL AUTO_INCREMENT;

--
-- AUTO_INCREMENT for table `category_items`
--
ALTER TABLE `category_items`
  MODIFY `id` int(11) NOT NULL AUTO_INCREMENT, AUTO_INCREMENT=7;

--
-- AUTO_INCREMENT for table `colors`
--
ALTER TABLE `colors`
  MODIFY `id` int(11) NOT NULL AUTO_INCREMENT, AUTO_INCREMENT=11;

--
-- AUTO_INCREMENT for table `companies`
--
ALTER TABLE `companies`
  MODIFY `id` int(11) NOT NULL AUTO_INCREMENT, AUTO_INCREMENT=202;

--
-- AUTO_INCREMENT for table `companies_type`
--
ALTER TABLE `companies_type`
  MODIFY `id` int(11) NOT NULL AUTO_INCREMENT, AUTO_INCREMENT=4;

--
-- AUTO_INCREMENT for table `company_rate`
--
ALTER TABLE `company_rate`
  MODIFY `id` int(11) NOT NULL AUTO_INCREMENT, AUTO_INCREMENT=13;

--
-- AUTO_INCREMENT for table `country`
--
ALTER TABLE `country`
  MODIFY `id` int(11) NOT NULL AUTO_INCREMENT, AUTO_INCREMENT=251;

--
-- AUTO_INCREMENT for table `crews`
--
ALTER TABLE `crews`
  MODIFY `id` int(11) NOT NULL AUTO_INCREMENT, AUTO_INCREMENT=6;

--
-- AUTO_INCREMENT for table `currencys`
--
ALTER TABLE `currencys`
  MODIFY `id` int(11) NOT NULL AUTO_INCREMENT, AUTO_INCREMENT=5;

--
-- AUTO_INCREMENT for table `customers`
--
ALTER TABLE `customers`
  MODIFY `id` int(11) NOT NULL AUTO_INCREMENT, AUTO_INCREMENT=183;

--
-- AUTO_INCREMENT for table `days`
--
ALTER TABLE `days`
  MODIFY `id` int(11) NOT NULL AUTO_INCREMENT, AUTO_INCREMENT=8;

--
-- AUTO_INCREMENT for table `department`
--
ALTER TABLE `department`
  MODIFY `id` int(11) NOT NULL AUTO_INCREMENT, AUTO_INCREMENT=5;

--
-- AUTO_INCREMENT for table `drivers`
--
ALTER TABLE `drivers`
  MODIFY `id` int(11) NOT NULL AUTO_INCREMENT, AUTO_INCREMENT=11;

--
-- AUTO_INCREMENT for table `drivers_assistant`
--
ALTER TABLE `drivers_assistant`
  MODIFY `id` int(11) NOT NULL AUTO_INCREMENT;

--
-- AUTO_INCREMENT for table `extra_charges`
--
ALTER TABLE `extra_charges`
  MODIFY `id` int(11) NOT NULL AUTO_INCREMENT, AUTO_INCREMENT=14;

--
-- AUTO_INCREMENT for table `guides`
--
ALTER TABLE `guides`
  MODIFY `id` int(11) NOT NULL AUTO_INCREMENT, AUTO_INCREMENT=18;

--
-- AUTO_INCREMENT for table `guide_language`
--
ALTER TABLE `guide_language`
  MODIFY `id` int(11) NOT NULL AUTO_INCREMENT, AUTO_INCREMENT=41;

--
-- AUTO_INCREMENT for table `history_booking`
--
ALTER TABLE `history_booking`
  MODIFY `id` int(11) NOT NULL AUTO_INCREMENT;

--
-- AUTO_INCREMENT for table `history_type`
--
ALTER TABLE `history_type`
  MODIFY `id` int(11) NOT NULL AUTO_INCREMENT, AUTO_INCREMENT=4;

--
-- AUTO_INCREMENT for table `hotel`
--
ALTER TABLE `hotel`
  MODIFY `id` int(11) NOT NULL AUTO_INCREMENT, AUTO_INCREMENT=458;

--
-- AUTO_INCREMENT for table `invoices`
--
ALTER TABLE `invoices`
  MODIFY `id` int(11) NOT NULL AUTO_INCREMENT, AUTO_INCREMENT=8;

--
-- AUTO_INCREMENT for table `invoice_cover`
--
ALTER TABLE `invoice_cover`
  MODIFY `id` int(11) NOT NULL AUTO_INCREMENT, AUTO_INCREMENT=3;

--
-- AUTO_INCREMENT for table `languages`
--
ALTER TABLE `languages`
  MODIFY `id` int(11) NOT NULL AUTO_INCREMENT, AUTO_INCREMENT=5;

--
-- AUTO_INCREMENT for table `login`
--
ALTER TABLE `login`
  MODIFY `id` int(11) NOT NULL AUTO_INCREMENT, AUTO_INCREMENT=9;

--
-- AUTO_INCREMENT for table `nationalitys`
--
ALTER TABLE `nationalitys`
  MODIFY `id` int(11) NOT NULL AUTO_INCREMENT, AUTO_INCREMENT=243;

--
-- AUTO_INCREMENT for table `order_boat`
--
ALTER TABLE `order_boat`
  MODIFY `id` int(11) NOT NULL AUTO_INCREMENT, AUTO_INCREMENT=3;

--
-- AUTO_INCREMENT for table `order_transfer`
--
ALTER TABLE `order_transfer`
  MODIFY `id` int(11) NOT NULL AUTO_INCREMENT, AUTO_INCREMENT=10;

--
-- AUTO_INCREMENT for table `park`
--
ALTER TABLE `park`
  MODIFY `id` int(11) NOT NULL AUTO_INCREMENT;

--
-- AUTO_INCREMENT for table `payments_type`
--
ALTER TABLE `payments_type`
  MODIFY `id` int(11) NOT NULL AUTO_INCREMENT, AUTO_INCREMENT=9;

--
-- AUTO_INCREMENT for table `permissions`
--
ALTER TABLE `permissions`
  MODIFY `id` int(11) NOT NULL AUTO_INCREMENT, AUTO_INCREMENT=6;

--
-- AUTO_INCREMENT for table `permission_role`
--
ALTER TABLE `permission_role`
  MODIFY `id` int(11) NOT NULL AUTO_INCREMENT;

--
-- AUTO_INCREMENT for table `permission_user`
--
ALTER TABLE `permission_user`
  MODIFY `id` int(11) NOT NULL AUTO_INCREMENT;

--
-- AUTO_INCREMENT for table `place`
--
ALTER TABLE `place`
  MODIFY `id` int(11) NOT NULL AUTO_INCREMENT, AUTO_INCREMENT=70;

--
-- AUTO_INCREMENT for table `products`
--
ALTER TABLE `products`
  MODIFY `id` int(11) NOT NULL AUTO_INCREMENT, AUTO_INCREMENT=13;

--
-- AUTO_INCREMENT for table `products_category_items`
--
ALTER TABLE `products_category_items`
  MODIFY `id` int(11) NOT NULL AUTO_INCREMENT, AUTO_INCREMENT=12;

--
-- AUTO_INCREMENT for table `products_day`
--
ALTER TABLE `products_day`
  MODIFY `id` int(11) NOT NULL AUTO_INCREMENT, AUTO_INCREMENT=78;

--
-- AUTO_INCREMENT for table `products_file`
--
ALTER TABLE `products_file`
  MODIFY `id` int(11) NOT NULL AUTO_INCREMENT;

--
-- AUTO_INCREMENT for table `products_itinerary`
--
ALTER TABLE `products_itinerary`
  MODIFY `id` int(11) NOT NULL AUTO_INCREMENT, AUTO_INCREMENT=12;

--
-- AUTO_INCREMENT for table `products_photo`
--
ALTER TABLE `products_photo`
  MODIFY `id` int(11) NOT NULL AUTO_INCREMENT;

--
-- AUTO_INCREMENT for table `products_type`
--
ALTER TABLE `products_type`
  MODIFY `id` int(11) NOT NULL AUTO_INCREMENT, AUTO_INCREMENT=2;

--
-- AUTO_INCREMENT for table `product_allotments`
--
ALTER TABLE `product_allotments`
  MODIFY `id` int(11) NOT NULL AUTO_INCREMENT, AUTO_INCREMENT=13;

--
-- AUTO_INCREMENT for table `product_category`
--
ALTER TABLE `product_category`
  MODIFY `id` int(11) NOT NULL AUTO_INCREMENT, AUTO_INCREMENT=17;

--
-- AUTO_INCREMENT for table `product_periods`
--
ALTER TABLE `product_periods`
  MODIFY `id` int(11) NOT NULL AUTO_INCREMENT, AUTO_INCREMENT=16;

--
-- AUTO_INCREMENT for table `product_rates`
--
ALTER TABLE `product_rates`
  MODIFY `id` int(11) NOT NULL AUTO_INCREMENT, AUTO_INCREMENT=13;

--
-- AUTO_INCREMENT for table `provinces`
--
ALTER TABLE `provinces`
  MODIFY `id` int(11) NOT NULL AUTO_INCREMENT, AUTO_INCREMENT=78;

--
-- AUTO_INCREMENT for table `quotations`
--
ALTER TABLE `quotations`
  MODIFY `id` int(11) NOT NULL AUTO_INCREMENT;

--
-- AUTO_INCREMENT for table `receipts`
--
ALTER TABLE `receipts`
  MODIFY `id` int(11) NOT NULL AUTO_INCREMENT, AUTO_INCREMENT=3;

--
-- AUTO_INCREMENT for table `review_tours`
--
ALTER TABLE `review_tours`
  MODIFY `id` int(11) NOT NULL AUTO_INCREMENT;

--
-- AUTO_INCREMENT for table `roles`
--
ALTER TABLE `roles`
  MODIFY `id` int(11) NOT NULL AUTO_INCREMENT, AUTO_INCREMENT=5;

--
-- AUTO_INCREMENT for table `staff`
--
ALTER TABLE `staff`
  MODIFY `id` int(11) NOT NULL AUTO_INCREMENT;

--
-- AUTO_INCREMENT for table `users`
--
ALTER TABLE `users`
  MODIFY `id` int(11) NOT NULL AUTO_INCREMENT, AUTO_INCREMENT=9;

--
-- AUTO_INCREMENT for table `vat_type`
--
ALTER TABLE `vat_type`
  MODIFY `id` int(11) NOT NULL AUTO_INCREMENT, AUTO_INCREMENT=3;

--
-- AUTO_INCREMENT for table `vouchers_no`
--
ALTER TABLE `vouchers_no`
  MODIFY `id` int(11) NOT NULL AUTO_INCREMENT;

--
-- AUTO_INCREMENT for table `zones`
--
ALTER TABLE `zones`
  MODIFY `id` int(11) NOT NULL AUTO_INCREMENT, AUTO_INCREMENT=22;
COMMIT;

/*!40101 SET CHARACTER_SET_CLIENT=@OLD_CHARACTER_SET_CLIENT */;
/*!40101 SET CHARACTER_SET_RESULTS=@OLD_CHARACTER_SET_RESULTS */;
/*!40101 SET COLLATION_CONNECTION=@OLD_COLLATION_CONNECTION */;
